location_id,business_date
L0001,2025-01-01
L0001,2025-01-02
L0001,2025-01-03
L0001,2025-01-04
L0001,2025-01-05
L0001,2025-01-06
L0001,2025-01-07
L0001,2025-01-08
L0001,2025-01-09
L0001,2025-01-10
L0001,2025-01-11
L0001,2025-01-12
L0001,2025-01-13
L0001,2025-01-14
L0001,2025-01-15
L0001,2025-01-16
L0001,2025-01-17
L0001,2025-01-18
L0001,2025-01-19
L0001,2025-01-20
L0001,2025-01-21
L0001,2025-01-22
L0001,2025-01-23
L0001,2025-01-24
L0001,2025-01-25
L0001,2025-01-26
L0001,2025-01-27
L0001,2025-01-28
L0001,2025-01-29
L0001,2025-01-30
L0001,2025-01-31
L0001,2025-02-01
L0001,2025-02-02
L0001,2025-02-03
L0001,2025-02-04
L0001,2025-02-05
L0001,2025-02-06
L0001,2025-02-07
L0001,2025-02-08
L0001,2025-02-09
L0001,2025-02-10
L0001,2025-02-11
L0001,2025-02-12
L0001,2025-02-13
L0001,2025-02-14
L0001,2025-02-15
L0001,2025-02-16
L0001,2025-02-17
L0001,2025-02-18
L0001,2025-02-19
L0001,2025-02-20
L0001,2025-02-21
L0001,2025-02-22
L0001,2025-02-23
L0001,2025-02-24
L0001,2025-02-25
L0001,2025-02-26
L0001,2025-02-27
L0001,2025-02-28
L0001,2025-03-01
L0001,2025-03-02
L0001,2025-03-03
L0001,2025-03-04
L0001,2025-03-05
L0001,2025-03-06
L0001,2025-03-07
L0001,2025-03-08
L0001,2025-03-09
L0001,2025-03-10
L0001,2025-03-11
L0001,2025-03-12
L0001,2025-03-13
L0001,2025-03-14
L0001,2025-03-15
L0001,2025-03-16
L0001,2025-03-17
L0001,2025-03-18
L0001,2025-03-19
L0001,2025-03-20
L0001,2025-03-21
L0001,2025-03-22
L0001,2025-03-23
L0001,2025-03-24
L0001,2025-03-25
L0001,2025-03-26
L0001,2025-03-27
L0001,2025-03-28
L0001,2025-03-29
L0001,2025-03-30
L0001,2025-03-31
L0001,2025-04-01
L0001,2025-04-02
L0001,2025-04-03
L0001,2025-04-04
L0001,2025-04-05
L0001,2025-04-06
L0001,2025-04-07
L0001,2025-04-08
L0001,2025-04-09
L0001,2025-04-10
L0001,2025-04-11
L0001,2025-04-12
L0001,2025-04-13
L0001,2025-04-14
L0001,2025-04-15
L0001,2025-04-16
L0001,2025-04-17
L0001,2025-04-18
L0001,2025-04-19
L0001,2025-04-20
L0001,2025-04-21
L0001,2025-04-22
L0001,2025-04-23
L0001,2025-04-24
L0001,2025-04-25
L0001,2025-04-26
L0001,2025-04-27
L0001,2025-04-28
L0001,2025-04-29
L0001,2025-04-30
L0001,2025-05-01
L0001,2025-05-02
L0001,2025-05-03
L0001,2025-05-04
L0001,2025-05-05
L0001,2025-05-06
L0001,2025-05-07
L0001,2025-05-08
L0001,2025-05-09
L0001,2025-05-10
L0001,2025-05-11
L0001,2025-05-12
L0001,2025-05-13
L0001,2025-05-14
L0001,2025-05-15
L0001,2025-05-16
L0001,2025-05-17
L0001,2025-05-18
L0001,2025-05-19
L0001,2025-05-20
L0001,2025-05-21
L0001,2025-05-22
L0001,2025-05-23
L0001,2025-05-24
L0001,2025-05-25
L0001,2025-05-26
L0001,2025-05-27
L0001,2025-05-28
L0001,2025-05-29
L0001,2025-05-30
L0001,2025-05-31
L0001,2025-06-01
L0001,2025-06-02
L0001,2025-06-03
L0001,2025-06-04
L0001,2025-06-05
L0001,2025-06-06
L0001,2025-06-07
L0001,2025-06-08
L0001,2025-06-09
L0001,2025-06-10
L0001,2025-06-11
L0001,2025-06-12
L0001,2025-06-13
L0001,2025-06-14
L0001,2025-06-15
L0001,2025-06-16
L0001,2025-06-17
L0001,2025-06-18
L0001,2025-06-19
L0001,2025-06-20
L0001,2025-06-21
L0001,2025-06-22
L0001,2025-06-23
L0001,2025-06-24
L0001,2025-06-25
L0001,2025-06-26
L0001,2025-06-27
L0001,2025-06-28
L0001,2025-06-29
L0002,2025-01-01
L0002,2025-01-02
L0002,2025-01-03
L0002,2025-01-04
L0002,2025-01-05
L0002,2025-01-06
L0002,2025-01-07
L0002,2025-01-08
L0002,2025-01-09
L0002,2025-01-10
L0002,2025-01-11
L0002,2025-01-12
L0002,2025-01-13
L0002,2025-01-14
L0002,2025-01-15
L0002,2025-01-16
L0002,2025-01-17
L0002,2025-01-18
L0002,2025-01-19
L0002,2025-01-20
L0002,2025-01-21
L0002,2025-01-22
L0002,2025-01-23
L0002,2025-01-24
L0002,2025-01-25
L0002,2025-01-26
L0002,2025-01-27
L0002,2025-01-28
L0002,2025-01-29
L0002,2025-01-30
L0002,2025-01-31
L0002,2025-02-01
L0002,2025-02-02
L0002,2025-02-03
L0002,2025-02-04
L0002,2025-02-05
L0002,2025-02-06
L0002,2025-02-07
L0002,2025-02-08
L0002,2025-02-09
L0002,2025-02-10
L0002,2025-02-11
L0002,2025-02-12
L0002,2025-02-13
L0002,2025-02-14
L0002,2025-02-15
L0002,2025-02-16
L0002,2025-02-17
L0002,2025-02-18
L0002,2025-02-19
L0002,2025-02-20
L0002,2025-02-21
L0002,2025-02-22
L0002,2025-02-23
L0002,2025-02-24
L0002,2025-02-25
L0002,2025-02-26
L0002,2025-02-27
L0002,2025-02-28
L0002,2025-03-01
L0002,2025-03-02
L0002,2025-03-03
L0002,2025-03-04
L0002,2025-03-05
L0002,2025-03-06
L0002,2025-03-07
L0002,2025-03-08
L0002,2025-03-09
L0002,2025-03-10
L0002,2025-03-11
L0002,2025-03-12
L0002,2025-03-13
L0002,2025-03-14
L0002,2025-03-15
L0002,2025-03-16
L0002,2025-03-17
L0002,2025-03-18
L0002,2025-03-19
L0002,2025-03-20
L0002,2025-03-21
L0002,2025-03-22
L0002,2025-03-23
L0002,2025-03-24
L0002,2025-03-25
L0002,2025-03-26
L0002,2025-03-27
L0002,2025-03-28
L0002,2025-03-29
L0002,2025-03-30
L0002,2025-03-31
L0002,2025-04-01
L0002,2025-04-02
L0002,2025-04-03
L0002,2025-04-04
L0002,2025-04-05
L0002,2025-04-06
L0002,2025-04-07
L0002,2025-04-08
L0002,2025-04-09
L0002,2025-04-10
L0002,2025-04-11
L0002,2025-04-12
L0002,2025-04-13
L0002,2025-04-14
L0002,2025-04-15
L0002,2025-04-16
L0002,2025-04-17
L0002,2025-04-18
L0002,2025-04-19
L0002,2025-04-20
L0002,2025-04-21
L0002,2025-04-22
L0002,2025-04-23
L0002,2025-04-24
L0002,2025-04-25
L0002,2025-04-26
L0002,2025-04-27
L0002,2025-04-28
L0002,2025-04-29
L0002,2025-04-30
L0002,2025-05-01
L0002,2025-05-02
L0002,2025-05-03
L0002,2025-05-04
L0002,2025-05-05
L0002,2025-05-06
L0002,2025-05-07
L0002,2025-05-08
L0002,2025-05-09
L0002,2025-05-10
L0002,2025-05-11
L0002,2025-05-12
L0002,2025-05-13
L0002,2025-05-14
L0002,2025-05-15
L0002,2025-05-16
L0002,2025-05-17
L0002,2025-05-18
L0002,2025-05-19
L0002,2025-05-20
L0002,2025-05-21
L0002,2025-05-22
L0002,2025-05-23
L0002,2025-05-24
L0002,2025-05-25
L0002,2025-05-26
L0002,2025-05-27
L0002,2025-05-28
L0002,2025-05-29
L0002,2025-05-30
L0002,2025-05-31
L0002,2025-06-01
L0002,2025-06-02
L0002,2025-06-03
L0002,2025-06-04
L0002,2025-06-05
L0002,2025-06-06
L0002,2025-06-07
L0002,2025-06-08
L0002,2025-06-09
L0002,2025-06-10
L0002,2025-06-11
L0002,2025-06-12
L0002,2025-06-13
L0002,2025-06-14
L0002,2025-06-15
L0002,2025-06-16
L0002,2025-06-17
L0002,2025-06-18
L0002,2025-06-19
L0002,2025-06-20
L0002,2025-06-21
L0002,2025-06-22
L0002,2025-06-23
L0002,2025-06-24
L0002,2025-06-25
L0002,2025-06-26
L0002,2025-06-27
L0002,2025-06-28
L0002,2025-06-29
L0003,2025-01-01
L0003,2025-01-02
L0003,2025-01-03
L0003,2025-01-04
L0003,2025-01-05
L0003,2025-01-06
L0003,2025-01-07
L0003,2025-01-08
L0003,2025-01-09
L0003,2025-01-10
L0003,2025-01-11
L0003,2025-01-12
L0003,2025-01-13
L0003,2025-01-14
L0003,2025-01-15
L0003,2025-01-16
L0003,2025-01-17
L0003,2025-01-18
L0003,2025-01-19
L0003,2025-01-20
L0003,2025-01-21
L0003,2025-01-22
L0003,2025-01-23
L0003,2025-01-24
L0003,2025-01-25
L0003,2025-01-26
L0003,2025-01-27
L0003,2025-01-28
L0003,2025-01-29
L0003,2025-01-30
L0003,2025-01-31
L0003,2025-02-01
L0003,2025-02-02
L0003,2025-02-03
L0003,2025-02-04
L0003,2025-02-05
L0003,2025-02-06
L0003,2025-02-07
L0003,2025-02-08
L0003,2025-02-09
L0003,2025-02-10
L0003,2025-02-11
L0003,2025-02-12
L0003,2025-02-13
L0003,2025-02-14
L0003,2025-02-15
L0003,2025-02-16
L0003,2025-02-17
L0003,2025-02-18
L0003,2025-02-19
L0003,2025-02-20
L0003,2025-02-21
L0003,2025-02-22
L0003,2025-02-23
L0003,2025-02-24
L0003,2025-02-25
L0003,2025-02-26
L0003,2025-02-27
L0003,2025-02-28
L0003,2025-03-01
L0003,2025-03-02
L0003,2025-03-03
L0003,2025-03-04
L0003,2025-03-05
L0003,2025-03-06
L0003,2025-03-07
L0003,2025-03-08
L0003,2025-03-09
L0003,2025-03-10
L0003,2025-03-11
L0003,2025-03-12
L0003,2025-03-13
L0003,2025-03-14
L0003,2025-03-15
L0003,2025-03-16
L0003,2025-03-17
L0003,2025-03-18
L0003,2025-03-19
L0003,2025-03-20
L0003,2025-03-21
L0003,2025-03-22
L0003,2025-03-23
L0003,2025-03-24
L0003,2025-03-25
L0003,2025-03-26
L0003,2025-03-27
L0003,2025-03-28
L0003,2025-03-29
L0003,2025-03-30
L0003,2025-03-31
L0003,2025-04-01
L0003,2025-04-02
L0003,2025-04-03
L0003,2025-04-04
L0003,2025-04-05
L0003,2025-04-06
L0003,2025-04-07
L0003,2025-04-08
L0003,2025-04-09
L0003,2025-04-10
L0003,2025-04-11
L0003,2025-04-12
L0003,2025-04-13
L0003,2025-04-14
L0003,2025-04-15
L0003,2025-04-16
L0003,2025-04-17
L0003,2025-04-18
L0003,2025-04-19
L0003,2025-04-20
L0003,2025-04-21
L0003,2025-04-22
L0003,2025-04-23
L0003,2025-04-24
L0003,2025-04-25
L0003,2025-04-26
L0003,2025-04-27
L0003,2025-04-28
L0003,2025-04-29
L0003,2025-04-30
L0003,2025-05-01
L0003,2025-05-02
L0003,2025-05-03
L0003,2025-05-04
L0003,2025-05-05
L0003,2025-05-06
L0003,2025-05-07
L0003,2025-05-08
L0003,2025-05-09
L0003,2025-05-10
L0003,2025-05-11
L0003,2025-05-12
L0003,2025-05-13
L0003,2025-05-14
L0003,2025-05-15
L0003,2025-05-16
L0003,2025-05-17
L0003,2025-05-18
L0003,2025-05-19
L0003,2025-05-20
L0003,2025-05-21
L0003,2025-05-22
L0003,2025-05-23
L0003,2025-05-24
L0003,2025-05-25
L0003,2025-05-26
L0003,2025-05-27
L0003,2025-05-28
L0003,2025-05-29
L0003,2025-05-30
L0003,2025-05-31
L0003,2025-06-01
L0003,2025-06-02
L0003,2025-06-03
L0003,2025-06-04
L0003,2025-06-05
L0003,2025-06-06
L0003,2025-06-07
L0003,2025-06-08
L0003,2025-06-09
L0003,2025-06-10
L0003,2025-06-11
L0003,2025-06-12
L0003,2025-06-13
L0003,2025-06-14
L0003,2025-06-15
L0003,2025-06-16
L0003,2025-06-17
L0003,2025-06-18
L0003,2025-06-19
L0003,2025-06-20
L0003,2025-06-21
L0003,2025-06-22
L0003,2025-06-23
L0003,2025-06-24
L0003,2025-06-25
L0003,2025-06-26
L0003,2025-06-27
L0003,2025-06-28
L0003,2025-06-29
L0004,2025-01-01
L0004,2025-01-02
L0004,2025-01-03
L0004,2025-01-04
L0004,2025-01-05
L0004,2025-01-06
L0004,2025-01-07
L0004,2025-01-08
L0004,2025-01-09
L0004,2025-01-10
L0004,2025-01-11
L0004,2025-01-12
L0004,2025-01-13
L0004,2025-01-14
L0004,2025-01-15
L0004,2025-01-16
L0004,2025-01-17
L0004,2025-01-18
L0004,2025-01-19
L0004,2025-01-20
L0004,2025-01-21
L0004,2025-01-22
L0004,2025-01-23
L0004,2025-01-24
L0004,2025-01-25
L0004,2025-01-26
L0004,2025-01-27
L0004,2025-01-28
L0004,2025-01-29
L0004,2025-01-30
L0004,2025-01-31
L0004,2025-02-01
L0004,2025-02-02
L0004,2025-02-03
L0004,2025-02-04
L0004,2025-02-05
L0004,2025-02-06
L0004,2025-02-07
L0004,2025-02-08
L0004,2025-02-09
L0004,2025-02-10
L0004,2025-02-11
L0004,2025-02-12
L0004,2025-02-13
L0004,2025-02-14
L0004,2025-02-15
L0004,2025-02-16
L0004,2025-02-17
L0004,2025-02-18
L0004,2025-02-19
L0004,2025-02-20
L0004,2025-02-21
L0004,2025-02-22
L0004,2025-02-23
L0004,2025-02-24
L0004,2025-02-25
L0004,2025-02-26
L0004,2025-02-27
L0004,2025-02-28
L0004,2025-03-01
L0004,2025-03-02
L0004,2025-03-03
L0004,2025-03-04
L0004,2025-03-05
L0004,2025-03-06
L0004,2025-03-07
L0004,2025-03-08
L0004,2025-03-09
L0004,2025-03-10
L0004,2025-03-11
L0004,2025-03-12
L0004,2025-03-13
L0004,2025-03-14
L0004,2025-03-15
L0004,2025-03-16
L0004,2025-03-17
L0004,2025-03-18
L0004,2025-03-19
L0004,2025-03-20
L0004,2025-03-21
L0004,2025-03-22
L0004,2025-03-23
L0004,2025-03-24
L0004,2025-03-25
L0004,2025-03-26
L0004,2025-03-27
L0004,2025-03-28
L0004,2025-03-29
L0004,2025-03-30
L0004,2025-03-31
L0004,2025-04-01
L0004,2025-04-02
L0004,2025-04-03
L0004,2025-04-04
L0004,2025-04-05
L0004,2025-04-06
L0004,2025-04-07
L0004,2025-04-08
L0004,2025-04-09
L0004,2025-04-10
L0004,2025-04-11
L0004,2025-04-12
L0004,2025-04-13
L0004,2025-04-14
L0004,2025-04-15
L0004,2025-04-16
L0004,2025-04-17
L0004,2025-04-18
L0004,2025-04-19
L0004,2025-04-20
L0004,2025-04-21
L0004,2025-04-22
L0004,2025-04-23
L0004,2025-04-24
L0004,2025-04-25
L0004,2025-04-26
L0004,2025-04-27
L0004,2025-04-28
L0004,2025-04-29
L0004,2025-04-30
L0004,2025-05-01
L0004,2025-05-02
L0004,2025-05-03
L0004,2025-05-04
L0004,2025-05-05
L0004,2025-05-06
L0004,2025-05-07
L0004,2025-05-08
L0004,2025-05-09
L0004,2025-05-10
L0004,2025-05-11
L0004,2025-05-12
L0004,2025-05-13
L0004,2025-05-14
L0004,2025-05-15
L0004,2025-05-16
L0004,2025-05-17
L0004,2025-05-18
L0004,2025-05-19
L0004,2025-05-20
L0004,2025-05-21
L0004,2025-05-22
L0004,2025-05-23
L0004,2025-05-24
L0004,2025-05-25
L0004,2025-05-26
L0004,2025-05-27
L0004,2025-05-28
L0004,2025-05-29
L0004,2025-05-30
L0004,2025-05-31
L0004,2025-06-01
L0004,2025-06-02
L0004,2025-06-03
L0004,2025-06-04
L0004,2025-06-05
L0004,2025-06-06
L0004,2025-06-07
L0004,2025-06-08
L0004,2025-06-09
L0004,2025-06-10
L0004,2025-06-11
L0004,2025-06-12
L0004,2025-06-13
L0004,2025-06-14
L0004,2025-06-15
L0004,2025-06-16
L0004,2025-06-17
L0004,2025-06-18
L0004,2025-06-19
L0004,2025-06-20
L0004,2025-06-21
L0004,2025-06-22
L0004,2025-06-23
L0004,2025-06-24
L0004,2025-06-25
L0004,2025-06-26
L0004,2025-06-27
L0004,2025-06-28
L0004,2025-06-29
L0005,2025-01-01
L0005,2025-01-02
L0005,2025-01-03
L0005,2025-01-04
L0005,2025-01-05
L0005,2025-01-06
L0005,2025-01-07
L0005,2025-01-08
L0005,2025-01-09
L0005,2025-01-10
L0005,2025-01-11
L0005,2025-01-12
L0005,2025-01-13
L0005,2025-01-14
L0005,2025-01-15
L0005,2025-01-16
L0005,2025-01-17
L0005,2025-01-18
L0005,2025-01-19
L0005,2025-01-20
L0005,2025-01-21
L0005,2025-01-22
L0005,2025-01-23
L0005,2025-01-24
L0005,2025-01-25
L0005,2025-01-26
L0005,2025-01-27
L0005,2025-01-28
L0005,2025-01-29
L0005,2025-01-30
L0005,2025-01-31
L0005,2025-02-01
L0005,2025-02-02
L0005,2025-02-03
L0005,2025-02-04
L0005,2025-02-05
L0005,2025-02-06
L0005,2025-02-07
L0005,2025-02-08
L0005,2025-02-09
L0005,2025-02-10
L0005,2025-02-11
L0005,2025-02-12
L0005,2025-02-13
L0005,2025-02-14
L0005,2025-02-15
L0005,2025-02-16
L0005,2025-02-17
L0005,2025-02-18
L0005,2025-02-19
L0005,2025-02-20
L0005,2025-02-21
L0005,2025-02-22
L0005,2025-02-23
L0005,2025-02-24
L0005,2025-02-25
L0005,2025-02-26
L0005,2025-02-27
L0005,2025-02-28
L0005,2025-03-01
L0005,2025-03-02
L0005,2025-03-03
L0005,2025-03-04
L0005,2025-03-05
L0005,2025-03-06
L0005,2025-03-07
L0005,2025-03-08
L0005,2025-03-09
L0005,2025-03-10
L0005,2025-03-11
L0005,2025-03-12
L0005,2025-03-13
L0005,2025-03-14
L0005,2025-03-15
L0005,2025-03-16
L0005,2025-03-17
L0005,2025-03-18
L0005,2025-03-19
L0005,2025-03-20
L0005,2025-03-21
L0005,2025-03-22
L0005,2025-03-23
L0005,2025-03-24
L0005,2025-03-25
L0005,2025-03-26
L0005,2025-03-27
L0005,2025-03-28
L0005,2025-03-29
L0005,2025-03-30
L0005,2025-03-31
L0005,2025-04-01
L0005,2025-04-02
L0005,2025-04-03
L0005,2025-04-04
L0005,2025-04-05
L0005,2025-04-06
L0005,2025-04-07
L0005,2025-04-08
L0005,2025-04-09
L0005,2025-04-10
L0005,2025-04-11
L0005,2025-04-12
L0005,2025-04-13
L0005,2025-04-14
L0005,2025-04-15
L0005,2025-04-16
L0005,2025-04-17
L0005,2025-04-18
L0005,2025-04-19
L0005,2025-04-20
L0005,2025-04-21
L0005,2025-04-22
L0005,2025-04-23
L0005,2025-04-24
L0005,2025-04-25
L0005,2025-04-26
L0005,2025-04-27
L0005,2025-04-28
L0005,2025-04-29
L0005,2025-04-30
L0005,2025-05-01
L0005,2025-05-02
L0005,2025-05-03
L0005,2025-05-04
L0005,2025-05-05
L0005,2025-05-06
L0005,2025-05-07
L0005,2025-05-08
L0005,2025-05-09
L0005,2025-05-10
L0005,2025-05-11
L0005,2025-05-12
L0005,2025-05-13
L0005,2025-05-14
L0005,2025-05-15
L0005,2025-05-16
L0005,2025-05-17
L0005,2025-05-18
L0005,2025-05-19
L0005,2025-05-20
L0005,2025-05-21
L0005,2025-05-22
L0005,2025-05-23
L0005,2025-05-24
L0005,2025-05-25
L0005,2025-05-26
L0005,2025-05-27
L0005,2025-05-28
L0005,2025-05-29
L0005,2025-05-30
L0005,2025-05-31
L0005,2025-06-01
L0005,2025-06-02
L0005,2025-06-03
L0005,2025-06-04
L0005,2025-06-05
L0005,2025-06-06
L0005,2025-06-07
L0005,2025-06-08
L0005,2025-06-09
L0005,2025-06-10
L0005,2025-06-11
L0005,2025-06-12
L0005,2025-06-13
L0005,2025-06-14
L0005,2025-06-15
L0005,2025-06-16
L0005,2025-06-17
L0005,2025-06-18
L0005,2025-06-19
L0005,2025-06-20
L0005,2025-06-21
L0005,2025-06-22
L0005,2025-06-23
L0005,2025-06-24
L0005,2025-06-25
L0005,2025-06-26
L0005,2025-06-27
L0005,2025-06-28
L0005,2025-06-29
L0006,2025-01-01
L0006,2025-01-02
L0006,2025-01-03
L0006,2025-01-04
L0006,2025-01-05
L0006,2025-01-06
L0006,2025-01-07
L0006,2025-01-08
L0006,2025-01-09
L0006,2025-01-10
L0006,2025-01-11
L0006,2025-01-12
L0006,2025-01-13
L0006,2025-01-14
L0006,2025-01-15
L0006,2025-01-16
L0006,2025-01-17
L0006,2025-01-18
L0006,2025-01-19
L0006,2025-01-20
L0006,2025-01-21
L0006,2025-01-22
L0006,2025-01-23
L0006,2025-01-24
L0006,2025-01-25
L0006,2025-01-26
L0006,2025-01-27
L0006,2025-01-28
L0006,2025-01-29
L0006,2025-01-30
L0006,2025-01-31
L0006,2025-02-01
L0006,2025-02-02
L0006,2025-02-03
L0006,2025-02-04
L0006,2025-02-05
L0006,2025-02-06
L0006,2025-02-07
L0006,2025-02-08
L0006,2025-02-09
L0006,2025-02-10
L0006,2025-02-11
L0006,2025-02-12
L0006,2025-02-13
L0006,2025-02-14
L0006,2025-02-15
L0006,2025-02-16
L0006,2025-02-17
L0006,2025-02-18
L0006,2025-02-19
L0006,2025-02-20
L0006,2025-02-21
L0006,2025-02-22
L0006,2025-02-23
L0006,2025-02-24
L0006,2025-02-25
L0006,2025-02-26
L0006,2025-02-27
L0006,2025-02-28
L0006,2025-03-01
L0006,2025-03-02
L0006,2025-03-03
L0006,2025-03-04
L0006,2025-03-05
L0006,2025-03-06
L0006,2025-03-07
L0006,2025-03-08
L0006,2025-03-09
L0006,2025-03-10
L0006,2025-03-11
L0006,2025-03-12
L0006,2025-03-13
L0006,2025-03-14
L0006,2025-03-15
L0006,2025-03-16
L0006,2025-03-17
L0006,2025-03-18
L0006,2025-03-19
L0006,2025-03-20
L0006,2025-03-21
L0006,2025-03-22
L0006,2025-03-23
L0006,2025-03-24
L0006,2025-03-25
L0006,2025-03-26
L0006,2025-03-27
L0006,2025-03-28
L0006,2025-03-29
L0006,2025-03-30
L0006,2025-03-31
L0006,2025-04-01
L0006,2025-04-02
L0006,2025-04-03
L0006,2025-04-04
L0006,2025-04-05
L0006,2025-04-06
L0006,2025-04-07
L0006,2025-04-08
L0006,2025-04-09
L0006,2025-04-10
L0006,2025-04-11
L0006,2025-04-12
L0006,2025-04-13
L0006,2025-04-14
L0006,2025-04-15
L0006,2025-04-16
L0006,2025-04-17
L0006,2025-04-18
L0006,2025-04-19
L0006,2025-04-20
L0006,2025-04-21
L0006,2025-04-22
L0006,2025-04-23
L0006,2025-04-24
L0006,2025-04-25
L0006,2025-04-26
L0006,2025-04-27
L0006,2025-04-28
L0006,2025-04-29
L0006,2025-04-30
L0006,2025-05-01
L0006,2025-05-02
L0006,2025-05-03
L0006,2025-05-04
L0006,2025-05-05
L0006,2025-05-06
L0006,2025-05-07
L0006,2025-05-08
L0006,2025-05-09
L0006,2025-05-10
L0006,2025-05-11
L0006,2025-05-12
L0006,2025-05-13
L0006,2025-05-14
L0006,2025-05-15
L0006,2025-05-16
L0006,2025-05-17
L0006,2025-05-18
L0006,2025-05-19
L0006,2025-05-20
L0006,2025-05-21
L0006,2025-05-22
L0006,2025-05-23
L0006,2025-05-24
L0006,2025-05-25
L0006,2025-05-26
L0006,2025-05-27
L0006,2025-05-28
L0006,2025-05-29
L0006,2025-05-30
L0006,2025-05-31
L0006,2025-06-01
L0006,2025-06-02
L0006,2025-06-03
L0006,2025-06-04
L0006,2025-06-05
L0006,2025-06-06
L0006,2025-06-07
L0006,2025-06-08
L0006,2025-06-09
L0006,2025-06-10
L0006,2025-06-11
L0006,2025-06-12
L0006,2025-06-13
L0006,2025-06-14
L0006,2025-06-15
L0006,2025-06-16
L0006,2025-06-17
L0006,2025-06-18
L0006,2025-06-19
L0006,2025-06-20
L0006,2025-06-21
L0006,2025-06-22
L0006,2025-06-23
L0006,2025-06-24
L0006,2025-06-25
L0006,2025-06-26
L0006,2025-06-27
L0006,2025-06-28
L0006,2025-06-29
L0007,2025-01-01
L0007,2025-01-02
L0007,2025-01-03
L0007,2025-01-04
L0007,2025-01-05
L0007,2025-01-06
L0007,2025-01-07
L0007,2025-01-08
L0007,2025-01-09
L0007,2025-01-10
L0007,2025-01-11
L0007,2025-01-12
L0007,2025-01-13
L0007,2025-01-14
L0007,2025-01-15
L0007,2025-01-16
L0007,2025-01-17
L0007,2025-01-18
L0007,2025-01-19
L0007,2025-01-20
L0007,2025-01-21
L0007,2025-01-22
L0007,2025-01-23
L0007,2025-01-24
L0007,2025-01-25
L0007,2025-01-26
L0007,2025-01-27
L0007,2025-01-28
L0007,2025-01-29
L0007,2025-01-30
L0007,2025-01-31
L0007,2025-02-01
L0007,2025-02-02
L0007,2025-02-03
L0007,2025-02-04
L0007,2025-02-05
L0007,2025-02-06
L0007,2025-02-07
L0007,2025-02-08
L0007,2025-02-09
L0007,2025-02-10
L0007,2025-02-11
L0007,2025-02-12
L0007,2025-02-13
L0007,2025-02-14
L0007,2025-02-15
L0007,2025-02-16
L0007,2025-02-17
L0007,2025-02-18
L0007,2025-02-19
L0007,2025-02-20
L0007,2025-02-21
L0007,2025-02-22
L0007,2025-02-23
L0007,2025-02-24
L0007,2025-02-25
L0007,2025-02-26
L0007,2025-02-27
L0007,2025-02-28
L0007,2025-03-01
L0007,2025-03-02
L0007,2025-03-03
L0007,2025-03-04
L0007,2025-03-05
L0007,2025-03-06
L0007,2025-03-07
L0007,2025-03-08
L0007,2025-03-09
L0007,2025-03-10
L0007,2025-03-11
L0007,2025-03-12
L0007,2025-03-13
L0007,2025-03-14
L0007,2025-03-15
L0007,2025-03-16
L0007,2025-03-17
L0007,2025-03-18
L0007,2025-03-19
L0007,2025-03-20
L0007,2025-03-21
L0007,2025-03-22
L0007,2025-03-23
L0007,2025-03-24
L0007,2025-03-25
L0007,2025-03-26
L0007,2025-03-27
L0007,2025-03-28
L0007,2025-03-29
L0007,2025-03-30
L0007,2025-03-31
L0007,2025-04-01
L0007,2025-04-02
L0007,2025-04-03
L0007,2025-04-04
L0007,2025-04-05
L0007,2025-04-06
L0007,2025-04-07
L0007,2025-04-08
L0007,2025-04-09
L0007,2025-04-10
L0007,2025-04-11
L0007,2025-04-12
L0007,2025-04-13
L0007,2025-04-14
L0007,2025-04-15
L0007,2025-04-16
L0007,2025-04-17
L0007,2025-04-18
L0007,2025-04-19
L0007,2025-04-20
L0007,2025-04-21
L0007,2025-04-22
L0007,2025-04-23
L0007,2025-04-24
L0007,2025-04-25
L0007,2025-04-26
L0007,2025-04-27
L0007,2025-04-28
L0007,2025-04-29
L0007,2025-04-30
L0007,2025-05-01
L0007,2025-05-02
L0007,2025-05-03
L0007,2025-05-04
L0007,2025-05-05
L0007,2025-05-06
L0007,2025-05-07
L0007,2025-05-08
L0007,2025-05-09
L0007,2025-05-10
L0007,2025-05-11
L0007,2025-05-12
L0007,2025-05-13
L0007,2025-05-14
L0007,2025-05-15
L0007,2025-05-16
L0007,2025-05-17
L0007,2025-05-18
L0007,2025-05-19
L0007,2025-05-20
L0007,2025-05-21
L0007,2025-05-22
L0007,2025-05-23
L0007,2025-05-24
L0007,2025-05-25
L0007,2025-05-26
L0007,2025-05-27
L0007,2025-05-28
L0007,2025-05-29
L0007,2025-05-30
L0007,2025-05-31
L0007,2025-06-01
L0007,2025-06-02
L0007,2025-06-03
L0007,2025-06-04
L0007,2025-06-05
L0007,2025-06-06
L0007,2025-06-07
L0007,2025-06-08
L0007,2025-06-09
L0007,2025-06-10
L0007,2025-06-11
L0007,2025-06-12
L0007,2025-06-13
L0007,2025-06-14
L0007,2025-06-15
L0007,2025-06-16
L0007,2025-06-17
L0007,2025-06-18
L0007,2025-06-19
L0007,2025-06-20
L0007,2025-06-21
L0007,2025-06-22
L0007,2025-06-23
L0007,2025-06-24
L0007,2025-06-25
L0007,2025-06-26
L0007,2025-06-27
L0007,2025-06-28
L0007,2025-06-29
L0008,2025-01-01
L0008,2025-01-02
L0008,2025-01-03
L0008,2025-01-04
L0008,2025-01-05
L0008,2025-01-06
L0008,2025-01-07
L0008,2025-01-08
L0008,2025-01-09
L0008,2025-01-10
L0008,2025-01-11
L0008,2025-01-12
L0008,2025-01-13
L0008,2025-01-14
L0008,2025-01-15
L0008,2025-01-16
L0008,2025-01-17
L0008,2025-01-18
L0008,2025-01-19
L0008,2025-01-20
L0008,2025-01-21
L0008,2025-01-22
L0008,2025-01-23
L0008,2025-01-24
L0008,2025-01-25
L0008,2025-01-26
L0008,2025-01-27
L0008,2025-01-28
L0008,2025-01-29
L0008,2025-01-30
L0008,2025-01-31
L0008,2025-02-01
L0008,2025-02-02
L0008,2025-02-03
L0008,2025-02-04
L0008,2025-02-05
L0008,2025-02-06
L0008,2025-02-07
L0008,2025-02-08
L0008,2025-02-09
L0008,2025-02-10
L0008,2025-02-11
L0008,2025-02-12
L0008,2025-02-13
L0008,2025-02-14
L0008,2025-02-15
L0008,2025-02-16
L0008,2025-02-17
L0008,2025-02-18
L0008,2025-02-19
L0008,2025-02-20
L0008,2025-02-21
L0008,2025-02-22
L0008,2025-02-23
L0008,2025-02-24
L0008,2025-02-25
L0008,2025-02-26
L0008,2025-02-27
L0008,2025-02-28
L0008,2025-03-01
L0008,2025-03-02
L0008,2025-03-03
L0008,2025-03-04
L0008,2025-03-05
L0008,2025-03-06
L0008,2025-03-07
L0008,2025-03-08
L0008,2025-03-09
L0008,2025-03-10
L0008,2025-03-11
L0008,2025-03-12
L0008,2025-03-13
L0008,2025-03-14
L0008,2025-03-15
L0008,2025-03-16
L0008,2025-03-17
L0008,2025-03-18
L0008,2025-03-19
L0008,2025-03-20
L0008,2025-03-21
L0008,2025-03-22
L0008,2025-03-23
L0008,2025-03-24
L0008,2025-03-25
L0008,2025-03-26
L0008,2025-03-27
L0008,2025-03-28
L0008,2025-03-29
L0008,2025-03-30
L0008,2025-03-31
L0008,2025-04-01
L0008,2025-04-02
L0008,2025-04-03
L0008,2025-04-04
L0008,2025-04-05
L0008,2025-04-06
L0008,2025-04-07
L0008,2025-04-08
L0008,2025-04-09
L0008,2025-04-10
L0008,2025-04-11
L0008,2025-04-12
L0008,2025-04-13
L0008,2025-04-14
L0008,2025-04-15
L0008,2025-04-16
L0008,2025-04-17
L0008,2025-04-18
L0008,2025-04-19
L0008,2025-04-20
L0008,2025-04-21
L0008,2025-04-22
L0008,2025-04-23
L0008,2025-04-24
L0008,2025-04-25
L0008,2025-04-26
L0008,2025-04-27
L0008,2025-04-28
L0008,2025-04-29
L0008,2025-04-30
L0008,2025-05-01
L0008,2025-05-02
L0008,2025-05-03
L0008,2025-05-04
L0008,2025-05-05
L0008,2025-05-06
L0008,2025-05-07
L0008,2025-05-08
L0008,2025-05-09
L0008,2025-05-10
L0008,2025-05-11
L0008,2025-05-12
L0008,2025-05-13
L0008,2025-05-14
L0008,2025-05-15
L0008,2025-05-16
L0008,2025-05-17
L0008,2025-05-18
L0008,2025-05-19
L0008,2025-05-20
L0008,2025-05-21
L0008,2025-05-22
L0008,2025-05-23
L0008,2025-05-24
L0008,2025-05-25
L0008,2025-05-26
L0008,2025-05-27
L0008,2025-05-28
L0008,2025-05-29
L0008,2025-05-30
L0008,2025-05-31
L0008,2025-06-01
L0008,2025-06-02
L0008,2025-06-03
L0008,2025-06-04
L0008,2025-06-05
L0008,2025-06-06
L0008,2025-06-07
L0008,2025-06-08
L0008,2025-06-09
L0008,2025-06-10
L0008,2025-06-11
L0008,2025-06-12
L0008,2025-06-13
L0008,2025-06-14
L0008,2025-06-15
L0008,2025-06-16
L0008,2025-06-17
L0008,2025-06-18
L0008,2025-06-19
L0008,2025-06-20
L0008,2025-06-21
L0008,2025-06-22
L0008,2025-06-23
L0008,2025-06-24
L0008,2025-06-25
L0008,2025-06-26
L0008,2025-06-27
L0008,2025-06-28
L0008,2025-06-29
L0009,2025-01-01
L0009,2025-01-02
L0009,2025-01-03
L0009,2025-01-04
L0009,2025-01-05
L0009,2025-01-06
L0009,2025-01-07
L0009,2025-01-08
L0009,2025-01-09
L0009,2025-01-10
L0009,2025-01-11
L0009,2025-01-12
L0009,2025-01-13
L0009,2025-01-14
L0009,2025-01-15
L0009,2025-01-16
L0009,2025-01-17
L0009,2025-01-18
L0009,2025-01-19
L0009,2025-01-20
L0009,2025-01-21
L0009,2025-01-22
L0009,2025-01-23
L0009,2025-01-24
L0009,2025-01-25
L0009,2025-01-26
L0009,2025-01-27
L0009,2025-01-28
L0009,2025-01-29
L0009,2025-01-30
L0009,2025-01-31
L0009,2025-02-01
L0009,2025-02-02
L0009,2025-02-03
L0009,2025-02-04
L0009,2025-02-05
L0009,2025-02-06
L0009,2025-02-07
L0009,2025-02-08
L0009,2025-02-09
L0009,2025-02-10
L0009,2025-02-11
L0009,2025-02-12
L0009,2025-02-13
L0009,2025-02-14
L0009,2025-02-15
L0009,2025-02-16
L0009,2025-02-17
L0009,2025-02-18
L0009,2025-02-19
L0009,2025-02-20
L0009,2025-02-21
L0009,2025-02-22
L0009,2025-02-23
L0009,2025-02-24
L0009,2025-02-25
L0009,2025-02-26
L0009,2025-02-27
L0009,2025-02-28
L0009,2025-03-01
L0009,2025-03-02
L0009,2025-03-03
L0009,2025-03-04
L0009,2025-03-05
L0009,2025-03-06
L0009,2025-03-07
L0009,2025-03-08
L0009,2025-03-09
L0009,2025-03-10
L0009,2025-03-11
L0009,2025-03-12
L0009,2025-03-13
L0009,2025-03-14
L0009,2025-03-15
L0009,2025-03-16
L0009,2025-03-17
L0009,2025-03-18
L0009,2025-03-19
L0009,2025-03-20
L0009,2025-03-21
L0009,2025-03-22
L0009,2025-03-23
L0009,2025-03-24
L0009,2025-03-25
L0009,2025-03-26
L0009,2025-03-27
L0009,2025-03-28
L0009,2025-03-29
L0009,2025-03-30
L0009,2025-03-31
L0009,2025-04-01
L0009,2025-04-02
L0009,2025-04-03
L0009,2025-04-04
L0009,2025-04-05
L0009,2025-04-06
L0009,2025-04-07
L0009,2025-04-08
L0009,2025-04-09
L0009,2025-04-10
L0009,2025-04-11
L0009,2025-04-12
L0009,2025-04-13
L0009,2025-04-14
L0009,2025-04-15
L0009,2025-04-16
L0009,2025-04-17
L0009,2025-04-18
L0009,2025-04-19
L0009,2025-04-20
L0009,2025-04-21
L0009,2025-04-22
L0009,2025-04-23
L0009,2025-04-24
L0009,2025-04-25
L0009,2025-04-26
L0009,2025-04-27
L0009,2025-04-28
L0009,2025-04-29
L0009,2025-04-30
L0009,2025-05-01
L0009,2025-05-02
L0009,2025-05-03
L0009,2025-05-04
L0009,2025-05-05
L0009,2025-05-06
L0009,2025-05-07
L0009,2025-05-08
L0009,2025-05-09
L0009,2025-05-10
L0009,2025-05-11
L0009,2025-05-12
L0009,2025-05-13
L0009,2025-05-14
L0009,2025-05-15
L0009,2025-05-16
L0009,2025-05-17
L0009,2025-05-18
L0009,2025-05-19
L0009,2025-05-20
L0009,2025-05-21
L0009,2025-05-22
L0009,2025-05-23
L0009,2025-05-24
L0009,2025-05-25
L0009,2025-05-26
L0009,2025-05-27
L0009,2025-05-28
L0009,2025-05-29
L0009,2025-05-30
L0009,2025-05-31
L0009,2025-06-01
L0009,2025-06-02
L0009,2025-06-03
L0009,2025-06-04
L0009,2025-06-05
L0009,2025-06-06
L0009,2025-06-07
L0009,2025-06-08
L0009,2025-06-09
L0009,2025-06-10
L0009,2025-06-11
L0009,2025-06-12
L0009,2025-06-13
L0009,2025-06-14
L0009,2025-06-15
L0009,2025-06-16
L0009,2025-06-17
L0009,2025-06-18
L0009,2025-06-19
L0009,2025-06-20
L0009,2025-06-21
L0009,2025-06-22
L0009,2025-06-23
L0009,2025-06-24
L0009,2025-06-25
L0009,2025-06-26
L0009,2025-06-27
L0009,2025-06-28
L0009,2025-06-29
L0010,2025-01-01
L0010,2025-01-02
L0010,2025-01-03
L0010,2025-01-04
L0010,2025-01-05
L0010,2025-01-06
L0010,2025-01-07
L0010,2025-01-08
L0010,2025-01-09
L0010,2025-01-10
L0010,2025-01-11
L0010,2025-01-12
L0010,2025-01-13
L0010,2025-01-14
L0010,2025-01-15
L0010,2025-01-16
L0010,2025-01-17
L0010,2025-01-18
L0010,2025-01-19
L0010,2025-01-20
L0010,2025-01-21
L0010,2025-01-22
L0010,2025-01-23
L0010,2025-01-24
L0010,2025-01-25
L0010,2025-01-26
L0010,2025-01-27
L0010,2025-01-28
L0010,2025-01-29
L0010,2025-01-30
L0010,2025-01-31
L0010,2025-02-01
L0010,2025-02-02
L0010,2025-02-03
L0010,2025-02-04
L0010,2025-02-05
L0010,2025-02-06
L0010,2025-02-07
L0010,2025-02-08
L0010,2025-02-09
L0010,2025-02-10
L0010,2025-02-11
L0010,2025-02-12
L0010,2025-02-13
L0010,2025-02-14
L0010,2025-02-15
L0010,2025-02-16
L0010,2025-02-17
L0010,2025-02-18
L0010,2025-02-19
L0010,2025-02-20
L0010,2025-02-21
L0010,2025-02-22
L0010,2025-02-23
L0010,2025-02-24
L0010,2025-02-25
L0010,2025-02-26
L0010,2025-02-27
L0010,2025-02-28
L0010,2025-03-01
L0010,2025-03-02
L0010,2025-03-03
L0010,2025-03-04
L0010,2025-03-05
L0010,2025-03-06
L0010,2025-03-07
L0010,2025-03-08
L0010,2025-03-09
L0010,2025-03-10
L0010,2025-03-11
L0010,2025-03-12
L0010,2025-03-13
L0010,2025-03-14
L0010,2025-03-15
L0010,2025-03-16
L0010,2025-03-17
L0010,2025-03-18
L0010,2025-03-19
L0010,2025-03-20
L0010,2025-03-21
L0010,2025-03-22
L0010,2025-03-23
L0010,2025-03-24
L0010,2025-03-25
L0010,2025-03-26
L0010,2025-03-27
L0010,2025-03-28
L0010,2025-03-29
L0010,2025-03-30
L0010,2025-03-31
L0010,2025-04-01
L0010,2025-04-02
L0010,2025-04-03
L0010,2025-04-04
L0010,2025-04-05
L0010,2025-04-06
L0010,2025-04-07
L0010,2025-04-08
L0010,2025-04-09
L0010,2025-04-10
L0010,2025-04-11
L0010,2025-04-12
L0010,2025-04-13
L0010,2025-04-14
L0010,2025-04-15
L0010,2025-04-16
L0010,2025-04-17
L0010,2025-04-18
L0010,2025-04-19
L0010,2025-04-20
L0010,2025-04-21
L0010,2025-04-22
L0010,2025-04-23
L0010,2025-04-24
L0010,2025-04-25
L0010,2025-04-26
L0010,2025-04-27
L0010,2025-04-28
L0010,2025-04-29
L0010,2025-04-30
L0010,2025-05-01
L0010,2025-05-02
L0010,2025-05-03
L0010,2025-05-04
L0010,2025-05-05
L0010,2025-05-06
L0010,2025-05-07
L0010,2025-05-08
L0010,2025-05-09
L0010,2025-05-10
L0010,2025-05-11
L0010,2025-05-12
L0010,2025-05-13
L0010,2025-05-14
L0010,2025-05-15
L0010,2025-05-16
L0010,2025-05-17
L0010,2025-05-18
L0010,2025-05-19
L0010,2025-05-20
L0010,2025-05-21
L0010,2025-05-22
L0010,2025-05-23
L0010,2025-05-24
L0010,2025-05-25
L0010,2025-05-26
L0010,2025-05-27
L0010,2025-05-28
L0010,2025-05-29
L0010,2025-05-30
L0010,2025-05-31
L0010,2025-06-01
L0010,2025-06-02
L0010,2025-06-03
L0010,2025-06-04
L0010,2025-06-05
L0010,2025-06-06
L0010,2025-06-07
L0010,2025-06-08
L0010,2025-06-09
L0010,2025-06-10
L0010,2025-06-11
L0010,2025-06-12
L0010,2025-06-13
L0010,2025-06-14
L0010,2025-06-15
L0010,2025-06-16
L0010,2025-06-17
L0010,2025-06-18
L0010,2025-06-19
L0010,2025-06-20
L0010,2025-06-21
L0010,2025-06-22
L0010,2025-06-23
L0010,2025-06-24
L0010,2025-06-25
L0010,2025-06-26
L0010,2025-06-27
L0010,2025-06-28
L0010,2025-06-29
L0011,2025-01-01
L0011,2025-01-02
L0011,2025-01-03
L0011,2025-01-04
L0011,2025-01-05
L0011,2025-01-06
L0011,2025-01-07
L0011,2025-01-08
L0011,2025-01-09
L0011,2025-01-10
L0011,2025-01-11
L0011,2025-01-12
L0011,2025-01-13
L0011,2025-01-14
L0011,2025-01-15
L0011,2025-01-16
L0011,2025-01-17
L0011,2025-01-18
L0011,2025-01-19
L0011,2025-01-20
L0011,2025-01-21
L0011,2025-01-22
L0011,2025-01-23
L0011,2025-01-24
L0011,2025-01-25
L0011,2025-01-26
L0011,2025-01-27
L0011,2025-01-28
L0011,2025-01-29
L0011,2025-01-30
L0011,2025-01-31
L0011,2025-02-01
L0011,2025-02-02
L0011,2025-02-03
L0011,2025-02-04
L0011,2025-02-05
L0011,2025-02-06
L0011,2025-02-07
L0011,2025-02-08
L0011,2025-02-09
L0011,2025-02-10
L0011,2025-02-11
L0011,2025-02-12
L0011,2025-02-13
L0011,2025-02-14
L0011,2025-02-15
L0011,2025-02-16
L0011,2025-02-17
L0011,2025-02-18
L0011,2025-02-19
L0011,2025-02-20
L0011,2025-02-21
L0011,2025-02-22
L0011,2025-02-23
L0011,2025-02-24
L0011,2025-02-25
L0011,2025-02-26
L0011,2025-02-27
L0011,2025-02-28
L0011,2025-03-01
L0011,2025-03-02
L0011,2025-03-03
L0011,2025-03-04
L0011,2025-03-05
L0011,2025-03-06
L0011,2025-03-07
L0011,2025-03-08
L0011,2025-03-09
L0011,2025-03-10
L0011,2025-03-11
L0011,2025-03-12
L0011,2025-03-13
L0011,2025-03-14
L0011,2025-03-15
L0011,2025-03-16
L0011,2025-03-17
L0011,2025-03-18
L0011,2025-03-19
L0011,2025-03-20
L0011,2025-03-21
L0011,2025-03-22
L0011,2025-03-23
L0011,2025-03-24
L0011,2025-03-25
L0011,2025-03-26
L0011,2025-03-27
L0011,2025-03-28
L0011,2025-03-29
L0011,2025-03-30
L0011,2025-03-31
L0011,2025-04-01
L0011,2025-04-02
L0011,2025-04-03
L0011,2025-04-04
L0011,2025-04-05
L0011,2025-04-06
L0011,2025-04-07
L0011,2025-04-08
L0011,2025-04-09
L0011,2025-04-10
L0011,2025-04-11
L0011,2025-04-12
L0011,2025-04-13
L0011,2025-04-14
L0011,2025-04-15
L0011,2025-04-16
L0011,2025-04-17
L0011,2025-04-18
L0011,2025-04-19
L0011,2025-04-20
L0011,2025-04-21
L0011,2025-04-22
L0011,2025-04-23
L0011,2025-04-24
L0011,2025-04-25
L0011,2025-04-26
L0011,2025-04-27
L0011,2025-04-28
L0011,2025-04-29
L0011,2025-04-30
L0011,2025-05-01
L0011,2025-05-02
L0011,2025-05-03
L0011,2025-05-04
L0011,2025-05-05
L0011,2025-05-06
L0011,2025-05-07
L0011,2025-05-08
L0011,2025-05-09
L0011,2025-05-10
L0011,2025-05-11
L0011,2025-05-12
L0011,2025-05-13
L0011,2025-05-14
L0011,2025-05-15
L0011,2025-05-16
L0011,2025-05-17
L0011,2025-05-18
L0011,2025-05-19
L0011,2025-05-20
L0011,2025-05-21
L0011,2025-05-22
L0011,2025-05-23
L0011,2025-05-24
L0011,2025-05-25
L0011,2025-05-26
L0011,2025-05-27
L0011,2025-05-28
L0011,2025-05-29
L0011,2025-05-30
L0011,2025-05-31
L0011,2025-06-01
L0011,2025-06-02
L0011,2025-06-03
L0011,2025-06-04
L0011,2025-06-05
L0011,2025-06-06
L0011,2025-06-07
L0011,2025-06-08
L0011,2025-06-09
L0011,2025-06-10
L0011,2025-06-11
L0011,2025-06-12
L0011,2025-06-13
L0011,2025-06-14
L0011,2025-06-15
L0011,2025-06-16
L0011,2025-06-17
L0011,2025-06-18
L0011,2025-06-19
L0011,2025-06-20
L0011,2025-06-21
L0011,2025-06-22
L0011,2025-06-23
L0011,2025-06-24
L0011,2025-06-25
L0011,2025-06-26
L0011,2025-06-27
L0011,2025-06-28
L0011,2025-06-29
L0012,2025-01-01
L0012,2025-01-02
L0012,2025-01-03
L0012,2025-01-04
L0012,2025-01-05
L0012,2025-01-06
L0012,2025-01-07
L0012,2025-01-08
L0012,2025-01-09
L0012,2025-01-10
L0012,2025-01-11
L0012,2025-01-12
L0012,2025-01-13
L0012,2025-01-14
L0012,2025-01-15
L0012,2025-01-16
L0012,2025-01-17
L0012,2025-01-18
L0012,2025-01-19
L0012,2025-01-20
L0012,2025-01-21
L0012,2025-01-22
L0012,2025-01-23
L0012,2025-01-24
L0012,2025-01-25
L0012,2025-01-26
L0012,2025-01-27
L0012,2025-01-28
L0012,2025-01-29
L0012,2025-01-30
L0012,2025-01-31
L0012,2025-02-01
L0012,2025-02-02
L0012,2025-02-03
L0012,2025-02-04
L0012,2025-02-05
L0012,2025-02-06
L0012,2025-02-07
L0012,2025-02-08
L0012,2025-02-09
L0012,2025-02-10
L0012,2025-02-11
L0012,2025-02-12
L0012,2025-02-13
L0012,2025-02-14
L0012,2025-02-15
L0012,2025-02-16
L0012,2025-02-17
L0012,2025-02-18
L0012,2025-02-19
L0012,2025-02-20
L0012,2025-02-21
L0012,2025-02-22
L0012,2025-02-23
L0012,2025-02-24
L0012,2025-02-25
L0012,2025-02-26
L0012,2025-02-27
L0012,2025-02-28
L0012,2025-03-01
L0012,2025-03-02
L0012,2025-03-03
L0012,2025-03-04
L0012,2025-03-05
L0012,2025-03-06
L0012,2025-03-07
L0012,2025-03-08
L0012,2025-03-09
L0012,2025-03-10
L0012,2025-03-11
L0012,2025-03-12
L0012,2025-03-13
L0012,2025-03-14
L0012,2025-03-15
L0012,2025-03-16
L0012,2025-03-17
L0012,2025-03-18
L0012,2025-03-19
L0012,2025-03-20
L0012,2025-03-21
L0012,2025-03-22
L0012,2025-03-23
L0012,2025-03-24
L0012,2025-03-25
L0012,2025-03-26
L0012,2025-03-27
L0012,2025-03-28
L0012,2025-03-29
L0012,2025-03-30
L0012,2025-03-31
L0012,2025-04-01
L0012,2025-04-02
L0012,2025-04-03
L0012,2025-04-04
L0012,2025-04-05
L0012,2025-04-06
L0012,2025-04-07
L0012,2025-04-08
L0012,2025-04-09
L0012,2025-04-10
L0012,2025-04-11
L0012,2025-04-12
L0012,2025-04-13
L0012,2025-04-14
L0012,2025-04-15
L0012,2025-04-16
L0012,2025-04-17
L0012,2025-04-18
L0012,2025-04-19
L0012,2025-04-20
L0012,2025-04-21
L0012,2025-04-22
L0012,2025-04-23
L0012,2025-04-24
L0012,2025-04-25
L0012,2025-04-26
L0012,2025-04-27
L0012,2025-04-28
L0012,2025-04-29
L0012,2025-04-30
L0012,2025-05-01
L0012,2025-05-02
L0012,2025-05-03
L0012,2025-05-04
L0012,2025-05-05
L0012,2025-05-06
L0012,2025-05-07
L0012,2025-05-08
L0012,2025-05-09
L0012,2025-05-10
L0012,2025-05-11
L0012,2025-05-12
L0012,2025-05-13
L0012,2025-05-14
L0012,2025-05-15
L0012,2025-05-16
L0012,2025-05-17
L0012,2025-05-18
L0012,2025-05-19
L0012,2025-05-20
L0012,2025-05-21
L0012,2025-05-22
L0012,2025-05-23
L0012,2025-05-24
L0012,2025-05-25
L0012,2025-05-26
L0012,2025-05-27
L0012,2025-05-28
L0012,2025-05-29
L0012,2025-05-30
L0012,2025-05-31
L0012,2025-06-01
L0012,2025-06-02
L0012,2025-06-03
L0012,2025-06-04
L0012,2025-06-05
L0012,2025-06-06
L0012,2025-06-07
L0012,2025-06-08
L0012,2025-06-09
L0012,2025-06-10
L0012,2025-06-11
L0012,2025-06-12
L0012,2025-06-13
L0012,2025-06-14
L0012,2025-06-15
L0012,2025-06-16
L0012,2025-06-17
L0012,2025-06-18
L0012,2025-06-19
L0012,2025-06-20
L0012,2025-06-21
L0012,2025-06-22
L0012,2025-06-23
L0012,2025-06-24
L0012,2025-06-25
L0012,2025-06-26
L0012,2025-06-27
L0012,2025-06-28
L0012,2025-06-29
L0013,2025-01-01
L0013,2025-01-02
L0013,2025-01-03
L0013,2025-01-04
L0013,2025-01-05
L0013,2025-01-06
L0013,2025-01-07
L0013,2025-01-08
L0013,2025-01-09
L0013,2025-01-10
L0013,2025-01-11
L0013,2025-01-12
L0013,2025-01-13
L0013,2025-01-14
L0013,2025-01-15
L0013,2025-01-16
L0013,2025-01-17
L0013,2025-01-18
L0013,2025-01-19
L0013,2025-01-20
L0013,2025-01-21
L0013,2025-01-22
L0013,2025-01-23
L0013,2025-01-24
L0013,2025-01-25
L0013,2025-01-26
L0013,2025-01-27
L0013,2025-01-28
L0013,2025-01-29
L0013,2025-01-30
L0013,2025-01-31
L0013,2025-02-01
L0013,2025-02-02
L0013,2025-02-03
L0013,2025-02-04
L0013,2025-02-05
L0013,2025-02-06
L0013,2025-02-07
L0013,2025-02-08
L0013,2025-02-09
L0013,2025-02-10
L0013,2025-02-11
L0013,2025-02-12
L0013,2025-02-13
L0013,2025-02-14
L0013,2025-02-15
L0013,2025-02-16
L0013,2025-02-17
L0013,2025-02-18
L0013,2025-02-19
L0013,2025-02-20
L0013,2025-02-21
L0013,2025-02-22
L0013,2025-02-23
L0013,2025-02-24
L0013,2025-02-25
L0013,2025-02-26
L0013,2025-02-27
L0013,2025-02-28
L0013,2025-03-01
L0013,2025-03-02
L0013,2025-03-03
L0013,2025-03-04
L0013,2025-03-05
L0013,2025-03-06
L0013,2025-03-07
L0013,2025-03-08
L0013,2025-03-09
L0013,2025-03-10
L0013,2025-03-11
L0013,2025-03-12
L0013,2025-03-13
L0013,2025-03-14
L0013,2025-03-15
L0013,2025-03-16
L0013,2025-03-17
L0013,2025-03-18
L0013,2025-03-19
L0013,2025-03-20
L0013,2025-03-21
L0013,2025-03-22
L0013,2025-03-23
L0013,2025-03-24
L0013,2025-03-25
L0013,2025-03-26
L0013,2025-03-27
L0013,2025-03-28
L0013,2025-03-29
L0013,2025-03-30
L0013,2025-03-31
L0013,2025-04-01
L0013,2025-04-02
L0013,2025-04-03
L0013,2025-04-04
L0013,2025-04-05
L0013,2025-04-06
L0013,2025-04-07
L0013,2025-04-08
L0013,2025-04-09
L0013,2025-04-10
L0013,2025-04-11
L0013,2025-04-12
L0013,2025-04-13
L0013,2025-04-14
L0013,2025-04-15
L0013,2025-04-16
L0013,2025-04-17
L0013,2025-04-18
L0013,2025-04-19
L0013,2025-04-20
L0013,2025-04-21
L0013,2025-04-22
L0013,2025-04-23
L0013,2025-04-24
L0013,2025-04-25
L0013,2025-04-26
L0013,2025-04-27
L0013,2025-04-28
L0013,2025-04-29
L0013,2025-04-30
L0013,2025-05-01
L0013,2025-05-02
L0013,2025-05-03
L0013,2025-05-04
L0013,2025-05-05
L0013,2025-05-06
L0013,2025-05-07
L0013,2025-05-08
L0013,2025-05-09
L0013,2025-05-10
L0013,2025-05-11
L0013,2025-05-12
L0013,2025-05-13
L0013,2025-05-14
L0013,2025-05-15
L0013,2025-05-16
L0013,2025-05-17
L0013,2025-05-18
L0013,2025-05-19
L0013,2025-05-20
L0013,2025-05-21
L0013,2025-05-22
L0013,2025-05-23
L0013,2025-05-24
L0013,2025-05-25
L0013,2025-05-26
L0013,2025-05-27
L0013,2025-05-28
L0013,2025-05-29
L0013,2025-05-30
L0013,2025-05-31
L0013,2025-06-01
L0013,2025-06-02
L0013,2025-06-03
L0013,2025-06-04
L0013,2025-06-05
L0013,2025-06-06
L0013,2025-06-07
L0013,2025-06-08
L0013,2025-06-09
L0013,2025-06-10
L0013,2025-06-11
L0013,2025-06-12
L0013,2025-06-13
L0013,2025-06-14
L0013,2025-06-15
L0013,2025-06-16
L0013,2025-06-17
L0013,2025-06-18
L0013,2025-06-19
L0013,2025-06-20
L0013,2025-06-21
L0013,2025-06-22
L0013,2025-06-23
L0013,2025-06-24
L0013,2025-06-25
L0013,2025-06-26
L0013,2025-06-27
L0013,2025-06-28
L0013,2025-06-29
L0014,2025-01-01
L0014,2025-01-02
L0014,2025-01-03
L0014,2025-01-04
L0014,2025-01-05
L0014,2025-01-06
L0014,2025-01-07
L0014,2025-01-08
L0014,2025-01-09
L0014,2025-01-10
L0014,2025-01-11
L0014,2025-01-12
L0014,2025-01-13
L0014,2025-01-14
L0014,2025-01-15
L0014,2025-01-16
L0014,2025-01-17
L0014,2025-01-18
L0014,2025-01-19
L0014,2025-01-20
L0014,2025-01-21
L0014,2025-01-22
L0014,2025-01-23
L0014,2025-01-24
L0014,2025-01-25
L0014,2025-01-26
L0014,2025-01-27
L0014,2025-01-28
L0014,2025-01-29
L0014,2025-01-30
L0014,2025-01-31
L0014,2025-02-01
L0014,2025-02-02
L0014,2025-02-03
L0014,2025-02-04
L0014,2025-02-05
L0014,2025-02-06
L0014,2025-02-07
L0014,2025-02-08
L0014,2025-02-09
L0014,2025-02-10
L0014,2025-02-11
L0014,2025-02-12
L0014,2025-02-13
L0014,2025-02-14
L0014,2025-02-15
L0014,2025-02-16
L0014,2025-02-17
L0014,2025-02-18
L0014,2025-02-19
L0014,2025-02-20
L0014,2025-02-21
L0014,2025-02-22
L0014,2025-02-23
L0014,2025-02-24
L0014,2025-02-25
L0014,2025-02-26
L0014,2025-02-27
L0014,2025-02-28
L0014,2025-03-01
L0014,2025-03-02
L0014,2025-03-03
L0014,2025-03-04
L0014,2025-03-05
L0014,2025-03-06
L0014,2025-03-07
L0014,2025-03-08
L0014,2025-03-09
L0014,2025-03-10
L0014,2025-03-11
L0014,2025-03-12
L0014,2025-03-13
L0014,2025-03-14
L0014,2025-03-15
L0014,2025-03-16
L0014,2025-03-17
L0014,2025-03-18
L0014,2025-03-19
L0014,2025-03-20
L0014,2025-03-21
L0014,2025-03-22
L0014,2025-03-23
L0014,2025-03-24
L0014,2025-03-25
L0014,2025-03-26
L0014,2025-03-27
L0014,2025-03-28
L0014,2025-03-29
L0014,2025-03-30
L0014,2025-03-31
L0014,2025-04-01
L0014,2025-04-02
L0014,2025-04-03
L0014,2025-04-04
L0014,2025-04-05
L0014,2025-04-06
L0014,2025-04-07
L0014,2025-04-08
L0014,2025-04-09
L0014,2025-04-10
L0014,2025-04-11
L0014,2025-04-12
L0014,2025-04-13
L0014,2025-04-14
L0014,2025-04-15
L0014,2025-04-16
L0014,2025-04-17
L0014,2025-04-18
L0014,2025-04-19
L0014,2025-04-20
L0014,2025-04-21
L0014,2025-04-22
L0014,2025-04-23
L0014,2025-04-24
L0014,2025-04-25
L0014,2025-04-26
L0014,2025-04-27
L0014,2025-04-28
L0014,2025-04-29
L0014,2025-04-30
L0014,2025-05-01
L0014,2025-05-02
L0014,2025-05-03
L0014,2025-05-04
L0014,2025-05-05
L0014,2025-05-06
L0014,2025-05-07
L0014,2025-05-08
L0014,2025-05-09
L0014,2025-05-10
L0014,2025-05-11
L0014,2025-05-12
L0014,2025-05-13
L0014,2025-05-14
L0014,2025-05-15
L0014,2025-05-16
L0014,2025-05-17
L0014,2025-05-18
L0014,2025-05-19
L0014,2025-05-20
L0014,2025-05-21
L0014,2025-05-22
L0014,2025-05-23
L0014,2025-05-24
L0014,2025-05-25
L0014,2025-05-26
L0014,2025-05-27
L0014,2025-05-28
L0014,2025-05-29
L0014,2025-05-30
L0014,2025-05-31
L0014,2025-06-01
L0014,2025-06-02
L0014,2025-06-03
L0014,2025-06-04
L0014,2025-06-05
L0014,2025-06-06
L0014,2025-06-07
L0014,2025-06-08
L0014,2025-06-09
L0014,2025-06-10
L0014,2025-06-11
L0014,2025-06-12
L0014,2025-06-13
L0014,2025-06-14
L0014,2025-06-15
L0014,2025-06-16
L0014,2025-06-17
L0014,2025-06-18
L0014,2025-06-19
L0014,2025-06-20
L0014,2025-06-21
L0014,2025-06-22
L0014,2025-06-23
L0014,2025-06-24
L0014,2025-06-25
L0014,2025-06-26
L0014,2025-06-27
L0014,2025-06-28
L0014,2025-06-29
L0015,2025-01-01
L0015,2025-01-02
L0015,2025-01-03
L0015,2025-01-04
L0015,2025-01-05
L0015,2025-01-06
L0015,2025-01-07
L0015,2025-01-08
L0015,2025-01-09
L0015,2025-01-10
L0015,2025-01-11
L0015,2025-01-12
L0015,2025-01-13
L0015,2025-01-14
L0015,2025-01-15
L0015,2025-01-16
L0015,2025-01-17
L0015,2025-01-18
L0015,2025-01-19
L0015,2025-01-20
L0015,2025-01-21
L0015,2025-01-22
L0015,2025-01-23
L0015,2025-01-24
L0015,2025-01-25
L0015,2025-01-26
L0015,2025-01-27
L0015,2025-01-28
L0015,2025-01-29
L0015,2025-01-30
L0015,2025-01-31
L0015,2025-02-01
L0015,2025-02-02
L0015,2025-02-03
L0015,2025-02-04
L0015,2025-02-05
L0015,2025-02-06
L0015,2025-02-07
L0015,2025-02-08
L0015,2025-02-09
L0015,2025-02-10
L0015,2025-02-11
L0015,2025-02-12
L0015,2025-02-13
L0015,2025-02-14
L0015,2025-02-15
L0015,2025-02-16
L0015,2025-02-17
L0015,2025-02-18
L0015,2025-02-19
L0015,2025-02-20
L0015,2025-02-21
L0015,2025-02-22
L0015,2025-02-23
L0015,2025-02-24
L0015,2025-02-25
L0015,2025-02-26
L0015,2025-02-27
L0015,2025-02-28
L0015,2025-03-01
L0015,2025-03-02
L0015,2025-03-03
L0015,2025-03-04
L0015,2025-03-05
L0015,2025-03-06
L0015,2025-03-07
L0015,2025-03-08
L0015,2025-03-09
L0015,2025-03-10
L0015,2025-03-11
L0015,2025-03-12
L0015,2025-03-13
L0015,2025-03-14
L0015,2025-03-15
L0015,2025-03-16
L0015,2025-03-17
L0015,2025-03-18
L0015,2025-03-19
L0015,2025-03-20
L0015,2025-03-21
L0015,2025-03-22
L0015,2025-03-23
L0015,2025-03-24
L0015,2025-03-25
L0015,2025-03-26
L0015,2025-03-27
L0015,2025-03-28
L0015,2025-03-29
L0015,2025-03-30
L0015,2025-03-31
L0015,2025-04-01
L0015,2025-04-02
L0015,2025-04-03
L0015,2025-04-04
L0015,2025-04-05
L0015,2025-04-06
L0015,2025-04-07
L0015,2025-04-08
L0015,2025-04-09
L0015,2025-04-10
L0015,2025-04-11
L0015,2025-04-12
L0015,2025-04-13
L0015,2025-04-14
L0015,2025-04-15
L0015,2025-04-16
L0015,2025-04-17
L0015,2025-04-18
L0015,2025-04-19
L0015,2025-04-20
L0015,2025-04-21
L0015,2025-04-22
L0015,2025-04-23
L0015,2025-04-24
L0015,2025-04-25
L0015,2025-04-26
L0015,2025-04-27
L0015,2025-04-28
L0015,2025-04-29
L0015,2025-04-30
L0015,2025-05-01
L0015,2025-05-02
L0015,2025-05-03
L0015,2025-05-04
L0015,2025-05-05
L0015,2025-05-06
L0015,2025-05-07
L0015,2025-05-08
L0015,2025-05-09
L0015,2025-05-10
L0015,2025-05-11
L0015,2025-05-12
L0015,2025-05-13
L0015,2025-05-14
L0015,2025-05-15
L0015,2025-05-16
L0015,2025-05-17
L0015,2025-05-18
L0015,2025-05-19
L0015,2025-05-20
L0015,2025-05-21
L0015,2025-05-22
L0015,2025-05-23
L0015,2025-05-24
L0015,2025-05-25
L0015,2025-05-26
L0015,2025-05-27
L0015,2025-05-28
L0015,2025-05-29
L0015,2025-05-30
L0015,2025-05-31
L0015,2025-06-01
L0015,2025-06-02
L0015,2025-06-03
L0015,2025-06-04
L0015,2025-06-05
L0015,2025-06-06
L0015,2025-06-07
L0015,2025-06-08
L0015,2025-06-09
L0015,2025-06-10
L0015,2025-06-11
L0015,2025-06-12
L0015,2025-06-13
L0015,2025-06-14
L0015,2025-06-15
L0015,2025-06-16
L0015,2025-06-17
L0015,2025-06-18
L0015,2025-06-19
L0015,2025-06-20
L0015,2025-06-21
L0015,2025-06-22
L0015,2025-06-23
L0015,2025-06-24
L0015,2025-06-25
L0015,2025-06-26
L0015,2025-06-27
L0015,2025-06-28
L0015,2025-06-29
L0016,2025-01-01
L0016,2025-01-02
L0016,2025-01-03
L0016,2025-01-04
L0016,2025-01-05
L0016,2025-01-06
L0016,2025-01-07
L0016,2025-01-08
L0016,2025-01-09
L0016,2025-01-10
L0016,2025-01-11
L0016,2025-01-12
L0016,2025-01-13
L0016,2025-01-14
L0016,2025-01-15
L0016,2025-01-16
L0016,2025-01-17
L0016,2025-01-18
L0016,2025-01-19
L0016,2025-01-20
L0016,2025-01-21
L0016,2025-01-22
L0016,2025-01-23
L0016,2025-01-24
L0016,2025-01-25
L0016,2025-01-26
L0016,2025-01-27
L0016,2025-01-28
L0016,2025-01-29
L0016,2025-01-30
L0016,2025-01-31
L0016,2025-02-01
L0016,2025-02-02
L0016,2025-02-03
L0016,2025-02-04
L0016,2025-02-05
L0016,2025-02-06
L0016,2025-02-07
L0016,2025-02-08
L0016,2025-02-09
L0016,2025-02-10
L0016,2025-02-11
L0016,2025-02-12
L0016,2025-02-13
L0016,2025-02-14
L0016,2025-02-15
L0016,2025-02-16
L0016,2025-02-17
L0016,2025-02-18
L0016,2025-02-19
L0016,2025-02-20
L0016,2025-02-21
L0016,2025-02-22
L0016,2025-02-23
L0016,2025-02-24
L0016,2025-02-25
L0016,2025-02-26
L0016,2025-02-27
L0016,2025-02-28
L0016,2025-03-01
L0016,2025-03-02
L0016,2025-03-03
L0016,2025-03-04
L0016,2025-03-05
L0016,2025-03-06
L0016,2025-03-07
L0016,2025-03-08
L0016,2025-03-09
L0016,2025-03-10
L0016,2025-03-11
L0016,2025-03-12
L0016,2025-03-13
L0016,2025-03-14
L0016,2025-03-15
L0016,2025-03-16
L0016,2025-03-17
L0016,2025-03-18
L0016,2025-03-19
L0016,2025-03-20
L0016,2025-03-21
L0016,2025-03-22
L0016,2025-03-23
L0016,2025-03-24
L0016,2025-03-25
L0016,2025-03-26
L0016,2025-03-27
L0016,2025-03-28
L0016,2025-03-29
L0016,2025-03-30
L0016,2025-03-31
L0016,2025-04-01
L0016,2025-04-02
L0016,2025-04-03
L0016,2025-04-04
L0016,2025-04-05
L0016,2025-04-06
L0016,2025-04-07
L0016,2025-04-08
L0016,2025-04-09
L0016,2025-04-10
L0016,2025-04-11
L0016,2025-04-12
L0016,2025-04-13
L0016,2025-04-14
L0016,2025-04-15
L0016,2025-04-16
L0016,2025-04-17
L0016,2025-04-18
L0016,2025-04-19
L0016,2025-04-20
L0016,2025-04-21
L0016,2025-04-22
L0016,2025-04-23
L0016,2025-04-24
L0016,2025-04-25
L0016,2025-04-26
L0016,2025-04-27
L0016,2025-04-28
L0016,2025-04-29
L0016,2025-04-30
L0016,2025-05-01
L0016,2025-05-02
L0016,2025-05-03
L0016,2025-05-04
L0016,2025-05-05
L0016,2025-05-06
L0016,2025-05-07
L0016,2025-05-08
L0016,2025-05-09
L0016,2025-05-10
L0016,2025-05-11
L0016,2025-05-12
L0016,2025-05-13
L0016,2025-05-14
L0016,2025-05-15
L0016,2025-05-16
L0016,2025-05-17
L0016,2025-05-18
L0016,2025-05-19
L0016,2025-05-20
L0016,2025-05-21
L0016,2025-05-22
L0016,2025-05-23
L0016,2025-05-24
L0016,2025-05-25
L0016,2025-05-26
L0016,2025-05-27
L0016,2025-05-28
L0016,2025-05-29
L0016,2025-05-30
L0016,2025-05-31
L0016,2025-06-01
L0016,2025-06-02
L0016,2025-06-03
L0016,2025-06-04
L0016,2025-06-05
L0016,2025-06-06
L0016,2025-06-07
L0016,2025-06-08
L0016,2025-06-09
L0016,2025-06-10
L0016,2025-06-11
L0016,2025-06-12
L0016,2025-06-13
L0016,2025-06-14
L0016,2025-06-15
L0016,2025-06-16
L0016,2025-06-17
L0016,2025-06-18
L0016,2025-06-19
L0016,2025-06-20
L0016,2025-06-21
L0016,2025-06-22
L0016,2025-06-23
L0016,2025-06-24
L0016,2025-06-25
L0016,2025-06-26
L0016,2025-06-27
L0016,2025-06-28
L0016,2025-06-29
L0017,2025-01-01
L0017,2025-01-02
L0017,2025-01-03
L0017,2025-01-04
L0017,2025-01-05
L0017,2025-01-06
L0017,2025-01-07
L0017,2025-01-08
L0017,2025-01-09
L0017,2025-01-10
L0017,2025-01-11
L0017,2025-01-12
L0017,2025-01-13
L0017,2025-01-14
L0017,2025-01-15
L0017,2025-01-16
L0017,2025-01-17
L0017,2025-01-18
L0017,2025-01-19
L0017,2025-01-20
L0017,2025-01-21
L0017,2025-01-22
L0017,2025-01-23
L0017,2025-01-24
L0017,2025-01-25
L0017,2025-01-26
L0017,2025-01-27
L0017,2025-01-28
L0017,2025-01-29
L0017,2025-01-30
L0017,2025-01-31
L0017,2025-02-01
L0017,2025-02-02
L0017,2025-02-03
L0017,2025-02-04
L0017,2025-02-05
L0017,2025-02-06
L0017,2025-02-07
L0017,2025-02-08
L0017,2025-02-09
L0017,2025-02-10
L0017,2025-02-11
L0017,2025-02-12
L0017,2025-02-13
L0017,2025-02-14
L0017,2025-02-15
L0017,2025-02-16
L0017,2025-02-17
L0017,2025-02-18
L0017,2025-02-19
L0017,2025-02-20
L0017,2025-02-21
L0017,2025-02-22
L0017,2025-02-23
L0017,2025-02-24
L0017,2025-02-25
L0017,2025-02-26
L0017,2025-02-27
L0017,2025-02-28
L0017,2025-03-01
L0017,2025-03-02
L0017,2025-03-03
L0017,2025-03-04
L0017,2025-03-05
L0017,2025-03-06
L0017,2025-03-07
L0017,2025-03-08
L0017,2025-03-09
L0017,2025-03-10
L0017,2025-03-11
L0017,2025-03-12
L0017,2025-03-13
L0017,2025-03-14
L0017,2025-03-15
L0017,2025-03-16
L0017,2025-03-17
L0017,2025-03-18
L0017,2025-03-19
L0017,2025-03-20
L0017,2025-03-21
L0017,2025-03-22
L0017,2025-03-23
L0017,2025-03-24
L0017,2025-03-25
L0017,2025-03-26
L0017,2025-03-27
L0017,2025-03-28
L0017,2025-03-29
L0017,2025-03-30
L0017,2025-03-31
L0017,2025-04-01
L0017,2025-04-02
L0017,2025-04-03
L0017,2025-04-04
L0017,2025-04-05
L0017,2025-04-06
L0017,2025-04-07
L0017,2025-04-08
L0017,2025-04-09
L0017,2025-04-10
L0017,2025-04-11
L0017,2025-04-12
L0017,2025-04-13
L0017,2025-04-14
L0017,2025-04-15
L0017,2025-04-16
L0017,2025-04-17
L0017,2025-04-18
L0017,2025-04-19
L0017,2025-04-20
L0017,2025-04-21
L0017,2025-04-22
L0017,2025-04-23
L0017,2025-04-24
L0017,2025-04-25
L0017,2025-04-26
L0017,2025-04-27
L0017,2025-04-28
L0017,2025-04-29
L0017,2025-04-30
L0017,2025-05-01
L0017,2025-05-02
L0017,2025-05-03
L0017,2025-05-04
L0017,2025-05-05
L0017,2025-05-06
L0017,2025-05-07
L0017,2025-05-08
L0017,2025-05-09
L0017,2025-05-10
L0017,2025-05-11
L0017,2025-05-12
L0017,2025-05-13
L0017,2025-05-14
L0017,2025-05-15
L0017,2025-05-16
L0017,2025-05-17
L0017,2025-05-18
L0017,2025-05-19
L0017,2025-05-20
L0017,2025-05-21
L0017,2025-05-22
L0017,2025-05-23
L0017,2025-05-24
L0017,2025-05-25
L0017,2025-05-26
L0017,2025-05-27
L0017,2025-05-28
L0017,2025-05-29
L0017,2025-05-30
L0017,2025-05-31
L0017,2025-06-01
L0017,2025-06-02
L0017,2025-06-03
L0017,2025-06-04
L0017,2025-06-05
L0017,2025-06-06
L0017,2025-06-07
L0017,2025-06-08
L0017,2025-06-09
L0017,2025-06-10
L0017,2025-06-11
L0017,2025-06-12
L0017,2025-06-13
L0017,2025-06-14
L0017,2025-06-15
L0017,2025-06-16
L0017,2025-06-17
L0017,2025-06-18
L0017,2025-06-19
L0017,2025-06-20
L0017,2025-06-21
L0017,2025-06-22
L0017,2025-06-23
L0017,2025-06-24
L0017,2025-06-25
L0017,2025-06-26
L0017,2025-06-27
L0017,2025-06-28
L0017,2025-06-29
L0018,2025-01-01
L0018,2025-01-02
L0018,2025-01-03
L0018,2025-01-04
L0018,2025-01-05
L0018,2025-01-06
L0018,2025-01-07
L0018,2025-01-08
L0018,2025-01-09
L0018,2025-01-10
L0018,2025-01-11
L0018,2025-01-12
L0018,2025-01-13
L0018,2025-01-14
L0018,2025-01-15
L0018,2025-01-16
L0018,2025-01-17
L0018,2025-01-18
L0018,2025-01-19
L0018,2025-01-20
L0018,2025-01-21
L0018,2025-01-22
L0018,2025-01-23
L0018,2025-01-24
L0018,2025-01-25
L0018,2025-01-26
L0018,2025-01-27
L0018,2025-01-28
L0018,2025-01-29
L0018,2025-01-30
L0018,2025-01-31
L0018,2025-02-01
L0018,2025-02-02
L0018,2025-02-03
L0018,2025-02-04
L0018,2025-02-05
L0018,2025-02-06
L0018,2025-02-07
L0018,2025-02-08
L0018,2025-02-09
L0018,2025-02-10
L0018,2025-02-11
L0018,2025-02-12
L0018,2025-02-13
L0018,2025-02-14
L0018,2025-02-15
L0018,2025-02-16
L0018,2025-02-17
L0018,2025-02-18
L0018,2025-02-19
L0018,2025-02-20
L0018,2025-02-21
L0018,2025-02-22
L0018,2025-02-23
L0018,2025-02-24
L0018,2025-02-25
L0018,2025-02-26
L0018,2025-02-27
L0018,2025-02-28
L0018,2025-03-01
L0018,2025-03-02
L0018,2025-03-03
L0018,2025-03-04
L0018,2025-03-05
L0018,2025-03-06
L0018,2025-03-07
L0018,2025-03-08
L0018,2025-03-09
L0018,2025-03-10
L0018,2025-03-11
L0018,2025-03-12
L0018,2025-03-13
L0018,2025-03-14
L0018,2025-03-15
L0018,2025-03-16
L0018,2025-03-17
L0018,2025-03-18
L0018,2025-03-19
L0018,2025-03-20
L0018,2025-03-21
L0018,2025-03-22
L0018,2025-03-23
L0018,2025-03-24
L0018,2025-03-25
L0018,2025-03-26
L0018,2025-03-27
L0018,2025-03-28
L0018,2025-03-29
L0018,2025-03-30
L0018,2025-03-31
L0018,2025-04-01
L0018,2025-04-02
L0018,2025-04-03
L0018,2025-04-04
L0018,2025-04-05
L0018,2025-04-06
L0018,2025-04-07
L0018,2025-04-08
L0018,2025-04-09
L0018,2025-04-10
L0018,2025-04-11
L0018,2025-04-12
L0018,2025-04-13
L0018,2025-04-14
L0018,2025-04-15
L0018,2025-04-16
L0018,2025-04-17
L0018,2025-04-18
L0018,2025-04-19
L0018,2025-04-20
L0018,2025-04-21
L0018,2025-04-22
L0018,2025-04-23
L0018,2025-04-24
L0018,2025-04-25
L0018,2025-04-26
L0018,2025-04-27
L0018,2025-04-28
L0018,2025-04-29
L0018,2025-04-30
L0018,2025-05-01
L0018,2025-05-02
L0018,2025-05-03
L0018,2025-05-04
L0018,2025-05-05
L0018,2025-05-06
L0018,2025-05-07
L0018,2025-05-08
L0018,2025-05-09
L0018,2025-05-10
L0018,2025-05-11
L0018,2025-05-12
L0018,2025-05-13
L0018,2025-05-14
L0018,2025-05-15
L0018,2025-05-16
L0018,2025-05-17
L0018,2025-05-18
L0018,2025-05-19
L0018,2025-05-20
L0018,2025-05-21
L0018,2025-05-22
L0018,2025-05-23
L0018,2025-05-24
L0018,2025-05-25
L0018,2025-05-26
L0018,2025-05-27
L0018,2025-05-28
L0018,2025-05-29
L0018,2025-05-30
L0018,2025-05-31
L0018,2025-06-01
L0018,2025-06-02
L0018,2025-06-03
L0018,2025-06-04
L0018,2025-06-05
L0018,2025-06-06
L0018,2025-06-07
L0018,2025-06-08
L0018,2025-06-09
L0018,2025-06-10
L0018,2025-06-11
L0018,2025-06-12
L0018,2025-06-13
L0018,2025-06-14
L0018,2025-06-15
L0018,2025-06-16
L0018,2025-06-17
L0018,2025-06-18
L0018,2025-06-19
L0018,2025-06-20
L0018,2025-06-21
L0018,2025-06-22
L0018,2025-06-23
L0018,2025-06-24
L0018,2025-06-25
L0018,2025-06-26
L0018,2025-06-27
L0018,2025-06-28
L0018,2025-06-29
L0019,2025-01-01
L0019,2025-01-02
L0019,2025-01-03
L0019,2025-01-04
L0019,2025-01-05
L0019,2025-01-06
L0019,2025-01-07
L0019,2025-01-08
L0019,2025-01-09
L0019,2025-01-10
L0019,2025-01-11
L0019,2025-01-12
L0019,2025-01-13
L0019,2025-01-14
L0019,2025-01-15
L0019,2025-01-16
L0019,2025-01-17
L0019,2025-01-18
L0019,2025-01-19
L0019,2025-01-20
L0019,2025-01-21
L0019,2025-01-22
L0019,2025-01-23
L0019,2025-01-24
L0019,2025-01-25
L0019,2025-01-26
L0019,2025-01-27
L0019,2025-01-28
L0019,2025-01-29
L0019,2025-01-30
L0019,2025-01-31
L0019,2025-02-01
L0019,2025-02-02
L0019,2025-02-03
L0019,2025-02-04
L0019,2025-02-05
L0019,2025-02-06
L0019,2025-02-07
L0019,2025-02-08
L0019,2025-02-09
L0019,2025-02-10
L0019,2025-02-11
L0019,2025-02-12
L0019,2025-02-13
L0019,2025-02-14
L0019,2025-02-15
L0019,2025-02-16
L0019,2025-02-17
L0019,2025-02-18
L0019,2025-02-19
L0019,2025-02-20
L0019,2025-02-21
L0019,2025-02-22
L0019,2025-02-23
L0019,2025-02-24
L0019,2025-02-25
L0019,2025-02-26
L0019,2025-02-27
L0019,2025-02-28
L0019,2025-03-01
L0019,2025-03-02
L0019,2025-03-03
L0019,2025-03-04
L0019,2025-03-05
L0019,2025-03-06
L0019,2025-03-07
L0019,2025-03-08
L0019,2025-03-09
L0019,2025-03-10
L0019,2025-03-11
L0019,2025-03-12
L0019,2025-03-13
L0019,2025-03-14
L0019,2025-03-15
L0019,2025-03-16
L0019,2025-03-17
L0019,2025-03-18
L0019,2025-03-19
L0019,2025-03-20
L0019,2025-03-21
L0019,2025-03-22
L0019,2025-03-23
L0019,2025-03-24
L0019,2025-03-25
L0019,2025-03-26
L0019,2025-03-27
L0019,2025-03-28
L0019,2025-03-29
L0019,2025-03-30
L0019,2025-03-31
L0019,2025-04-01
L0019,2025-04-02
L0019,2025-04-03
L0019,2025-04-04
L0019,2025-04-05
L0019,2025-04-06
L0019,2025-04-07
L0019,2025-04-08
L0019,2025-04-09
L0019,2025-04-10
L0019,2025-04-11
L0019,2025-04-12
L0019,2025-04-13
L0019,2025-04-14
L0019,2025-04-15
L0019,2025-04-16
L0019,2025-04-17
L0019,2025-04-18
L0019,2025-04-19
L0019,2025-04-20
L0019,2025-04-21
L0019,2025-04-22
L0019,2025-04-23
L0019,2025-04-24
L0019,2025-04-25
L0019,2025-04-26
L0019,2025-04-27
L0019,2025-04-28
L0019,2025-04-29
L0019,2025-04-30
L0019,2025-05-01
L0019,2025-05-02
L0019,2025-05-03
L0019,2025-05-04
L0019,2025-05-05
L0019,2025-05-06
L0019,2025-05-07
L0019,2025-05-08
L0019,2025-05-09
L0019,2025-05-10
L0019,2025-05-11
L0019,2025-05-12
L0019,2025-05-13
L0019,2025-05-14
L0019,2025-05-15
L0019,2025-05-16
L0019,2025-05-17
L0019,2025-05-18
L0019,2025-05-19
L0019,2025-05-20
L0019,2025-05-21
L0019,2025-05-22
L0019,2025-05-23
L0019,2025-05-24
L0019,2025-05-25
L0019,2025-05-26
L0019,2025-05-27
L0019,2025-05-28
L0019,2025-05-29
L0019,2025-05-30
L0019,2025-05-31
L0019,2025-06-01
L0019,2025-06-02
L0019,2025-06-03
L0019,2025-06-04
L0019,2025-06-05
L0019,2025-06-06
L0019,2025-06-07
L0019,2025-06-08
L0019,2025-06-09
L0019,2025-06-10
L0019,2025-06-11
L0019,2025-06-12
L0019,2025-06-13
L0019,2025-06-14
L0019,2025-06-15
L0019,2025-06-16
L0019,2025-06-17
L0019,2025-06-18
L0019,2025-06-19
L0019,2025-06-20
L0019,2025-06-21
L0019,2025-06-22
L0019,2025-06-23
L0019,2025-06-24
L0019,2025-06-25
L0019,2025-06-26
L0019,2025-06-27
L0019,2025-06-28
L0019,2025-06-29
L0020,2025-01-01
L0020,2025-01-02
L0020,2025-01-03
L0020,2025-01-04
L0020,2025-01-05
L0020,2025-01-06
L0020,2025-01-07
L0020,2025-01-08
L0020,2025-01-09
L0020,2025-01-10
L0020,2025-01-11
L0020,2025-01-12
L0020,2025-01-13
L0020,2025-01-14
L0020,2025-01-15
L0020,2025-01-16
L0020,2025-01-17
L0020,2025-01-18
L0020,2025-01-19
L0020,2025-01-20
L0020,2025-01-21
L0020,2025-01-22
L0020,2025-01-23
L0020,2025-01-24
L0020,2025-01-25
L0020,2025-01-26
L0020,2025-01-27
L0020,2025-01-28
L0020,2025-01-29
L0020,2025-01-30
L0020,2025-01-31
L0020,2025-02-01
L0020,2025-02-02
L0020,2025-02-03
L0020,2025-02-04
L0020,2025-02-05
L0020,2025-02-06
L0020,2025-02-07
L0020,2025-02-08
L0020,2025-02-09
L0020,2025-02-10
L0020,2025-02-11
L0020,2025-02-12
L0020,2025-02-13
L0020,2025-02-14
L0020,2025-02-15
L0020,2025-02-16
L0020,2025-02-17
L0020,2025-02-18
L0020,2025-02-19
L0020,2025-02-20
L0020,2025-02-21
L0020,2025-02-22
L0020,2025-02-23
L0020,2025-02-24
L0020,2025-02-25
L0020,2025-02-26
L0020,2025-02-27
L0020,2025-02-28
L0020,2025-03-01
L0020,2025-03-02
L0020,2025-03-03
L0020,2025-03-04
L0020,2025-03-05
L0020,2025-03-06
L0020,2025-03-07
L0020,2025-03-08
L0020,2025-03-09
L0020,2025-03-10
L0020,2025-03-11
L0020,2025-03-12
L0020,2025-03-13
L0020,2025-03-14
L0020,2025-03-15
L0020,2025-03-16
L0020,2025-03-17
L0020,2025-03-18
L0020,2025-03-19
L0020,2025-03-20
L0020,2025-03-21
L0020,2025-03-22
L0020,2025-03-23
L0020,2025-03-24
L0020,2025-03-25
L0020,2025-03-26
L0020,2025-03-27
L0020,2025-03-28
L0020,2025-03-29
L0020,2025-03-30
L0020,2025-03-31
L0020,2025-04-01
L0020,2025-04-02
L0020,2025-04-03
L0020,2025-04-04
L0020,2025-04-05
L0020,2025-04-06
L0020,2025-04-07
L0020,2025-04-08
L0020,2025-04-09
L0020,2025-04-10
L0020,2025-04-11
L0020,2025-04-12
L0020,2025-04-13
L0020,2025-04-14
L0020,2025-04-15
L0020,2025-04-16
L0020,2025-04-17
L0020,2025-04-18
L0020,2025-04-19
L0020,2025-04-20
L0020,2025-04-21
L0020,2025-04-22
L0020,2025-04-23
L0020,2025-04-24
L0020,2025-04-25
L0020,2025-04-26
L0020,2025-04-27
L0020,2025-04-28
L0020,2025-04-29
L0020,2025-04-30
L0020,2025-05-01
L0020,2025-05-02
L0020,2025-05-03
L0020,2025-05-04
L0020,2025-05-05
L0020,2025-05-06
L0020,2025-05-07
L0020,2025-05-08
L0020,2025-05-09
L0020,2025-05-10
L0020,2025-05-11
L0020,2025-05-12
L0020,2025-05-13
L0020,2025-05-14
L0020,2025-05-15
L0020,2025-05-16
L0020,2025-05-17
L0020,2025-05-18
L0020,2025-05-19
L0020,2025-05-20
L0020,2025-05-21
L0020,2025-05-22
L0020,2025-05-23
L0020,2025-05-24
L0020,2025-05-25
L0020,2025-05-26
L0020,2025-05-27
L0020,2025-05-28
L0020,2025-05-29
L0020,2025-05-30
L0020,2025-05-31
L0020,2025-06-01
L0020,2025-06-02
L0020,2025-06-03
L0020,2025-06-04
L0020,2025-06-05
L0020,2025-06-06
L0020,2025-06-07
L0020,2025-06-08
L0020,2025-06-09
L0020,2025-06-10
L0020,2025-06-11
L0020,2025-06-12
L0020,2025-06-13
L0020,2025-06-14
L0020,2025-06-15
L0020,2025-06-16
L0020,2025-06-17
L0020,2025-06-18
L0020,2025-06-19
L0020,2025-06-20
L0020,2025-06-21
L0020,2025-06-22
L0020,2025-06-23
L0020,2025-06-24
L0020,2025-06-25
L0020,2025-06-26
L0020,2025-06-27
L0020,2025-06-28
L0020,2025-06-29
L0021,2025-01-01
L0021,2025-01-02
L0021,2025-01-03
L0021,2025-01-04
L0021,2025-01-05
L0021,2025-01-06
L0021,2025-01-07
L0021,2025-01-08
L0021,2025-01-09
L0021,2025-01-10
L0021,2025-01-11
L0021,2025-01-12
L0021,2025-01-13
L0021,2025-01-14
L0021,2025-01-15
L0021,2025-01-16
L0021,2025-01-17
L0021,2025-01-18
L0021,2025-01-19
L0021,2025-01-20
L0021,2025-01-21
L0021,2025-01-22
L0021,2025-01-23
L0021,2025-01-24
L0021,2025-01-25
L0021,2025-01-26
L0021,2025-01-27
L0021,2025-01-28
L0021,2025-01-29
L0021,2025-01-30
L0021,2025-01-31
L0021,2025-02-01
L0021,2025-02-02
L0021,2025-02-03
L0021,2025-02-04
L0021,2025-02-05
L0021,2025-02-06
L0021,2025-02-07
L0021,2025-02-08
L0021,2025-02-09
L0021,2025-02-10
L0021,2025-02-11
L0021,2025-02-12
L0021,2025-02-13
L0021,2025-02-14
L0021,2025-02-15
L0021,2025-02-16
L0021,2025-02-17
L0021,2025-02-18
L0021,2025-02-19
L0021,2025-02-20
L0021,2025-02-21
L0021,2025-02-22
L0021,2025-02-23
L0021,2025-02-24
L0021,2025-02-25
L0021,2025-02-26
L0021,2025-02-27
L0021,2025-02-28
L0021,2025-03-01
L0021,2025-03-02
L0021,2025-03-03
L0021,2025-03-04
L0021,2025-03-05
L0021,2025-03-06
L0021,2025-03-07
L0021,2025-03-08
L0021,2025-03-09
L0021,2025-03-10
L0021,2025-03-11
L0021,2025-03-12
L0021,2025-03-13
L0021,2025-03-14
L0021,2025-03-15
L0021,2025-03-16
L0021,2025-03-17
L0021,2025-03-18
L0021,2025-03-19
L0021,2025-03-20
L0021,2025-03-21
L0021,2025-03-22
L0021,2025-03-23
L0021,2025-03-24
L0021,2025-03-25
L0021,2025-03-26
L0021,2025-03-27
L0021,2025-03-28
L0021,2025-03-29
L0021,2025-03-30
L0021,2025-03-31
L0021,2025-04-01
L0021,2025-04-02
L0021,2025-04-03
L0021,2025-04-04
L0021,2025-04-05
L0021,2025-04-06
L0021,2025-04-07
L0021,2025-04-08
L0021,2025-04-09
L0021,2025-04-10
L0021,2025-04-11
L0021,2025-04-12
L0021,2025-04-13
L0021,2025-04-14
L0021,2025-04-15
L0021,2025-04-16
L0021,2025-04-17
L0021,2025-04-18
L0021,2025-04-19
L0021,2025-04-20
L0021,2025-04-21
L0021,2025-04-22
L0021,2025-04-23
L0021,2025-04-24
L0021,2025-04-25
L0021,2025-04-26
L0021,2025-04-27
L0021,2025-04-28
L0021,2025-04-29
L0021,2025-04-30
L0021,2025-05-01
L0021,2025-05-02
L0021,2025-05-03
L0021,2025-05-04
L0021,2025-05-05
L0021,2025-05-06
L0021,2025-05-07
L0021,2025-05-08
L0021,2025-05-09
L0021,2025-05-10
L0021,2025-05-11
L0021,2025-05-12
L0021,2025-05-13
L0021,2025-05-14
L0021,2025-05-15
L0021,2025-05-16
L0021,2025-05-17
L0021,2025-05-18
L0021,2025-05-19
L0021,2025-05-20
L0021,2025-05-21
L0021,2025-05-22
L0021,2025-05-23
L0021,2025-05-24
L0021,2025-05-25
L0021,2025-05-26
L0021,2025-05-27
L0021,2025-05-28
L0021,2025-05-29
L0021,2025-05-30
L0021,2025-05-31
L0021,2025-06-01
L0021,2025-06-02
L0021,2025-06-03
L0021,2025-06-04
L0021,2025-06-05
L0021,2025-06-06
L0021,2025-06-07
L0021,2025-06-08
L0021,2025-06-09
L0021,2025-06-10
L0021,2025-06-11
L0021,2025-06-12
L0021,2025-06-13
L0021,2025-06-14
L0021,2025-06-15
L0021,2025-06-16
L0021,2025-06-17
L0021,2025-06-18
L0021,2025-06-19
L0021,2025-06-20
L0021,2025-06-21
L0021,2025-06-22
L0021,2025-06-23
L0021,2025-06-24
L0021,2025-06-25
L0021,2025-06-26
L0021,2025-06-27
L0021,2025-06-28
L0021,2025-06-29
L0022,2025-01-01
L0022,2025-01-02
L0022,2025-01-03
L0022,2025-01-04
L0022,2025-01-05
L0022,2025-01-06
L0022,2025-01-07
L0022,2025-01-08
L0022,2025-01-09
L0022,2025-01-10
L0022,2025-01-11
L0022,2025-01-12
L0022,2025-01-13
L0022,2025-01-14
L0022,2025-01-15
L0022,2025-01-16
L0022,2025-01-17
L0022,2025-01-18
L0022,2025-01-19
L0022,2025-01-20
L0022,2025-01-21
L0022,2025-01-22
L0022,2025-01-23
L0022,2025-01-24
L0022,2025-01-25
L0022,2025-01-26
L0022,2025-01-27
L0022,2025-01-28
L0022,2025-01-29
L0022,2025-01-30
L0022,2025-01-31
L0022,2025-02-01
L0022,2025-02-02
L0022,2025-02-03
L0022,2025-02-04
L0022,2025-02-05
L0022,2025-02-06
L0022,2025-02-07
L0022,2025-02-08
L0022,2025-02-09
L0022,2025-02-10
L0022,2025-02-11
L0022,2025-02-12
L0022,2025-02-13
L0022,2025-02-14
L0022,2025-02-15
L0022,2025-02-16
L0022,2025-02-17
L0022,2025-02-18
L0022,2025-02-19
L0022,2025-02-20
L0022,2025-02-21
L0022,2025-02-22
L0022,2025-02-23
L0022,2025-02-24
L0022,2025-02-25
L0022,2025-02-26
L0022,2025-02-27
L0022,2025-02-28
L0022,2025-03-01
L0022,2025-03-02
L0022,2025-03-03
L0022,2025-03-04
L0022,2025-03-05
L0022,2025-03-06
L0022,2025-03-07
L0022,2025-03-08
L0022,2025-03-09
L0022,2025-03-10
L0022,2025-03-11
L0022,2025-03-12
L0022,2025-03-13
L0022,2025-03-14
L0022,2025-03-15
L0022,2025-03-16
L0022,2025-03-17
L0022,2025-03-18
L0022,2025-03-19
L0022,2025-03-20
L0022,2025-03-21
L0022,2025-03-22
L0022,2025-03-23
L0022,2025-03-24
L0022,2025-03-25
L0022,2025-03-26
L0022,2025-03-27
L0022,2025-03-28
L0022,2025-03-29
L0022,2025-03-30
L0022,2025-03-31
L0022,2025-04-01
L0022,2025-04-02
L0022,2025-04-03
L0022,2025-04-04
L0022,2025-04-05
L0022,2025-04-06
L0022,2025-04-07
L0022,2025-04-08
L0022,2025-04-09
L0022,2025-04-10
L0022,2025-04-11
L0022,2025-04-12
L0022,2025-04-13
L0022,2025-04-14
L0022,2025-04-15
L0022,2025-04-16
L0022,2025-04-17
L0022,2025-04-18
L0022,2025-04-19
L0022,2025-04-20
L0022,2025-04-21
L0022,2025-04-22
L0022,2025-04-23
L0022,2025-04-24
L0022,2025-04-25
L0022,2025-04-26
L0022,2025-04-27
L0022,2025-04-28
L0022,2025-04-29
L0022,2025-04-30
L0022,2025-05-01
L0022,2025-05-02
L0022,2025-05-03
L0022,2025-05-04
L0022,2025-05-05
L0022,2025-05-06
L0022,2025-05-07
L0022,2025-05-08
L0022,2025-05-09
L0022,2025-05-10
L0022,2025-05-11
L0022,2025-05-12
L0022,2025-05-13
L0022,2025-05-14
L0022,2025-05-15
L0022,2025-05-16
L0022,2025-05-17
L0022,2025-05-18
L0022,2025-05-19
L0022,2025-05-20
L0022,2025-05-21
L0022,2025-05-22
L0022,2025-05-23
L0022,2025-05-24
L0022,2025-05-25
L0022,2025-05-26
L0022,2025-05-27
L0022,2025-05-28
L0022,2025-05-29
L0022,2025-05-30
L0022,2025-05-31
L0022,2025-06-01
L0022,2025-06-02
L0022,2025-06-03
L0022,2025-06-04
L0022,2025-06-05
L0022,2025-06-06
L0022,2025-06-07
L0022,2025-06-08
L0022,2025-06-09
L0022,2025-06-10
L0022,2025-06-11
L0022,2025-06-12
L0022,2025-06-13
L0022,2025-06-14
L0022,2025-06-15
L0022,2025-06-16
L0022,2025-06-17
L0022,2025-06-18
L0022,2025-06-19
L0022,2025-06-20
L0022,2025-06-21
L0022,2025-06-22
L0022,2025-06-23
L0022,2025-06-24
L0022,2025-06-25
L0022,2025-06-26
L0022,2025-06-27
L0022,2025-06-28
L0022,2025-06-29
L0023,2025-01-01
L0023,2025-01-02
L0023,2025-01-03
L0023,2025-01-04
L0023,2025-01-05
L0023,2025-01-06
L0023,2025-01-07
L0023,2025-01-08
L0023,2025-01-09
L0023,2025-01-10
L0023,2025-01-11
L0023,2025-01-12
L0023,2025-01-13
L0023,2025-01-14
L0023,2025-01-15
L0023,2025-01-16
L0023,2025-01-17
L0023,2025-01-18
L0023,2025-01-19
L0023,2025-01-20
L0023,2025-01-21
L0023,2025-01-22
L0023,2025-01-23
L0023,2025-01-24
L0023,2025-01-25
L0023,2025-01-26
L0023,2025-01-27
L0023,2025-01-28
L0023,2025-01-29
L0023,2025-01-30
L0023,2025-01-31
L0023,2025-02-01
L0023,2025-02-02
L0023,2025-02-03
L0023,2025-02-04
L0023,2025-02-05
L0023,2025-02-06
L0023,2025-02-07
L0023,2025-02-08
L0023,2025-02-09
L0023,2025-02-10
L0023,2025-02-11
L0023,2025-02-12
L0023,2025-02-13
L0023,2025-02-14
L0023,2025-02-15
L0023,2025-02-16
L0023,2025-02-17
L0023,2025-02-18
L0023,2025-02-19
L0023,2025-02-20
L0023,2025-02-21
L0023,2025-02-22
L0023,2025-02-23
L0023,2025-02-24
L0023,2025-02-25
L0023,2025-02-26
L0023,2025-02-27
L0023,2025-02-28
L0023,2025-03-01
L0023,2025-03-02
L0023,2025-03-03
L0023,2025-03-04
L0023,2025-03-05
L0023,2025-03-06
L0023,2025-03-07
L0023,2025-03-08
L0023,2025-03-09
L0023,2025-03-10
L0023,2025-03-11
L0023,2025-03-12
L0023,2025-03-13
L0023,2025-03-14
L0023,2025-03-15
L0023,2025-03-16
L0023,2025-03-17
L0023,2025-03-18
L0023,2025-03-19
L0023,2025-03-20
L0023,2025-03-21
L0023,2025-03-22
L0023,2025-03-23
L0023,2025-03-24
L0023,2025-03-25
L0023,2025-03-26
L0023,2025-03-27
L0023,2025-03-28
L0023,2025-03-29
L0023,2025-03-30
L0023,2025-03-31
L0023,2025-04-01
L0023,2025-04-02
L0023,2025-04-03
L0023,2025-04-04
L0023,2025-04-05
L0023,2025-04-06
L0023,2025-04-07
L0023,2025-04-08
L0023,2025-04-09
L0023,2025-04-10
L0023,2025-04-11
L0023,2025-04-12
L0023,2025-04-13
L0023,2025-04-14
L0023,2025-04-15
L0023,2025-04-16
L0023,2025-04-17
L0023,2025-04-18
L0023,2025-04-19
L0023,2025-04-20
L0023,2025-04-21
L0023,2025-04-22
L0023,2025-04-23
L0023,2025-04-24
L0023,2025-04-25
L0023,2025-04-26
L0023,2025-04-27
L0023,2025-04-28
L0023,2025-04-29
L0023,2025-04-30
L0023,2025-05-01
L0023,2025-05-02
L0023,2025-05-03
L0023,2025-05-04
L0023,2025-05-05
L0023,2025-05-06
L0023,2025-05-07
L0023,2025-05-08
L0023,2025-05-09
L0023,2025-05-10
L0023,2025-05-11
L0023,2025-05-12
L0023,2025-05-13
L0023,2025-05-14
L0023,2025-05-15
L0023,2025-05-16
L0023,2025-05-17
L0023,2025-05-18
L0023,2025-05-19
L0023,2025-05-20
L0023,2025-05-21
L0023,2025-05-22
L0023,2025-05-23
L0023,2025-05-24
L0023,2025-05-25
L0023,2025-05-26
L0023,2025-05-27
L0023,2025-05-28
L0023,2025-05-29
L0023,2025-05-30
L0023,2025-05-31
L0023,2025-06-01
L0023,2025-06-02
L0023,2025-06-03
L0023,2025-06-04
L0023,2025-06-05
L0023,2025-06-06
L0023,2025-06-07
L0023,2025-06-08
L0023,2025-06-09
L0023,2025-06-10
L0023,2025-06-11
L0023,2025-06-12
L0023,2025-06-13
L0023,2025-06-14
L0023,2025-06-15
L0023,2025-06-16
L0023,2025-06-17
L0023,2025-06-18
L0023,2025-06-19
L0023,2025-06-20
L0023,2025-06-21
L0023,2025-06-22
L0023,2025-06-23
L0023,2025-06-24
L0023,2025-06-25
L0023,2025-06-26
L0023,2025-06-27
L0023,2025-06-28
L0023,2025-06-29
L0024,2025-01-01
L0024,2025-01-02
L0024,2025-01-03
L0024,2025-01-04
L0024,2025-01-05
L0024,2025-01-06
L0024,2025-01-07
L0024,2025-01-08
L0024,2025-01-09
L0024,2025-01-10
L0024,2025-01-11
L0024,2025-01-12
L0024,2025-01-13
L0024,2025-01-14
L0024,2025-01-15
L0024,2025-01-16
L0024,2025-01-17
L0024,2025-01-18
L0024,2025-01-19
L0024,2025-01-20
L0024,2025-01-21
L0024,2025-01-22
L0024,2025-01-23
L0024,2025-01-24
L0024,2025-01-25
L0024,2025-01-26
L0024,2025-01-27
L0024,2025-01-28
L0024,2025-01-29
L0024,2025-01-30
L0024,2025-01-31
L0024,2025-02-01
L0024,2025-02-02
L0024,2025-02-03
L0024,2025-02-04
L0024,2025-02-05
L0024,2025-02-06
L0024,2025-02-07
L0024,2025-02-08
L0024,2025-02-09
L0024,2025-02-10
L0024,2025-02-11
L0024,2025-02-12
L0024,2025-02-13
L0024,2025-02-14
L0024,2025-02-15
L0024,2025-02-16
L0024,2025-02-17
L0024,2025-02-18
L0024,2025-02-19
L0024,2025-02-20
L0024,2025-02-21
L0024,2025-02-22
L0024,2025-02-23
L0024,2025-02-24
L0024,2025-02-25
L0024,2025-02-26
L0024,2025-02-27
L0024,2025-02-28
L0024,2025-03-01
L0024,2025-03-02
L0024,2025-03-03
L0024,2025-03-04
L0024,2025-03-05
L0024,2025-03-06
L0024,2025-03-07
L0024,2025-03-08
L0024,2025-03-09
L0024,2025-03-10
L0024,2025-03-11
L0024,2025-03-12
L0024,2025-03-13
L0024,2025-03-14
L0024,2025-03-15
L0024,2025-03-16
L0024,2025-03-17
L0024,2025-03-18
L0024,2025-03-19
L0024,2025-03-20
L0024,2025-03-21
L0024,2025-03-22
L0024,2025-03-23
L0024,2025-03-24
L0024,2025-03-25
L0024,2025-03-26
L0024,2025-03-27
L0024,2025-03-28
L0024,2025-03-29
L0024,2025-03-30
L0024,2025-03-31
L0024,2025-04-01
L0024,2025-04-02
L0024,2025-04-03
L0024,2025-04-04
L0024,2025-04-05
L0024,2025-04-06
L0024,2025-04-07
L0024,2025-04-08
L0024,2025-04-09
L0024,2025-04-10
L0024,2025-04-11
L0024,2025-04-12
L0024,2025-04-13
L0024,2025-04-14
L0024,2025-04-15
L0024,2025-04-16
L0024,2025-04-17
L0024,2025-04-18
L0024,2025-04-19
L0024,2025-04-20
L0024,2025-04-21
L0024,2025-04-22
L0024,2025-04-23
L0024,2025-04-24
L0024,2025-04-25
L0024,2025-04-26
L0024,2025-04-27
L0024,2025-04-28
L0024,2025-04-29
L0024,2025-04-30
L0024,2025-05-01
L0024,2025-05-02
L0024,2025-05-03
L0024,2025-05-04
L0024,2025-05-05
L0024,2025-05-06
L0024,2025-05-07
L0024,2025-05-08
L0024,2025-05-09
L0024,2025-05-10
L0024,2025-05-11
L0024,2025-05-12
L0024,2025-05-13
L0024,2025-05-14
L0024,2025-05-15
L0024,2025-05-16
L0024,2025-05-17
L0024,2025-05-18
L0024,2025-05-19
L0024,2025-05-20
L0024,2025-05-21
L0024,2025-05-22
L0024,2025-05-23
L0024,2025-05-24
L0024,2025-05-25
L0024,2025-05-26
L0024,2025-05-27
L0024,2025-05-28
L0024,2025-05-29
L0024,2025-05-30
L0024,2025-05-31
L0024,2025-06-01
L0024,2025-06-02
L0024,2025-06-03
L0024,2025-06-04
L0024,2025-06-05
L0024,2025-06-06
L0024,2025-06-07
L0024,2025-06-08
L0024,2025-06-09
L0024,2025-06-10
L0024,2025-06-11
L0024,2025-06-12
L0024,2025-06-13
L0024,2025-06-14
L0024,2025-06-15
L0024,2025-06-16
L0024,2025-06-17
L0024,2025-06-18
L0024,2025-06-19
L0024,2025-06-20
L0024,2025-06-21
L0024,2025-06-22
L0024,2025-06-23
L0024,2025-06-24
L0024,2025-06-25
L0024,2025-06-26
L0024,2025-06-27
L0024,2025-06-28
L0024,2025-06-29
L0025,2025-01-01
L0025,2025-01-02
L0025,2025-01-03
L0025,2025-01-04
L0025,2025-01-05
L0025,2025-01-06
L0025,2025-01-07
L0025,2025-01-08
L0025,2025-01-09
L0025,2025-01-10
L0025,2025-01-11
L0025,2025-01-12
L0025,2025-01-13
L0025,2025-01-14
L0025,2025-01-15
L0025,2025-01-16
L0025,2025-01-17
L0025,2025-01-18
L0025,2025-01-19
L0025,2025-01-20
L0025,2025-01-21
L0025,2025-01-22
L0025,2025-01-23
L0025,2025-01-24
L0025,2025-01-25
L0025,2025-01-26
L0025,2025-01-27
L0025,2025-01-28
L0025,2025-01-29
L0025,2025-01-30
L0025,2025-01-31
L0025,2025-02-01
L0025,2025-02-02
L0025,2025-02-03
L0025,2025-02-04
L0025,2025-02-05
L0025,2025-02-06
L0025,2025-02-07
L0025,2025-02-08
L0025,2025-02-09
L0025,2025-02-10
L0025,2025-02-11
L0025,2025-02-12
L0025,2025-02-13
L0025,2025-02-14
L0025,2025-02-15
L0025,2025-02-16
L0025,2025-02-17
L0025,2025-02-18
L0025,2025-02-19
L0025,2025-02-20
L0025,2025-02-21
L0025,2025-02-22
L0025,2025-02-23
L0025,2025-02-24
L0025,2025-02-25
L0025,2025-02-26
L0025,2025-02-27
L0025,2025-02-28
L0025,2025-03-01
L0025,2025-03-02
L0025,2025-03-03
L0025,2025-03-04
L0025,2025-03-05
L0025,2025-03-06
L0025,2025-03-07
L0025,2025-03-08
L0025,2025-03-09
L0025,2025-03-10
L0025,2025-03-11
L0025,2025-03-12
L0025,2025-03-13
L0025,2025-03-14
L0025,2025-03-15
L0025,2025-03-16
L0025,2025-03-17
L0025,2025-03-18
L0025,2025-03-19
L0025,2025-03-20
L0025,2025-03-21
L0025,2025-03-22
L0025,2025-03-23
L0025,2025-03-24
L0025,2025-03-25
L0025,2025-03-26
L0025,2025-03-27
L0025,2025-03-28
L0025,2025-03-29
L0025,2025-03-30
L0025,2025-03-31
L0025,2025-04-01
L0025,2025-04-02
L0025,2025-04-03
L0025,2025-04-04
L0025,2025-04-05
L0025,2025-04-06
L0025,2025-04-07
L0025,2025-04-08
L0025,2025-04-09
L0025,2025-04-10
L0025,2025-04-11
L0025,2025-04-12
L0025,2025-04-13
L0025,2025-04-14
L0025,2025-04-15
L0025,2025-04-16
L0025,2025-04-17
L0025,2025-04-18
L0025,2025-04-19
L0025,2025-04-20
L0025,2025-04-21
L0025,2025-04-22
L0025,2025-04-23
L0025,2025-04-24
L0025,2025-04-25
L0025,2025-04-26
L0025,2025-04-27
L0025,2025-04-28
L0025,2025-04-29
L0025,2025-04-30
L0025,2025-05-01
L0025,2025-05-02
L0025,2025-05-03
L0025,2025-05-04
L0025,2025-05-05
L0025,2025-05-06
L0025,2025-05-07
L0025,2025-05-08
L0025,2025-05-09
L0025,2025-05-10
L0025,2025-05-11
L0025,2025-05-12
L0025,2025-05-13
L0025,2025-05-14
L0025,2025-05-15
L0025,2025-05-16
L0025,2025-05-17
L0025,2025-05-18
L0025,2025-05-19
L0025,2025-05-20
L0025,2025-05-21
L0025,2025-05-22
L0025,2025-05-23
L0025,2025-05-24
L0025,2025-05-25
L0025,2025-05-26
L0025,2025-05-27
L0025,2025-05-28
L0025,2025-05-29
L0025,2025-05-30
L0025,2025-05-31
L0025,2025-06-01
L0025,2025-06-02
L0025,2025-06-03
L0025,2025-06-04
L0025,2025-06-05
L0025,2025-06-06
L0025,2025-06-07
L0025,2025-06-08
L0025,2025-06-09
L0025,2025-06-10
L0025,2025-06-11
L0025,2025-06-12
L0025,2025-06-13
L0025,2025-06-14
L0025,2025-06-15
L0025,2025-06-16
L0025,2025-06-17
L0025,2025-06-18
L0025,2025-06-19
L0025,2025-06-20
L0025,2025-06-21
L0025,2025-06-22
L0025,2025-06-23
L0025,2025-06-24
L0025,2025-06-25
L0025,2025-06-26
L0025,2025-06-27
L0025,2025-06-28
L0025,2025-06-29
L0026,2025-01-01
L0026,2025-01-02
L0026,2025-01-03
L0026,2025-01-04
L0026,2025-01-05
L0026,2025-01-06
L0026,2025-01-07
L0026,2025-01-08
L0026,2025-01-09
L0026,2025-01-10
L0026,2025-01-11
L0026,2025-01-12
L0026,2025-01-13
L0026,2025-01-14
L0026,2025-01-15
L0026,2025-01-16
L0026,2025-01-17
L0026,2025-01-18
L0026,2025-01-19
L0026,2025-01-20
L0026,2025-01-21
L0026,2025-01-22
L0026,2025-01-23
L0026,2025-01-24
L0026,2025-01-25
L0026,2025-01-26
L0026,2025-01-27
L0026,2025-01-28
L0026,2025-01-29
L0026,2025-01-30
L0026,2025-01-31
L0026,2025-02-01
L0026,2025-02-02
L0026,2025-02-03
L0026,2025-02-04
L0026,2025-02-05
L0026,2025-02-06
L0026,2025-02-07
L0026,2025-02-08
L0026,2025-02-09
L0026,2025-02-10
L0026,2025-02-11
L0026,2025-02-12
L0026,2025-02-13
L0026,2025-02-14
L0026,2025-02-15
L0026,2025-02-16
L0026,2025-02-17
L0026,2025-02-18
L0026,2025-02-19
L0026,2025-02-20
L0026,2025-02-21
L0026,2025-02-22
L0026,2025-02-23
L0026,2025-02-24
L0026,2025-02-25
L0026,2025-02-26
L0026,2025-02-27
L0026,2025-02-28
L0026,2025-03-01
L0026,2025-03-02
L0026,2025-03-03
L0026,2025-03-04
L0026,2025-03-05
L0026,2025-03-06
L0026,2025-03-07
L0026,2025-03-08
L0026,2025-03-09
L0026,2025-03-10
L0026,2025-03-11
L0026,2025-03-12
L0026,2025-03-13
L0026,2025-03-14
L0026,2025-03-15
L0026,2025-03-16
L0026,2025-03-17
L0026,2025-03-18
L0026,2025-03-19
L0026,2025-03-20
L0026,2025-03-21
L0026,2025-03-22
L0026,2025-03-23
L0026,2025-03-24
L0026,2025-03-25
L0026,2025-03-26
L0026,2025-03-27
L0026,2025-03-28
L0026,2025-03-29
L0026,2025-03-30
L0026,2025-03-31
L0026,2025-04-01
L0026,2025-04-02
L0026,2025-04-03
L0026,2025-04-04
L0026,2025-04-05
L0026,2025-04-06
L0026,2025-04-07
L0026,2025-04-08
L0026,2025-04-09
L0026,2025-04-10
L0026,2025-04-11
L0026,2025-04-12
L0026,2025-04-13
L0026,2025-04-14
L0026,2025-04-15
L0026,2025-04-16
L0026,2025-04-17
L0026,2025-04-18
L0026,2025-04-19
L0026,2025-04-20
L0026,2025-04-21
L0026,2025-04-22
L0026,2025-04-23
L0026,2025-04-24
L0026,2025-04-25
L0026,2025-04-26
L0026,2025-04-27
L0026,2025-04-28
L0026,2025-04-29
L0026,2025-04-30
L0026,2025-05-01
L0026,2025-05-02
L0026,2025-05-03
L0026,2025-05-04
L0026,2025-05-05
L0026,2025-05-06
L0026,2025-05-07
L0026,2025-05-08
L0026,2025-05-09
L0026,2025-05-10
L0026,2025-05-11
L0026,2025-05-12
L0026,2025-05-13
L0026,2025-05-14
L0026,2025-05-15
L0026,2025-05-16
L0026,2025-05-17
L0026,2025-05-18
L0026,2025-05-19
L0026,2025-05-20
L0026,2025-05-21
L0026,2025-05-22
L0026,2025-05-23
L0026,2025-05-24
L0026,2025-05-25
L0026,2025-05-26
L0026,2025-05-27
L0026,2025-05-28
L0026,2025-05-29
L0026,2025-05-30
L0026,2025-05-31
L0026,2025-06-01
L0026,2025-06-02
L0026,2025-06-03
L0026,2025-06-04
L0026,2025-06-05
L0026,2025-06-06
L0026,2025-06-07
L0026,2025-06-08
L0026,2025-06-09
L0026,2025-06-10
L0026,2025-06-11
L0026,2025-06-12
L0026,2025-06-13
L0026,2025-06-14
L0026,2025-06-15
L0026,2025-06-16
L0026,2025-06-17
L0026,2025-06-18
L0026,2025-06-19
L0026,2025-06-20
L0026,2025-06-21
L0026,2025-06-22
L0026,2025-06-23
L0026,2025-06-24
L0026,2025-06-25
L0026,2025-06-26
L0026,2025-06-27
L0026,2025-06-28
L0026,2025-06-29
L0027,2025-01-01
L0027,2025-01-02
L0027,2025-01-03
L0027,2025-01-04
L0027,2025-01-05
L0027,2025-01-06
L0027,2025-01-07
L0027,2025-01-08
L0027,2025-01-09
L0027,2025-01-10
L0027,2025-01-11
L0027,2025-01-12
L0027,2025-01-13
L0027,2025-01-14
L0027,2025-01-15
L0027,2025-01-16
L0027,2025-01-17
L0027,2025-01-18
L0027,2025-01-19
L0027,2025-01-20
L0027,2025-01-21
L0027,2025-01-22
L0027,2025-01-23
L0027,2025-01-24
L0027,2025-01-25
L0027,2025-01-26
L0027,2025-01-27
L0027,2025-01-28
L0027,2025-01-29
L0027,2025-01-30
L0027,2025-01-31
L0027,2025-02-01
L0027,2025-02-02
L0027,2025-02-03
L0027,2025-02-04
L0027,2025-02-05
L0027,2025-02-06
L0027,2025-02-07
L0027,2025-02-08
L0027,2025-02-09
L0027,2025-02-10
L0027,2025-02-11
L0027,2025-02-12
L0027,2025-02-13
L0027,2025-02-14
L0027,2025-02-15
L0027,2025-02-16
L0027,2025-02-17
L0027,2025-02-18
L0027,2025-02-19
L0027,2025-02-20
L0027,2025-02-21
L0027,2025-02-22
L0027,2025-02-23
L0027,2025-02-24
L0027,2025-02-25
L0027,2025-02-26
L0027,2025-02-27
L0027,2025-02-28
L0027,2025-03-01
L0027,2025-03-02
L0027,2025-03-03
L0027,2025-03-04
L0027,2025-03-05
L0027,2025-03-06
L0027,2025-03-07
L0027,2025-03-08
L0027,2025-03-09
L0027,2025-03-10
L0027,2025-03-11
L0027,2025-03-12
L0027,2025-03-13
L0027,2025-03-14
L0027,2025-03-15
L0027,2025-03-16
L0027,2025-03-17
L0027,2025-03-18
L0027,2025-03-19
L0027,2025-03-20
L0027,2025-03-21
L0027,2025-03-22
L0027,2025-03-23
L0027,2025-03-24
L0027,2025-03-25
L0027,2025-03-26
L0027,2025-03-27
L0027,2025-03-28
L0027,2025-03-29
L0027,2025-03-30
L0027,2025-03-31
L0027,2025-04-01
L0027,2025-04-02
L0027,2025-04-03
L0027,2025-04-04
L0027,2025-04-05
L0027,2025-04-06
L0027,2025-04-07
L0027,2025-04-08
L0027,2025-04-09
L0027,2025-04-10
L0027,2025-04-11
L0027,2025-04-12
L0027,2025-04-13
L0027,2025-04-14
L0027,2025-04-15
L0027,2025-04-16
L0027,2025-04-17
L0027,2025-04-18
L0027,2025-04-19
L0027,2025-04-20
L0027,2025-04-21
L0027,2025-04-22
L0027,2025-04-23
L0027,2025-04-24
L0027,2025-04-25
L0027,2025-04-26
L0027,2025-04-27
L0027,2025-04-28
L0027,2025-04-29
L0027,2025-04-30
L0027,2025-05-01
L0027,2025-05-02
L0027,2025-05-03
L0027,2025-05-04
L0027,2025-05-05
L0027,2025-05-06
L0027,2025-05-07
L0027,2025-05-08
L0027,2025-05-09
L0027,2025-05-10
L0027,2025-05-11
L0027,2025-05-12
L0027,2025-05-13
L0027,2025-05-14
L0027,2025-05-15
L0027,2025-05-16
L0027,2025-05-17
L0027,2025-05-18
L0027,2025-05-19
L0027,2025-05-20
L0027,2025-05-21
L0027,2025-05-22
L0027,2025-05-23
L0027,2025-05-24
L0027,2025-05-25
L0027,2025-05-26
L0027,2025-05-27
L0027,2025-05-28
L0027,2025-05-29
L0027,2025-05-30
L0027,2025-05-31
L0027,2025-06-01
L0027,2025-06-02
L0027,2025-06-03
L0027,2025-06-04
L0027,2025-06-05
L0027,2025-06-06
L0027,2025-06-07
L0027,2025-06-08
L0027,2025-06-09
L0027,2025-06-10
L0027,2025-06-11
L0027,2025-06-12
L0027,2025-06-13
L0027,2025-06-14
L0027,2025-06-15
L0027,2025-06-16
L0027,2025-06-17
L0027,2025-06-18
L0027,2025-06-19
L0027,2025-06-20
L0027,2025-06-21
L0027,2025-06-22
L0027,2025-06-23
L0027,2025-06-24
L0027,2025-06-25
L0027,2025-06-26
L0027,2025-06-27
L0027,2025-06-28
L0027,2025-06-29
L0028,2025-01-01
L0028,2025-01-02
L0028,2025-01-03
L0028,2025-01-04
L0028,2025-01-05
L0028,2025-01-06
L0028,2025-01-07
L0028,2025-01-08
L0028,2025-01-09
L0028,2025-01-10
L0028,2025-01-11
L0028,2025-01-12
L0028,2025-01-13
L0028,2025-01-14
L0028,2025-01-15
L0028,2025-01-16
L0028,2025-01-17
L0028,2025-01-18
L0028,2025-01-19
L0028,2025-01-20
L0028,2025-01-21
L0028,2025-01-22
L0028,2025-01-23
L0028,2025-01-24
L0028,2025-01-25
L0028,2025-01-26
L0028,2025-01-27
L0028,2025-01-28
L0028,2025-01-29
L0028,2025-01-30
L0028,2025-01-31
L0028,2025-02-01
L0028,2025-02-02
L0028,2025-02-03
L0028,2025-02-04
L0028,2025-02-05
L0028,2025-02-06
L0028,2025-02-07
L0028,2025-02-08
L0028,2025-02-09
L0028,2025-02-10
L0028,2025-02-11
L0028,2025-02-12
L0028,2025-02-13
L0028,2025-02-14
L0028,2025-02-15
L0028,2025-02-16
L0028,2025-02-17
L0028,2025-02-18
L0028,2025-02-19
L0028,2025-02-20
L0028,2025-02-21
L0028,2025-02-22
L0028,2025-02-23
L0028,2025-02-24
L0028,2025-02-25
L0028,2025-02-26
L0028,2025-02-27
L0028,2025-02-28
L0028,2025-03-01
L0028,2025-03-02
L0028,2025-03-03
L0028,2025-03-04
L0028,2025-03-05
L0028,2025-03-06
L0028,2025-03-07
L0028,2025-03-08
L0028,2025-03-09
L0028,2025-03-10
L0028,2025-03-11
L0028,2025-03-12
L0028,2025-03-13
L0028,2025-03-14
L0028,2025-03-15
L0028,2025-03-16
L0028,2025-03-17
L0028,2025-03-18
L0028,2025-03-19
L0028,2025-03-20
L0028,2025-03-21
L0028,2025-03-22
L0028,2025-03-23
L0028,2025-03-24
L0028,2025-03-25
L0028,2025-03-26
L0028,2025-03-27
L0028,2025-03-28
L0028,2025-03-29
L0028,2025-03-30
L0028,2025-03-31
L0028,2025-04-01
L0028,2025-04-02
L0028,2025-04-03
L0028,2025-04-04
L0028,2025-04-05
L0028,2025-04-06
L0028,2025-04-07
L0028,2025-04-08
L0028,2025-04-09
L0028,2025-04-10
L0028,2025-04-11
L0028,2025-04-12
L0028,2025-04-13
L0028,2025-04-14
L0028,2025-04-15
L0028,2025-04-16
L0028,2025-04-17
L0028,2025-04-18
L0028,2025-04-19
L0028,2025-04-20
L0028,2025-04-21
L0028,2025-04-22
L0028,2025-04-23
L0028,2025-04-24
L0028,2025-04-25
L0028,2025-04-26
L0028,2025-04-27
L0028,2025-04-28
L0028,2025-04-29
L0028,2025-04-30
L0028,2025-05-01
L0028,2025-05-02
L0028,2025-05-03
L0028,2025-05-04
L0028,2025-05-05
L0028,2025-05-06
L0028,2025-05-07
L0028,2025-05-08
L0028,2025-05-09
L0028,2025-05-10
L0028,2025-05-11
L0028,2025-05-12
L0028,2025-05-13
L0028,2025-05-14
L0028,2025-05-15
L0028,2025-05-16
L0028,2025-05-17
L0028,2025-05-18
L0028,2025-05-19
L0028,2025-05-20
L0028,2025-05-21
L0028,2025-05-22
L0028,2025-05-23
L0028,2025-05-24
L0028,2025-05-25
L0028,2025-05-26
L0028,2025-05-27
L0028,2025-05-28
L0028,2025-05-29
L0028,2025-05-30
L0028,2025-05-31
L0028,2025-06-01
L0028,2025-06-02
L0028,2025-06-03
L0028,2025-06-04
L0028,2025-06-05
L0028,2025-06-06
L0028,2025-06-07
L0028,2025-06-08
L0028,2025-06-09
L0028,2025-06-10
L0028,2025-06-11
L0028,2025-06-12
L0028,2025-06-13
L0028,2025-06-14
L0028,2025-06-15
L0028,2025-06-16
L0028,2025-06-17
L0028,2025-06-18
L0028,2025-06-19
L0028,2025-06-20
L0028,2025-06-21
L0028,2025-06-22
L0028,2025-06-23
L0028,2025-06-24
L0028,2025-06-25
L0028,2025-06-26
L0028,2025-06-27
L0028,2025-06-28
L0028,2025-06-29
L0029,2025-01-01
L0029,2025-01-02
L0029,2025-01-03
L0029,2025-01-04
L0029,2025-01-05
L0029,2025-01-06
L0029,2025-01-07
L0029,2025-01-08
L0029,2025-01-09
L0029,2025-01-10
L0029,2025-01-11
L0029,2025-01-12
L0029,2025-01-13
L0029,2025-01-14
L0029,2025-01-15
L0029,2025-01-16
L0029,2025-01-17
L0029,2025-01-18
L0029,2025-01-19
L0029,2025-01-20
L0029,2025-01-21
L0029,2025-01-22
L0029,2025-01-23
L0029,2025-01-24
L0029,2025-01-25
L0029,2025-01-26
L0029,2025-01-27
L0029,2025-01-28
L0029,2025-01-29
L0029,2025-01-30
L0029,2025-01-31
L0029,2025-02-01
L0029,2025-02-02
L0029,2025-02-03
L0029,2025-02-04
L0029,2025-02-05
L0029,2025-02-06
L0029,2025-02-07
L0029,2025-02-08
L0029,2025-02-09
L0029,2025-02-10
L0029,2025-02-11
L0029,2025-02-12
L0029,2025-02-13
L0029,2025-02-14
L0029,2025-02-15
L0029,2025-02-16
L0029,2025-02-17
L0029,2025-02-18
L0029,2025-02-19
L0029,2025-02-20
L0029,2025-02-21
L0029,2025-02-22
L0029,2025-02-23
L0029,2025-02-24
L0029,2025-02-25
L0029,2025-02-26
L0029,2025-02-27
L0029,2025-02-28
L0029,2025-03-01
L0029,2025-03-02
L0029,2025-03-03
L0029,2025-03-04
L0029,2025-03-05
L0029,2025-03-06
L0029,2025-03-07
L0029,2025-03-08
L0029,2025-03-09
L0029,2025-03-10
L0029,2025-03-11
L0029,2025-03-12
L0029,2025-03-13
L0029,2025-03-14
L0029,2025-03-15
L0029,2025-03-16
L0029,2025-03-17
L0029,2025-03-18
L0029,2025-03-19
L0029,2025-03-20
L0029,2025-03-21
L0029,2025-03-22
L0029,2025-03-23
L0029,2025-03-24
L0029,2025-03-25
L0029,2025-03-26
L0029,2025-03-27
L0029,2025-03-28
L0029,2025-03-29
L0029,2025-03-30
L0029,2025-03-31
L0029,2025-04-01
L0029,2025-04-02
L0029,2025-04-03
L0029,2025-04-04
L0029,2025-04-05
L0029,2025-04-06
L0029,2025-04-07
L0029,2025-04-08
L0029,2025-04-09
L0029,2025-04-10
L0029,2025-04-11
L0029,2025-04-12
L0029,2025-04-13
L0029,2025-04-14
L0029,2025-04-15
L0029,2025-04-16
L0029,2025-04-17
L0029,2025-04-18
L0029,2025-04-19
L0029,2025-04-20
L0029,2025-04-21
L0029,2025-04-22
L0029,2025-04-23
L0029,2025-04-24
L0029,2025-04-25
L0029,2025-04-26
L0029,2025-04-27
L0029,2025-04-28
L0029,2025-04-29
L0029,2025-04-30
L0029,2025-05-01
L0029,2025-05-02
L0029,2025-05-03
L0029,2025-05-04
L0029,2025-05-05
L0029,2025-05-06
L0029,2025-05-07
L0029,2025-05-08
L0029,2025-05-09
L0029,2025-05-10
L0029,2025-05-11
L0029,2025-05-12
L0029,2025-05-13
L0029,2025-05-14
L0029,2025-05-15
L0029,2025-05-16
L0029,2025-05-17
L0029,2025-05-18
L0029,2025-05-19
L0029,2025-05-20
L0029,2025-05-21
L0029,2025-05-22
L0029,2025-05-23
L0029,2025-05-24
L0029,2025-05-25
L0029,2025-05-26
L0029,2025-05-27
L0029,2025-05-28
L0029,2025-05-29
L0029,2025-05-30
L0029,2025-05-31
L0029,2025-06-01
L0029,2025-06-02
L0029,2025-06-03
L0029,2025-06-04
L0029,2025-06-05
L0029,2025-06-06
L0029,2025-06-07
L0029,2025-06-08
L0029,2025-06-09
L0029,2025-06-10
L0029,2025-06-11
L0029,2025-06-12
L0029,2025-06-13
L0029,2025-06-14
L0029,2025-06-15
L0029,2025-06-16
L0029,2025-06-17
L0029,2025-06-18
L0029,2025-06-19
L0029,2025-06-20
L0029,2025-06-21
L0029,2025-06-22
L0029,2025-06-23
L0029,2025-06-24
L0029,2025-06-25
L0029,2025-06-26
L0029,2025-06-27
L0029,2025-06-28
L0029,2025-06-29
L0030,2025-01-01
L0030,2025-01-02
L0030,2025-01-03
L0030,2025-01-04
L0030,2025-01-05
L0030,2025-01-06
L0030,2025-01-07
L0030,2025-01-08
L0030,2025-01-09
L0030,2025-01-10
L0030,2025-01-11
L0030,2025-01-12
L0030,2025-01-13
L0030,2025-01-14
L0030,2025-01-15
L0030,2025-01-16
L0030,2025-01-17
L0030,2025-01-18
L0030,2025-01-19
L0030,2025-01-20
L0030,2025-01-21
L0030,2025-01-22
L0030,2025-01-23
L0030,2025-01-24
L0030,2025-01-25
L0030,2025-01-26
L0030,2025-01-27
L0030,2025-01-28
L0030,2025-01-29
L0030,2025-01-30
L0030,2025-01-31
L0030,2025-02-01
L0030,2025-02-02
L0030,2025-02-03
L0030,2025-02-04
L0030,2025-02-05
L0030,2025-02-06
L0030,2025-02-07
L0030,2025-02-08
L0030,2025-02-09
L0030,2025-02-10
L0030,2025-02-11
L0030,2025-02-12
L0030,2025-02-13
L0030,2025-02-14
L0030,2025-02-15
L0030,2025-02-16
L0030,2025-02-17
L0030,2025-02-18
L0030,2025-02-19
L0030,2025-02-20
L0030,2025-02-21
L0030,2025-02-22
L0030,2025-02-23
L0030,2025-02-24
L0030,2025-02-25
L0030,2025-02-26
L0030,2025-02-27
L0030,2025-02-28
L0030,2025-03-01
L0030,2025-03-02
L0030,2025-03-03
L0030,2025-03-04
L0030,2025-03-05
L0030,2025-03-06
L0030,2025-03-07
L0030,2025-03-08
L0030,2025-03-09
L0030,2025-03-10
L0030,2025-03-11
L0030,2025-03-12
L0030,2025-03-13
L0030,2025-03-14
L0030,2025-03-15
L0030,2025-03-16
L0030,2025-03-17
L0030,2025-03-18
L0030,2025-03-19
L0030,2025-03-20
L0030,2025-03-21
L0030,2025-03-22
L0030,2025-03-23
L0030,2025-03-24
L0030,2025-03-25
L0030,2025-03-26
L0030,2025-03-27
L0030,2025-03-28
L0030,2025-03-29
L0030,2025-03-30
L0030,2025-03-31
L0030,2025-04-01
L0030,2025-04-02
L0030,2025-04-03
L0030,2025-04-04
L0030,2025-04-05
L0030,2025-04-06
L0030,2025-04-07
L0030,2025-04-08
L0030,2025-04-09
L0030,2025-04-10
L0030,2025-04-11
L0030,2025-04-12
L0030,2025-04-13
L0030,2025-04-14
L0030,2025-04-15
L0030,2025-04-16
L0030,2025-04-17
L0030,2025-04-18
L0030,2025-04-19
L0030,2025-04-20
L0030,2025-04-21
L0030,2025-04-22
L0030,2025-04-23
L0030,2025-04-24
L0030,2025-04-25
L0030,2025-04-26
L0030,2025-04-27
L0030,2025-04-28
L0030,2025-04-29
L0030,2025-04-30
L0030,2025-05-01
L0030,2025-05-02
L0030,2025-05-03
L0030,2025-05-04
L0030,2025-05-05
L0030,2025-05-06
L0030,2025-05-07
L0030,2025-05-08
L0030,2025-05-09
L0030,2025-05-10
L0030,2025-05-11
L0030,2025-05-12
L0030,2025-05-13
L0030,2025-05-14
L0030,2025-05-15
L0030,2025-05-16
L0030,2025-05-17
L0030,2025-05-18
L0030,2025-05-19
L0030,2025-05-20
L0030,2025-05-21
L0030,2025-05-22
L0030,2025-05-23
L0030,2025-05-24
L0030,2025-05-25
L0030,2025-05-26
L0030,2025-05-27
L0030,2025-05-28
L0030,2025-05-29
L0030,2025-05-30
L0030,2025-05-31
L0030,2025-06-01
L0030,2025-06-02
L0030,2025-06-03
L0030,2025-06-04
L0030,2025-06-05
L0030,2025-06-06
L0030,2025-06-07
L0030,2025-06-08
L0030,2025-06-09
L0030,2025-06-10
L0030,2025-06-11
L0030,2025-06-12
L0030,2025-06-13
L0030,2025-06-14
L0030,2025-06-15
L0030,2025-06-16
L0030,2025-06-17
L0030,2025-06-18
L0030,2025-06-19
L0030,2025-06-20
L0030,2025-06-21
L0030,2025-06-22
L0030,2025-06-23
L0030,2025-06-24
L0030,2025-06-25
L0030,2025-06-26
L0030,2025-06-27
L0030,2025-06-28
L0030,2025-06-29
L0031,2025-01-01
L0031,2025-01-02
L0031,2025-01-03
L0031,2025-01-04
L0031,2025-01-05
L0031,2025-01-06
L0031,2025-01-07
L0031,2025-01-08
L0031,2025-01-09
L0031,2025-01-10
L0031,2025-01-11
L0031,2025-01-12
L0031,2025-01-13
L0031,2025-01-14
L0031,2025-01-15
L0031,2025-01-16
L0031,2025-01-17
L0031,2025-01-18
L0031,2025-01-19
L0031,2025-01-20
L0031,2025-01-21
L0031,2025-01-22
L0031,2025-01-23
L0031,2025-01-24
L0031,2025-01-25
L0031,2025-01-26
L0031,2025-01-27
L0031,2025-01-28
L0031,2025-01-29
L0031,2025-01-30
L0031,2025-01-31
L0031,2025-02-01
L0031,2025-02-02
L0031,2025-02-03
L0031,2025-02-04
L0031,2025-02-05
L0031,2025-02-06
L0031,2025-02-07
L0031,2025-02-08
L0031,2025-02-09
L0031,2025-02-10
L0031,2025-02-11
L0031,2025-02-12
L0031,2025-02-13
L0031,2025-02-14
L0031,2025-02-15
L0031,2025-02-16
L0031,2025-02-17
L0031,2025-02-18
L0031,2025-02-19
L0031,2025-02-20
L0031,2025-02-21
L0031,2025-02-22
L0031,2025-02-23
L0031,2025-02-24
L0031,2025-02-25
L0031,2025-02-26
L0031,2025-02-27
L0031,2025-02-28
L0031,2025-03-01
L0031,2025-03-02
L0031,2025-03-03
L0031,2025-03-04
L0031,2025-03-05
L0031,2025-03-06
L0031,2025-03-07
L0031,2025-03-08
L0031,2025-03-09
L0031,2025-03-10
L0031,2025-03-11
L0031,2025-03-12
L0031,2025-03-13
L0031,2025-03-14
L0031,2025-03-15
L0031,2025-03-16
L0031,2025-03-17
L0031,2025-03-18
L0031,2025-03-19
L0031,2025-03-20
L0031,2025-03-21
L0031,2025-03-22
L0031,2025-03-23
L0031,2025-03-24
L0031,2025-03-25
L0031,2025-03-26
L0031,2025-03-27
L0031,2025-03-28
L0031,2025-03-29
L0031,2025-03-30
L0031,2025-03-31
L0031,2025-04-01
L0031,2025-04-02
L0031,2025-04-03
L0031,2025-04-04
L0031,2025-04-05
L0031,2025-04-06
L0031,2025-04-07
L0031,2025-04-08
L0031,2025-04-09
L0031,2025-04-10
L0031,2025-04-11
L0031,2025-04-12
L0031,2025-04-13
L0031,2025-04-14
L0031,2025-04-15
L0031,2025-04-16
L0031,2025-04-17
L0031,2025-04-18
L0031,2025-04-19
L0031,2025-04-20
L0031,2025-04-21
L0031,2025-04-22
L0031,2025-04-23
L0031,2025-04-24
L0031,2025-04-25
L0031,2025-04-26
L0031,2025-04-27
L0031,2025-04-28
L0031,2025-04-29
L0031,2025-04-30
L0031,2025-05-01
L0031,2025-05-02
L0031,2025-05-03
L0031,2025-05-04
L0031,2025-05-05
L0031,2025-05-06
L0031,2025-05-07
L0031,2025-05-08
L0031,2025-05-09
L0031,2025-05-10
L0031,2025-05-11
L0031,2025-05-12
L0031,2025-05-13
L0031,2025-05-14
L0031,2025-05-15
L0031,2025-05-16
L0031,2025-05-17
L0031,2025-05-18
L0031,2025-05-19
L0031,2025-05-20
L0031,2025-05-21
L0031,2025-05-22
L0031,2025-05-23
L0031,2025-05-24
L0031,2025-05-25
L0031,2025-05-26
L0031,2025-05-27
L0031,2025-05-28
L0031,2025-05-29
L0031,2025-05-30
L0031,2025-05-31
L0031,2025-06-01
L0031,2025-06-02
L0031,2025-06-03
L0031,2025-06-04
L0031,2025-06-05
L0031,2025-06-06
L0031,2025-06-07
L0031,2025-06-08
L0031,2025-06-09
L0031,2025-06-10
L0031,2025-06-11
L0031,2025-06-12
L0031,2025-06-13
L0031,2025-06-14
L0031,2025-06-15
L0031,2025-06-16
L0031,2025-06-17
L0031,2025-06-18
L0031,2025-06-19
L0031,2025-06-20
L0031,2025-06-21
L0031,2025-06-22
L0031,2025-06-23
L0031,2025-06-24
L0031,2025-06-25
L0031,2025-06-26
L0031,2025-06-27
L0031,2025-06-28
L0031,2025-06-29
L0032,2025-01-01
L0032,2025-01-02
L0032,2025-01-03
L0032,2025-01-04
L0032,2025-01-05
L0032,2025-01-06
L0032,2025-01-07
L0032,2025-01-08
L0032,2025-01-09
L0032,2025-01-10
L0032,2025-01-11
L0032,2025-01-12
L0032,2025-01-13
L0032,2025-01-14
L0032,2025-01-15
L0032,2025-01-16
L0032,2025-01-17
L0032,2025-01-18
L0032,2025-01-19
L0032,2025-01-20
L0032,2025-01-21
L0032,2025-01-22
L0032,2025-01-23
L0032,2025-01-24
L0032,2025-01-25
L0032,2025-01-26
L0032,2025-01-27
L0032,2025-01-28
L0032,2025-01-29
L0032,2025-01-30
L0032,2025-01-31
L0032,2025-02-01
L0032,2025-02-02
L0032,2025-02-03
L0032,2025-02-04
L0032,2025-02-05
L0032,2025-02-06
L0032,2025-02-07
L0032,2025-02-08
L0032,2025-02-09
L0032,2025-02-10
L0032,2025-02-11
L0032,2025-02-12
L0032,2025-02-13
L0032,2025-02-14
L0032,2025-02-15
L0032,2025-02-16
L0032,2025-02-17
L0032,2025-02-18
L0032,2025-02-19
L0032,2025-02-20
L0032,2025-02-21
L0032,2025-02-22
L0032,2025-02-23
L0032,2025-02-24
L0032,2025-02-25
L0032,2025-02-26
L0032,2025-02-27
L0032,2025-02-28
L0032,2025-03-01
L0032,2025-03-02
L0032,2025-03-03
L0032,2025-03-04
L0032,2025-03-05
L0032,2025-03-06
L0032,2025-03-07
L0032,2025-03-08
L0032,2025-03-09
L0032,2025-03-10
L0032,2025-03-11
L0032,2025-03-12
L0032,2025-03-13
L0032,2025-03-14
L0032,2025-03-15
L0032,2025-03-16
L0032,2025-03-17
L0032,2025-03-18
L0032,2025-03-19
L0032,2025-03-20
L0032,2025-03-21
L0032,2025-03-22
L0032,2025-03-23
L0032,2025-03-24
L0032,2025-03-25
L0032,2025-03-26
L0032,2025-03-27
L0032,2025-03-28
L0032,2025-03-29
L0032,2025-03-30
L0032,2025-03-31
L0032,2025-04-01
L0032,2025-04-02
L0032,2025-04-03
L0032,2025-04-04
L0032,2025-04-05
L0032,2025-04-06
L0032,2025-04-07
L0032,2025-04-08
L0032,2025-04-09
L0032,2025-04-10
L0032,2025-04-11
L0032,2025-04-12
L0032,2025-04-13
L0032,2025-04-14
L0032,2025-04-15
L0032,2025-04-16
L0032,2025-04-17
L0032,2025-04-18
L0032,2025-04-19
L0032,2025-04-20
L0032,2025-04-21
L0032,2025-04-22
L0032,2025-04-23
L0032,2025-04-24
L0032,2025-04-25
L0032,2025-04-26
L0032,2025-04-27
L0032,2025-04-28
L0032,2025-04-29
L0032,2025-04-30
L0032,2025-05-01
L0032,2025-05-02
L0032,2025-05-03
L0032,2025-05-04
L0032,2025-05-05
L0032,2025-05-06
L0032,2025-05-07
L0032,2025-05-08
L0032,2025-05-09
L0032,2025-05-10
L0032,2025-05-11
L0032,2025-05-12
L0032,2025-05-13
L0032,2025-05-14
L0032,2025-05-15
L0032,2025-05-16
L0032,2025-05-17
L0032,2025-05-18
L0032,2025-05-19
L0032,2025-05-20
L0032,2025-05-21
L0032,2025-05-22
L0032,2025-05-23
L0032,2025-05-24
L0032,2025-05-25
L0032,2025-05-26
L0032,2025-05-27
L0032,2025-05-28
L0032,2025-05-29
L0032,2025-05-30
L0032,2025-05-31
L0032,2025-06-01
L0032,2025-06-02
L0032,2025-06-03
L0032,2025-06-04
L0032,2025-06-05
L0032,2025-06-06
L0032,2025-06-07
L0032,2025-06-08
L0032,2025-06-09
L0032,2025-06-10
L0032,2025-06-11
L0032,2025-06-12
L0032,2025-06-13
L0032,2025-06-14
L0032,2025-06-15
L0032,2025-06-16
L0032,2025-06-17
L0032,2025-06-18
L0032,2025-06-19
L0032,2025-06-20
L0032,2025-06-21
L0032,2025-06-22
L0032,2025-06-23
L0032,2025-06-24
L0032,2025-06-25
L0032,2025-06-26
L0032,2025-06-27
L0032,2025-06-28
L0032,2025-06-29
L0033,2025-01-01
L0033,2025-01-02
L0033,2025-01-03
L0033,2025-01-04
L0033,2025-01-05
L0033,2025-01-06
L0033,2025-01-07
L0033,2025-01-08
L0033,2025-01-09
L0033,2025-01-10
L0033,2025-01-11
L0033,2025-01-12
L0033,2025-01-13
L0033,2025-01-14
L0033,2025-01-15
L0033,2025-01-16
L0033,2025-01-17
L0033,2025-01-18
L0033,2025-01-19
L0033,2025-01-20
L0033,2025-01-21
L0033,2025-01-22
L0033,2025-01-23
L0033,2025-01-24
L0033,2025-01-25
L0033,2025-01-26
L0033,2025-01-27
L0033,2025-01-28
L0033,2025-01-29
L0033,2025-01-30
L0033,2025-01-31
L0033,2025-02-01
L0033,2025-02-02
L0033,2025-02-03
L0033,2025-02-04
L0033,2025-02-05
L0033,2025-02-06
L0033,2025-02-07
L0033,2025-02-08
L0033,2025-02-09
L0033,2025-02-10
L0033,2025-02-11
L0033,2025-02-12
L0033,2025-02-13
L0033,2025-02-14
L0033,2025-02-15
L0033,2025-02-16
L0033,2025-02-17
L0033,2025-02-18
L0033,2025-02-19
L0033,2025-02-20
L0033,2025-02-21
L0033,2025-02-22
L0033,2025-02-23
L0033,2025-02-24
L0033,2025-02-25
L0033,2025-02-26
L0033,2025-02-27
L0033,2025-02-28
L0033,2025-03-01
L0033,2025-03-02
L0033,2025-03-03
L0033,2025-03-04
L0033,2025-03-05
L0033,2025-03-06
L0033,2025-03-07
L0033,2025-03-08
L0033,2025-03-09
L0033,2025-03-10
L0033,2025-03-11
L0033,2025-03-12
L0033,2025-03-13
L0033,2025-03-14
L0033,2025-03-15
L0033,2025-03-16
L0033,2025-03-17
L0033,2025-03-18
L0033,2025-03-19
L0033,2025-03-20
L0033,2025-03-21
L0033,2025-03-22
L0033,2025-03-23
L0033,2025-03-24
L0033,2025-03-25
L0033,2025-03-26
L0033,2025-03-27
L0033,2025-03-28
L0033,2025-03-29
L0033,2025-03-30
L0033,2025-03-31
L0033,2025-04-01
L0033,2025-04-02
L0033,2025-04-03
L0033,2025-04-04
L0033,2025-04-05
L0033,2025-04-06
L0033,2025-04-07
L0033,2025-04-08
L0033,2025-04-09
L0033,2025-04-10
L0033,2025-04-11
L0033,2025-04-12
L0033,2025-04-13
L0033,2025-04-14
L0033,2025-04-15
L0033,2025-04-16
L0033,2025-04-17
L0033,2025-04-18
L0033,2025-04-19
L0033,2025-04-20
L0033,2025-04-21
L0033,2025-04-22
L0033,2025-04-23
L0033,2025-04-24
L0033,2025-04-25
L0033,2025-04-26
L0033,2025-04-27
L0033,2025-04-28
L0033,2025-04-29
L0033,2025-04-30
L0033,2025-05-01
L0033,2025-05-02
L0033,2025-05-03
L0033,2025-05-04
L0033,2025-05-05
L0033,2025-05-06
L0033,2025-05-07
L0033,2025-05-08
L0033,2025-05-09
L0033,2025-05-10
L0033,2025-05-11
L0033,2025-05-12
L0033,2025-05-13
L0033,2025-05-14
L0033,2025-05-15
L0033,2025-05-16
L0033,2025-05-17
L0033,2025-05-18
L0033,2025-05-19
L0033,2025-05-20
L0033,2025-05-21
L0033,2025-05-22
L0033,2025-05-23
L0033,2025-05-24
L0033,2025-05-25
L0033,2025-05-26
L0033,2025-05-27
L0033,2025-05-28
L0033,2025-05-29
L0033,2025-05-30
L0033,2025-05-31
L0033,2025-06-01
L0033,2025-06-02
L0033,2025-06-03
L0033,2025-06-04
L0033,2025-06-05
L0033,2025-06-06
L0033,2025-06-07
L0033,2025-06-08
L0033,2025-06-09
L0033,2025-06-10
L0033,2025-06-11
L0033,2025-06-12
L0033,2025-06-13
L0033,2025-06-14
L0033,2025-06-15
L0033,2025-06-16
L0033,2025-06-17
L0033,2025-06-18
L0033,2025-06-19
L0033,2025-06-20
L0033,2025-06-21
L0033,2025-06-22
L0033,2025-06-23
L0033,2025-06-24
L0033,2025-06-25
L0033,2025-06-26
L0033,2025-06-27
L0033,2025-06-28
L0033,2025-06-29
L0034,2025-01-01
L0034,2025-01-02
L0034,2025-01-03
L0034,2025-01-04
L0034,2025-01-05
L0034,2025-01-06
L0034,2025-01-07
L0034,2025-01-08
L0034,2025-01-09
L0034,2025-01-10
L0034,2025-01-11
L0034,2025-01-12
L0034,2025-01-13
L0034,2025-01-14
L0034,2025-01-15
L0034,2025-01-16
L0034,2025-01-17
L0034,2025-01-18
L0034,2025-01-19
L0034,2025-01-20
L0034,2025-01-21
L0034,2025-01-22
L0034,2025-01-23
L0034,2025-01-24
L0034,2025-01-25
L0034,2025-01-26
L0034,2025-01-27
L0034,2025-01-28
L0034,2025-01-29
L0034,2025-01-30
L0034,2025-01-31
L0034,2025-02-01
L0034,2025-02-02
L0034,2025-02-03
L0034,2025-02-04
L0034,2025-02-05
L0034,2025-02-06
L0034,2025-02-07
L0034,2025-02-08
L0034,2025-02-09
L0034,2025-02-10
L0034,2025-02-11
L0034,2025-02-12
L0034,2025-02-13
L0034,2025-02-14
L0034,2025-02-15
L0034,2025-02-16
L0034,2025-02-17
L0034,2025-02-18
L0034,2025-02-19
L0034,2025-02-20
L0034,2025-02-21
L0034,2025-02-22
L0034,2025-02-23
L0034,2025-02-24
L0034,2025-02-25
L0034,2025-02-26
L0034,2025-02-27
L0034,2025-02-28
L0034,2025-03-01
L0034,2025-03-02
L0034,2025-03-03
L0034,2025-03-04
L0034,2025-03-05
L0034,2025-03-06
L0034,2025-03-07
L0034,2025-03-08
L0034,2025-03-09
L0034,2025-03-10
L0034,2025-03-11
L0034,2025-03-12
L0034,2025-03-13
L0034,2025-03-14
L0034,2025-03-15
L0034,2025-03-16
L0034,2025-03-17
L0034,2025-03-18
L0034,2025-03-19
L0034,2025-03-20
L0034,2025-03-21
L0034,2025-03-22
L0034,2025-03-23
L0034,2025-03-24
L0034,2025-03-25
L0034,2025-03-26
L0034,2025-03-27
L0034,2025-03-28
L0034,2025-03-29
L0034,2025-03-30
L0034,2025-03-31
L0034,2025-04-01
L0034,2025-04-02
L0034,2025-04-03
L0034,2025-04-04
L0034,2025-04-05
L0034,2025-04-06
L0034,2025-04-07
L0034,2025-04-08
L0034,2025-04-09
L0034,2025-04-10
L0034,2025-04-11
L0034,2025-04-12
L0034,2025-04-13
L0034,2025-04-14
L0034,2025-04-15
L0034,2025-04-16
L0034,2025-04-17
L0034,2025-04-18
L0034,2025-04-19
L0034,2025-04-20
L0034,2025-04-21
L0034,2025-04-22
L0034,2025-04-23
L0034,2025-04-24
L0034,2025-04-25
L0034,2025-04-26
L0034,2025-04-27
L0034,2025-04-28
L0034,2025-04-29
L0034,2025-04-30
L0034,2025-05-01
L0034,2025-05-02
L0034,2025-05-03
L0034,2025-05-04
L0034,2025-05-05
L0034,2025-05-06
L0034,2025-05-07
L0034,2025-05-08
L0034,2025-05-09
L0034,2025-05-10
L0034,2025-05-11
L0034,2025-05-12
L0034,2025-05-13
L0034,2025-05-14
L0034,2025-05-15
L0034,2025-05-16
L0034,2025-05-17
L0034,2025-05-18
L0034,2025-05-19
L0034,2025-05-20
L0034,2025-05-21
L0034,2025-05-22
L0034,2025-05-23
L0034,2025-05-24
L0034,2025-05-25
L0034,2025-05-26
L0034,2025-05-27
L0034,2025-05-28
L0034,2025-05-29
L0034,2025-05-30
L0034,2025-05-31
L0034,2025-06-01
L0034,2025-06-02
L0034,2025-06-03
L0034,2025-06-04
L0034,2025-06-05
L0034,2025-06-06
L0034,2025-06-07
L0034,2025-06-08
L0034,2025-06-09
L0034,2025-06-10
L0034,2025-06-11
L0034,2025-06-12
L0034,2025-06-13
L0034,2025-06-14
L0034,2025-06-15
L0034,2025-06-16
L0034,2025-06-17
L0034,2025-06-18
L0034,2025-06-19
L0034,2025-06-20
L0034,2025-06-21
L0034,2025-06-22
L0034,2025-06-23
L0034,2025-06-24
L0034,2025-06-25
L0034,2025-06-26
L0034,2025-06-27
L0034,2025-06-28
L0034,2025-06-29
L0035,2025-01-01
L0035,2025-01-02
L0035,2025-01-03
L0035,2025-01-04
L0035,2025-01-05
L0035,2025-01-06
L0035,2025-01-07
L0035,2025-01-08
L0035,2025-01-09
L0035,2025-01-10
L0035,2025-01-11
L0035,2025-01-12
L0035,2025-01-13
L0035,2025-01-14
L0035,2025-01-15
L0035,2025-01-16
L0035,2025-01-17
L0035,2025-01-18
L0035,2025-01-19
L0035,2025-01-20
L0035,2025-01-21
L0035,2025-01-22
L0035,2025-01-23
L0035,2025-01-24
L0035,2025-01-25
L0035,2025-01-26
L0035,2025-01-27
L0035,2025-01-28
L0035,2025-01-29
L0035,2025-01-30
L0035,2025-01-31
L0035,2025-02-01
L0035,2025-02-02
L0035,2025-02-03
L0035,2025-02-04
L0035,2025-02-05
L0035,2025-02-06
L0035,2025-02-07
L0035,2025-02-08
L0035,2025-02-09
L0035,2025-02-10
L0035,2025-02-11
L0035,2025-02-12
L0035,2025-02-13
L0035,2025-02-14
L0035,2025-02-15
L0035,2025-02-16
L0035,2025-02-17
L0035,2025-02-18
L0035,2025-02-19
L0035,2025-02-20
L0035,2025-02-21
L0035,2025-02-22
L0035,2025-02-23
L0035,2025-02-24
L0035,2025-02-25
L0035,2025-02-26
L0035,2025-02-27
L0035,2025-02-28
L0035,2025-03-01
L0035,2025-03-02
L0035,2025-03-03
L0035,2025-03-04
L0035,2025-03-05
L0035,2025-03-06
L0035,2025-03-07
L0035,2025-03-08
L0035,2025-03-09
L0035,2025-03-10
L0035,2025-03-11
L0035,2025-03-12
L0035,2025-03-13
L0035,2025-03-14
L0035,2025-03-15
L0035,2025-03-16
L0035,2025-03-17
L0035,2025-03-18
L0035,2025-03-19
L0035,2025-03-20
L0035,2025-03-21
L0035,2025-03-22
L0035,2025-03-23
L0035,2025-03-24
L0035,2025-03-25
L0035,2025-03-26
L0035,2025-03-27
L0035,2025-03-28
L0035,2025-03-29
L0035,2025-03-30
L0035,2025-03-31
L0035,2025-04-01
L0035,2025-04-02
L0035,2025-04-03
L0035,2025-04-04
L0035,2025-04-05
L0035,2025-04-06
L0035,2025-04-07
L0035,2025-04-08
L0035,2025-04-09
L0035,2025-04-10
L0035,2025-04-11
L0035,2025-04-12
L0035,2025-04-13
L0035,2025-04-14
L0035,2025-04-15
L0035,2025-04-16
L0035,2025-04-17
L0035,2025-04-18
L0035,2025-04-19
L0035,2025-04-20
L0035,2025-04-21
L0035,2025-04-22
L0035,2025-04-23
L0035,2025-04-24
L0035,2025-04-25
L0035,2025-04-26
L0035,2025-04-27
L0035,2025-04-28
L0035,2025-04-29
L0035,2025-04-30
L0035,2025-05-01
L0035,2025-05-02
L0035,2025-05-03
L0035,2025-05-04
L0035,2025-05-05
L0035,2025-05-06
L0035,2025-05-07
L0035,2025-05-08
L0035,2025-05-09
L0035,2025-05-10
L0035,2025-05-11
L0035,2025-05-12
L0035,2025-05-13
L0035,2025-05-14
L0035,2025-05-15
L0035,2025-05-16
L0035,2025-05-17
L0035,2025-05-18
L0035,2025-05-19
L0035,2025-05-20
L0035,2025-05-21
L0035,2025-05-22
L0035,2025-05-23
L0035,2025-05-24
L0035,2025-05-25
L0035,2025-05-26
L0035,2025-05-27
L0035,2025-05-28
L0035,2025-05-29
L0035,2025-05-30
L0035,2025-05-31
L0035,2025-06-01
L0035,2025-06-02
L0035,2025-06-03
L0035,2025-06-04
L0035,2025-06-05
L0035,2025-06-06
L0035,2025-06-07
L0035,2025-06-08
L0035,2025-06-09
L0035,2025-06-10
L0035,2025-06-11
L0035,2025-06-12
L0035,2025-06-13
L0035,2025-06-14
L0035,2025-06-15
L0035,2025-06-16
L0035,2025-06-17
L0035,2025-06-18
L0035,2025-06-19
L0035,2025-06-20
L0035,2025-06-21
L0035,2025-06-22
L0035,2025-06-23
L0035,2025-06-24
L0035,2025-06-25
L0035,2025-06-26
L0035,2025-06-27
L0035,2025-06-28
L0035,2025-06-29
L0036,2025-01-01
L0036,2025-01-02
L0036,2025-01-03
L0036,2025-01-04
L0036,2025-01-05
L0036,2025-01-06
L0036,2025-01-07
L0036,2025-01-08
L0036,2025-01-09
L0036,2025-01-10
L0036,2025-01-11
L0036,2025-01-12
L0036,2025-01-13
L0036,2025-01-14
L0036,2025-01-15
L0036,2025-01-16
L0036,2025-01-17
L0036,2025-01-18
L0036,2025-01-19
L0036,2025-01-20
L0036,2025-01-21
L0036,2025-01-22
L0036,2025-01-23
L0036,2025-01-24
L0036,2025-01-25
L0036,2025-01-26
L0036,2025-01-27
L0036,2025-01-28
L0036,2025-01-29
L0036,2025-01-30
L0036,2025-01-31
L0036,2025-02-01
L0036,2025-02-02
L0036,2025-02-03
L0036,2025-02-04
L0036,2025-02-05
L0036,2025-02-06
L0036,2025-02-07
L0036,2025-02-08
L0036,2025-02-09
L0036,2025-02-10
L0036,2025-02-11
L0036,2025-02-12
L0036,2025-02-13
L0036,2025-02-14
L0036,2025-02-15
L0036,2025-02-16
L0036,2025-02-17
L0036,2025-02-18
L0036,2025-02-19
L0036,2025-02-20
L0036,2025-02-21
L0036,2025-02-22
L0036,2025-02-23
L0036,2025-02-24
L0036,2025-02-25
L0036,2025-02-26
L0036,2025-02-27
L0036,2025-02-28
L0036,2025-03-01
L0036,2025-03-02
L0036,2025-03-03
L0036,2025-03-04
L0036,2025-03-05
L0036,2025-03-06
L0036,2025-03-07
L0036,2025-03-08
L0036,2025-03-09
L0036,2025-03-10
L0036,2025-03-11
L0036,2025-03-12
L0036,2025-03-13
L0036,2025-03-14
L0036,2025-03-15
L0036,2025-03-16
L0036,2025-03-17
L0036,2025-03-18
L0036,2025-03-19
L0036,2025-03-20
L0036,2025-03-21
L0036,2025-03-22
L0036,2025-03-23
L0036,2025-03-24
L0036,2025-03-25
L0036,2025-03-26
L0036,2025-03-27
L0036,2025-03-28
L0036,2025-03-29
L0036,2025-03-30
L0036,2025-03-31
L0036,2025-04-01
L0036,2025-04-02
L0036,2025-04-03
L0036,2025-04-04
L0036,2025-04-05
L0036,2025-04-06
L0036,2025-04-07
L0036,2025-04-08
L0036,2025-04-09
L0036,2025-04-10
L0036,2025-04-11
L0036,2025-04-12
L0036,2025-04-13
L0036,2025-04-14
L0036,2025-04-15
L0036,2025-04-16
L0036,2025-04-17
L0036,2025-04-18
L0036,2025-04-19
L0036,2025-04-20
L0036,2025-04-21
L0036,2025-04-22
L0036,2025-04-23
L0036,2025-04-24
L0036,2025-04-25
L0036,2025-04-26
L0036,2025-04-27
L0036,2025-04-28
L0036,2025-04-29
L0036,2025-04-30
L0036,2025-05-01
L0036,2025-05-02
L0036,2025-05-03
L0036,2025-05-04
L0036,2025-05-05
L0036,2025-05-06
L0036,2025-05-07
L0036,2025-05-08
L0036,2025-05-09
L0036,2025-05-10
L0036,2025-05-11
L0036,2025-05-12
L0036,2025-05-13
L0036,2025-05-14
L0036,2025-05-15
L0036,2025-05-16
L0036,2025-05-17
L0036,2025-05-18
L0036,2025-05-19
L0036,2025-05-20
L0036,2025-05-21
L0036,2025-05-22
L0036,2025-05-23
L0036,2025-05-24
L0036,2025-05-25
L0036,2025-05-26
L0036,2025-05-27
L0036,2025-05-28
L0036,2025-05-29
L0036,2025-05-30
L0036,2025-05-31
L0036,2025-06-01
L0036,2025-06-02
L0036,2025-06-03
L0036,2025-06-04
L0036,2025-06-05
L0036,2025-06-06
L0036,2025-06-07
L0036,2025-06-08
L0036,2025-06-09
L0036,2025-06-10
L0036,2025-06-11
L0036,2025-06-12
L0036,2025-06-13
L0036,2025-06-14
L0036,2025-06-15
L0036,2025-06-16
L0036,2025-06-17
L0036,2025-06-18
L0036,2025-06-19
L0036,2025-06-20
L0036,2025-06-21
L0036,2025-06-22
L0036,2025-06-23
L0036,2025-06-24
L0036,2025-06-25
L0036,2025-06-26
L0036,2025-06-27
L0036,2025-06-28
L0036,2025-06-29
L0037,2025-01-01
L0037,2025-01-02
L0037,2025-01-03
L0037,2025-01-04
L0037,2025-01-05
L0037,2025-01-06
L0037,2025-01-07
L0037,2025-01-08
L0037,2025-01-09
L0037,2025-01-10
L0037,2025-01-11
L0037,2025-01-12
L0037,2025-01-13
L0037,2025-01-14
L0037,2025-01-15
L0037,2025-01-16
L0037,2025-01-17
L0037,2025-01-18
L0037,2025-01-19
L0037,2025-01-20
L0037,2025-01-21
L0037,2025-01-22
L0037,2025-01-23
L0037,2025-01-24
L0037,2025-01-25
L0037,2025-01-26
L0037,2025-01-27
L0037,2025-01-28
L0037,2025-01-29
L0037,2025-01-30
L0037,2025-01-31
L0037,2025-02-01
L0037,2025-02-02
L0037,2025-02-03
L0037,2025-02-04
L0037,2025-02-05
L0037,2025-02-06
L0037,2025-02-07
L0037,2025-02-08
L0037,2025-02-09
L0037,2025-02-10
L0037,2025-02-11
L0037,2025-02-12
L0037,2025-02-13
L0037,2025-02-14
L0037,2025-02-15
L0037,2025-02-16
L0037,2025-02-17
L0037,2025-02-18
L0037,2025-02-19
L0037,2025-02-20
L0037,2025-02-21
L0037,2025-02-22
L0037,2025-02-23
L0037,2025-02-24
L0037,2025-02-25
L0037,2025-02-26
L0037,2025-02-27
L0037,2025-02-28
L0037,2025-03-01
L0037,2025-03-02
L0037,2025-03-03
L0037,2025-03-04
L0037,2025-03-05
L0037,2025-03-06
L0037,2025-03-07
L0037,2025-03-08
L0037,2025-03-09
L0037,2025-03-10
L0037,2025-03-11
L0037,2025-03-12
L0037,2025-03-13
L0037,2025-03-14
L0037,2025-03-15
L0037,2025-03-16
L0037,2025-03-17
L0037,2025-03-18
L0037,2025-03-19
L0037,2025-03-20
L0037,2025-03-21
L0037,2025-03-22
L0037,2025-03-23
L0037,2025-03-24
L0037,2025-03-25
L0037,2025-03-26
L0037,2025-03-27
L0037,2025-03-28
L0037,2025-03-29
L0037,2025-03-30
L0037,2025-03-31
L0037,2025-04-01
L0037,2025-04-02
L0037,2025-04-03
L0037,2025-04-04
L0037,2025-04-05
L0037,2025-04-06
L0037,2025-04-07
L0037,2025-04-08
L0037,2025-04-09
L0037,2025-04-10
L0037,2025-04-11
L0037,2025-04-12
L0037,2025-04-13
L0037,2025-04-14
L0037,2025-04-15
L0037,2025-04-16
L0037,2025-04-17
L0037,2025-04-18
L0037,2025-04-19
L0037,2025-04-20
L0037,2025-04-21
L0037,2025-04-22
L0037,2025-04-23
L0037,2025-04-24
L0037,2025-04-25
L0037,2025-04-26
L0037,2025-04-27
L0037,2025-04-28
L0037,2025-04-29
L0037,2025-04-30
L0037,2025-05-01
L0037,2025-05-02
L0037,2025-05-03
L0037,2025-05-04
L0037,2025-05-05
L0037,2025-05-06
L0037,2025-05-07
L0037,2025-05-08
L0037,2025-05-09
L0037,2025-05-10
L0037,2025-05-11
L0037,2025-05-12
L0037,2025-05-13
L0037,2025-05-14
L0037,2025-05-15
L0037,2025-05-16
L0037,2025-05-17
L0037,2025-05-18
L0037,2025-05-19
L0037,2025-05-20
L0037,2025-05-21
L0037,2025-05-22
L0037,2025-05-23
L0037,2025-05-24
L0037,2025-05-25
L0037,2025-05-26
L0037,2025-05-27
L0037,2025-05-28
L0037,2025-05-29
L0037,2025-05-30
L0037,2025-05-31
L0037,2025-06-01
L0037,2025-06-02
L0037,2025-06-03
L0037,2025-06-04
L0037,2025-06-05
L0037,2025-06-06
L0037,2025-06-07
L0037,2025-06-08
L0037,2025-06-09
L0037,2025-06-10
L0037,2025-06-11
L0037,2025-06-12
L0037,2025-06-13
L0037,2025-06-14
L0037,2025-06-15
L0037,2025-06-16
L0037,2025-06-17
L0037,2025-06-18
L0037,2025-06-19
L0037,2025-06-20
L0037,2025-06-21
L0037,2025-06-22
L0037,2025-06-23
L0037,2025-06-24
L0037,2025-06-25
L0037,2025-06-26
L0037,2025-06-27
L0037,2025-06-28
L0037,2025-06-29
L0038,2025-01-01
L0038,2025-01-02
L0038,2025-01-03
L0038,2025-01-04
L0038,2025-01-05
L0038,2025-01-06
L0038,2025-01-07
L0038,2025-01-08
L0038,2025-01-09
L0038,2025-01-10
L0038,2025-01-11
L0038,2025-01-12
L0038,2025-01-13
L0038,2025-01-14
L0038,2025-01-15
L0038,2025-01-16
L0038,2025-01-17
L0038,2025-01-18
L0038,2025-01-19
L0038,2025-01-20
L0038,2025-01-21
L0038,2025-01-22
L0038,2025-01-23
L0038,2025-01-24
L0038,2025-01-25
L0038,2025-01-26
L0038,2025-01-27
L0038,2025-01-28
L0038,2025-01-29
L0038,2025-01-30
L0038,2025-01-31
L0038,2025-02-01
L0038,2025-02-02
L0038,2025-02-03
L0038,2025-02-04
L0038,2025-02-05
L0038,2025-02-06
L0038,2025-02-07
L0038,2025-02-08
L0038,2025-02-09
L0038,2025-02-10
L0038,2025-02-11
L0038,2025-02-12
L0038,2025-02-13
L0038,2025-02-14
L0038,2025-02-15
L0038,2025-02-16
L0038,2025-02-17
L0038,2025-02-18
L0038,2025-02-19
L0038,2025-02-20
L0038,2025-02-21
L0038,2025-02-22
L0038,2025-02-23
L0038,2025-02-24
L0038,2025-02-25
L0038,2025-02-26
L0038,2025-02-27
L0038,2025-02-28
L0038,2025-03-01
L0038,2025-03-02
L0038,2025-03-03
L0038,2025-03-04
L0038,2025-03-05
L0038,2025-03-06
L0038,2025-03-07
L0038,2025-03-08
L0038,2025-03-09
L0038,2025-03-10
L0038,2025-03-11
L0038,2025-03-12
L0038,2025-03-13
L0038,2025-03-14
L0038,2025-03-15
L0038,2025-03-16
L0038,2025-03-17
L0038,2025-03-18
L0038,2025-03-19
L0038,2025-03-20
L0038,2025-03-21
L0038,2025-03-22
L0038,2025-03-23
L0038,2025-03-24
L0038,2025-03-25
L0038,2025-03-26
L0038,2025-03-27
L0038,2025-03-28
L0038,2025-03-29
L0038,2025-03-30
L0038,2025-03-31
L0038,2025-04-01
L0038,2025-04-02
L0038,2025-04-03
L0038,2025-04-04
L0038,2025-04-05
L0038,2025-04-06
L0038,2025-04-07
L0038,2025-04-08
L0038,2025-04-09
L0038,2025-04-10
L0038,2025-04-11
L0038,2025-04-12
L0038,2025-04-13
L0038,2025-04-14
L0038,2025-04-15
L0038,2025-04-16
L0038,2025-04-17
L0038,2025-04-18
L0038,2025-04-19
L0038,2025-04-20
L0038,2025-04-21
L0038,2025-04-22
L0038,2025-04-23
L0038,2025-04-24
L0038,2025-04-25
L0038,2025-04-26
L0038,2025-04-27
L0038,2025-04-28
L0038,2025-04-29
L0038,2025-04-30
L0038,2025-05-01
L0038,2025-05-02
L0038,2025-05-03
L0038,2025-05-04
L0038,2025-05-05
L0038,2025-05-06
L0038,2025-05-07
L0038,2025-05-08
L0038,2025-05-09
L0038,2025-05-10
L0038,2025-05-11
L0038,2025-05-12
L0038,2025-05-13
L0038,2025-05-14
L0038,2025-05-15
L0038,2025-05-16
L0038,2025-05-17
L0038,2025-05-18
L0038,2025-05-19
L0038,2025-05-20
L0038,2025-05-21
L0038,2025-05-22
L0038,2025-05-23
L0038,2025-05-24
L0038,2025-05-25
L0038,2025-05-26
L0038,2025-05-27
L0038,2025-05-28
L0038,2025-05-29
L0038,2025-05-30
L0038,2025-05-31
L0038,2025-06-01
L0038,2025-06-02
L0038,2025-06-03
L0038,2025-06-04
L0038,2025-06-05
L0038,2025-06-06
L0038,2025-06-07
L0038,2025-06-08
L0038,2025-06-09
L0038,2025-06-10
L0038,2025-06-11
L0038,2025-06-12
L0038,2025-06-13
L0038,2025-06-14
L0038,2025-06-15
L0038,2025-06-16
L0038,2025-06-17
L0038,2025-06-18
L0038,2025-06-19
L0038,2025-06-20
L0038,2025-06-21
L0038,2025-06-22
L0038,2025-06-23
L0038,2025-06-24
L0038,2025-06-25
L0038,2025-06-26
L0038,2025-06-27
L0038,2025-06-28
L0038,2025-06-29
L0039,2025-01-01
L0039,2025-01-02
L0039,2025-01-03
L0039,2025-01-04
L0039,2025-01-05
L0039,2025-01-06
L0039,2025-01-07
L0039,2025-01-08
L0039,2025-01-09
L0039,2025-01-10
L0039,2025-01-11
L0039,2025-01-12
L0039,2025-01-13
L0039,2025-01-14
L0039,2025-01-15
L0039,2025-01-16
L0039,2025-01-17
L0039,2025-01-18
L0039,2025-01-19
L0039,2025-01-20
L0039,2025-01-21
L0039,2025-01-22
L0039,2025-01-23
L0039,2025-01-24
L0039,2025-01-25
L0039,2025-01-26
L0039,2025-01-27
L0039,2025-01-28
L0039,2025-01-29
L0039,2025-01-30
L0039,2025-01-31
L0039,2025-02-01
L0039,2025-02-02
L0039,2025-02-03
L0039,2025-02-04
L0039,2025-02-05
L0039,2025-02-06
L0039,2025-02-07
L0039,2025-02-08
L0039,2025-02-09
L0039,2025-02-10
L0039,2025-02-11
L0039,2025-02-12
L0039,2025-02-13
L0039,2025-02-14
L0039,2025-02-15
L0039,2025-02-16
L0039,2025-02-17
L0039,2025-02-18
L0039,2025-02-19
L0039,2025-02-20
L0039,2025-02-21
L0039,2025-02-22
L0039,2025-02-23
L0039,2025-02-24
L0039,2025-02-25
L0039,2025-02-26
L0039,2025-02-27
L0039,2025-02-28
L0039,2025-03-01
L0039,2025-03-02
L0039,2025-03-03
L0039,2025-03-04
L0039,2025-03-05
L0039,2025-03-06
L0039,2025-03-07
L0039,2025-03-08
L0039,2025-03-09
L0039,2025-03-10
L0039,2025-03-11
L0039,2025-03-12
L0039,2025-03-13
L0039,2025-03-14
L0039,2025-03-15
L0039,2025-03-16
L0039,2025-03-17
L0039,2025-03-18
L0039,2025-03-19
L0039,2025-03-20
L0039,2025-03-21
L0039,2025-03-22
L0039,2025-03-23
L0039,2025-03-24
L0039,2025-03-25
L0039,2025-03-26
L0039,2025-03-27
L0039,2025-03-28
L0039,2025-03-29
L0039,2025-03-30
L0039,2025-03-31
L0039,2025-04-01
L0039,2025-04-02
L0039,2025-04-03
L0039,2025-04-04
L0039,2025-04-05
L0039,2025-04-06
L0039,2025-04-07
L0039,2025-04-08
L0039,2025-04-09
L0039,2025-04-10
L0039,2025-04-11
L0039,2025-04-12
L0039,2025-04-13
L0039,2025-04-14
L0039,2025-04-15
L0039,2025-04-16
L0039,2025-04-17
L0039,2025-04-18
L0039,2025-04-19
L0039,2025-04-20
L0039,2025-04-21
L0039,2025-04-22
L0039,2025-04-23
L0039,2025-04-24
L0039,2025-04-25
L0039,2025-04-26
L0039,2025-04-27
L0039,2025-04-28
L0039,2025-04-29
L0039,2025-04-30
L0039,2025-05-01
L0039,2025-05-02
L0039,2025-05-03
L0039,2025-05-04
L0039,2025-05-05
L0039,2025-05-06
L0039,2025-05-07
L0039,2025-05-08
L0039,2025-05-09
L0039,2025-05-10
L0039,2025-05-11
L0039,2025-05-12
L0039,2025-05-13
L0039,2025-05-14
L0039,2025-05-15
L0039,2025-05-16
L0039,2025-05-17
L0039,2025-05-18
L0039,2025-05-19
L0039,2025-05-20
L0039,2025-05-21
L0039,2025-05-22
L0039,2025-05-23
L0039,2025-05-24
L0039,2025-05-25
L0039,2025-05-26
L0039,2025-05-27
L0039,2025-05-28
L0039,2025-05-29
L0039,2025-05-30
L0039,2025-05-31
L0039,2025-06-01
L0039,2025-06-02
L0039,2025-06-03
L0039,2025-06-04
L0039,2025-06-05
L0039,2025-06-06
L0039,2025-06-07
L0039,2025-06-08
L0039,2025-06-09
L0039,2025-06-10
L0039,2025-06-11
L0039,2025-06-12
L0039,2025-06-13
L0039,2025-06-14
L0039,2025-06-15
L0039,2025-06-16
L0039,2025-06-17
L0039,2025-06-18
L0039,2025-06-19
L0039,2025-06-20
L0039,2025-06-21
L0039,2025-06-22
L0039,2025-06-23
L0039,2025-06-24
L0039,2025-06-25
L0039,2025-06-26
L0039,2025-06-27
L0039,2025-06-28
L0039,2025-06-29
L0040,2025-01-01
L0040,2025-01-02
L0040,2025-01-03
L0040,2025-01-04
L0040,2025-01-05
L0040,2025-01-06
L0040,2025-01-07
L0040,2025-01-08
L0040,2025-01-09
L0040,2025-01-10
L0040,2025-01-11
L0040,2025-01-12
L0040,2025-01-13
L0040,2025-01-14
L0040,2025-01-15
L0040,2025-01-16
L0040,2025-01-17
L0040,2025-01-18
L0040,2025-01-19
L0040,2025-01-20
L0040,2025-01-21
L0040,2025-01-22
L0040,2025-01-23
L0040,2025-01-24
L0040,2025-01-25
L0040,2025-01-26
L0040,2025-01-27
L0040,2025-01-28
L0040,2025-01-29
L0040,2025-01-30
L0040,2025-01-31
L0040,2025-02-01
L0040,2025-02-02
L0040,2025-02-03
L0040,2025-02-04
L0040,2025-02-05
L0040,2025-02-06
L0040,2025-02-07
L0040,2025-02-08
L0040,2025-02-09
L0040,2025-02-10
L0040,2025-02-11
L0040,2025-02-12
L0040,2025-02-13
L0040,2025-02-14
L0040,2025-02-15
L0040,2025-02-16
L0040,2025-02-17
L0040,2025-02-18
L0040,2025-02-19
L0040,2025-02-20
L0040,2025-02-21
L0040,2025-02-22
L0040,2025-02-23
L0040,2025-02-24
L0040,2025-02-25
L0040,2025-02-26
L0040,2025-02-27
L0040,2025-02-28
L0040,2025-03-01
L0040,2025-03-02
L0040,2025-03-03
L0040,2025-03-04
L0040,2025-03-05
L0040,2025-03-06
L0040,2025-03-07
L0040,2025-03-08
L0040,2025-03-09
L0040,2025-03-10
L0040,2025-03-11
L0040,2025-03-12
L0040,2025-03-13
L0040,2025-03-14
L0040,2025-03-15
L0040,2025-03-16
L0040,2025-03-17
L0040,2025-03-18
L0040,2025-03-19
L0040,2025-03-20
L0040,2025-03-21
L0040,2025-03-22
L0040,2025-03-23
L0040,2025-03-24
L0040,2025-03-25
L0040,2025-03-26
L0040,2025-03-27
L0040,2025-03-28
L0040,2025-03-29
L0040,2025-03-30
L0040,2025-03-31
L0040,2025-04-01
L0040,2025-04-02
L0040,2025-04-03
L0040,2025-04-04
L0040,2025-04-05
L0040,2025-04-06
L0040,2025-04-07
L0040,2025-04-08
L0040,2025-04-09
L0040,2025-04-10
L0040,2025-04-11
L0040,2025-04-12
L0040,2025-04-13
L0040,2025-04-14
L0040,2025-04-15
L0040,2025-04-16
L0040,2025-04-17
L0040,2025-04-18
L0040,2025-04-19
L0040,2025-04-20
L0040,2025-04-21
L0040,2025-04-22
L0040,2025-04-23
L0040,2025-04-24
L0040,2025-04-25
L0040,2025-04-26
L0040,2025-04-27
L0040,2025-04-28
L0040,2025-04-29
L0040,2025-04-30
L0040,2025-05-01
L0040,2025-05-02
L0040,2025-05-03
L0040,2025-05-04
L0040,2025-05-05
L0040,2025-05-06
L0040,2025-05-07
L0040,2025-05-08
L0040,2025-05-09
L0040,2025-05-10
L0040,2025-05-11
L0040,2025-05-12
L0040,2025-05-13
L0040,2025-05-14
L0040,2025-05-15
L0040,2025-05-16
L0040,2025-05-17
L0040,2025-05-18
L0040,2025-05-19
L0040,2025-05-20
L0040,2025-05-21
L0040,2025-05-22
L0040,2025-05-23
L0040,2025-05-24
L0040,2025-05-25
L0040,2025-05-26
L0040,2025-05-27
L0040,2025-05-28
L0040,2025-05-29
L0040,2025-05-30
L0040,2025-05-31
L0040,2025-06-01
L0040,2025-06-02
L0040,2025-06-03
L0040,2025-06-04
L0040,2025-06-05
L0040,2025-06-06
L0040,2025-06-07
L0040,2025-06-08
L0040,2025-06-09
L0040,2025-06-10
L0040,2025-06-11
L0040,2025-06-12
L0040,2025-06-13
L0040,2025-06-14
L0040,2025-06-15
L0040,2025-06-16
L0040,2025-06-17
L0040,2025-06-18
L0040,2025-06-19
L0040,2025-06-20
L0040,2025-06-21
L0040,2025-06-22
L0040,2025-06-23
L0040,2025-06-24
L0040,2025-06-25
L0040,2025-06-26
L0040,2025-06-27
L0040,2025-06-28
L0040,2025-06-29
L0041,2025-01-01
L0041,2025-01-02
L0041,2025-01-03
L0041,2025-01-04
L0041,2025-01-05
L0041,2025-01-06
L0041,2025-01-07
L0041,2025-01-08
L0041,2025-01-09
L0041,2025-01-10
L0041,2025-01-11
L0041,2025-01-12
L0041,2025-01-13
L0041,2025-01-14
L0041,2025-01-15
L0041,2025-01-16
L0041,2025-01-17
L0041,2025-01-18
L0041,2025-01-19
L0041,2025-01-20
L0041,2025-01-21
L0041,2025-01-22
L0041,2025-01-23
L0041,2025-01-24
L0041,2025-01-25
L0041,2025-01-26
L0041,2025-01-27
L0041,2025-01-28
L0041,2025-01-29
L0041,2025-01-30
L0041,2025-01-31
L0041,2025-02-01
L0041,2025-02-02
L0041,2025-02-03
L0041,2025-02-04
L0041,2025-02-05
L0041,2025-02-06
L0041,2025-02-07
L0041,2025-02-08
L0041,2025-02-09
L0041,2025-02-10
L0041,2025-02-11
L0041,2025-02-12
L0041,2025-02-13
L0041,2025-02-14
L0041,2025-02-15
L0041,2025-02-16
L0041,2025-02-17
L0041,2025-02-18
L0041,2025-02-19
L0041,2025-02-20
L0041,2025-02-21
L0041,2025-02-22
L0041,2025-02-23
L0041,2025-02-24
L0041,2025-02-25
L0041,2025-02-26
L0041,2025-02-27
L0041,2025-02-28
L0041,2025-03-01
L0041,2025-03-02
L0041,2025-03-03
L0041,2025-03-04
L0041,2025-03-05
L0041,2025-03-06
L0041,2025-03-07
L0041,2025-03-08
L0041,2025-03-09
L0041,2025-03-10
L0041,2025-03-11
L0041,2025-03-12
L0041,2025-03-13
L0041,2025-03-14
L0041,2025-03-15
L0041,2025-03-16
L0041,2025-03-17
L0041,2025-03-18
L0041,2025-03-19
L0041,2025-03-20
L0041,2025-03-21
L0041,2025-03-22
L0041,2025-03-23
L0041,2025-03-24
L0041,2025-03-25
L0041,2025-03-26
L0041,2025-03-27
L0041,2025-03-28
L0041,2025-03-29
L0041,2025-03-30
L0041,2025-03-31
L0041,2025-04-01
L0041,2025-04-02
L0041,2025-04-03
L0041,2025-04-04
L0041,2025-04-05
L0041,2025-04-06
L0041,2025-04-07
L0041,2025-04-08
L0041,2025-04-09
L0041,2025-04-10
L0041,2025-04-11
L0041,2025-04-12
L0041,2025-04-13
L0041,2025-04-14
L0041,2025-04-15
L0041,2025-04-16
L0041,2025-04-17
L0041,2025-04-18
L0041,2025-04-19
L0041,2025-04-20
L0041,2025-04-21
L0041,2025-04-22
L0041,2025-04-23
L0041,2025-04-24
L0041,2025-04-25
L0041,2025-04-26
L0041,2025-04-27
L0041,2025-04-28
L0041,2025-04-29
L0041,2025-04-30
L0041,2025-05-01
L0041,2025-05-02
L0041,2025-05-03
L0041,2025-05-04
L0041,2025-05-05
L0041,2025-05-06
L0041,2025-05-07
L0041,2025-05-08
L0041,2025-05-09
L0041,2025-05-10
L0041,2025-05-11
L0041,2025-05-12
L0041,2025-05-13
L0041,2025-05-14
L0041,2025-05-15
L0041,2025-05-16
L0041,2025-05-17
L0041,2025-05-18
L0041,2025-05-19
L0041,2025-05-20
L0041,2025-05-21
L0041,2025-05-22
L0041,2025-05-23
L0041,2025-05-24
L0041,2025-05-25
L0041,2025-05-26
L0041,2025-05-27
L0041,2025-05-28
L0041,2025-05-29
L0041,2025-05-30
L0041,2025-05-31
L0041,2025-06-01
L0041,2025-06-02
L0041,2025-06-03
L0041,2025-06-04
L0041,2025-06-05
L0041,2025-06-06
L0041,2025-06-07
L0041,2025-06-08
L0041,2025-06-09
L0041,2025-06-10
L0041,2025-06-11
L0041,2025-06-12
L0041,2025-06-13
L0041,2025-06-14
L0041,2025-06-15
L0041,2025-06-16
L0041,2025-06-17
L0041,2025-06-18
L0041,2025-06-19
L0041,2025-06-20
L0041,2025-06-21
L0041,2025-06-22
L0041,2025-06-23
L0041,2025-06-24
L0041,2025-06-25
L0041,2025-06-26
L0041,2025-06-27
L0041,2025-06-28
L0041,2025-06-29
L0042,2025-01-01
L0042,2025-01-02
L0042,2025-01-03
L0042,2025-01-04
L0042,2025-01-05
L0042,2025-01-06
L0042,2025-01-07
L0042,2025-01-08
L0042,2025-01-09
L0042,2025-01-10
L0042,2025-01-11
L0042,2025-01-12
L0042,2025-01-13
L0042,2025-01-14
L0042,2025-01-15
L0042,2025-01-16
L0042,2025-01-17
L0042,2025-01-18
L0042,2025-01-19
L0042,2025-01-20
L0042,2025-01-21
L0042,2025-01-22
L0042,2025-01-23
L0042,2025-01-24
L0042,2025-01-25
L0042,2025-01-26
L0042,2025-01-27
L0042,2025-01-28
L0042,2025-01-29
L0042,2025-01-30
L0042,2025-01-31
L0042,2025-02-01
L0042,2025-02-02
L0042,2025-02-03
L0042,2025-02-04
L0042,2025-02-05
L0042,2025-02-06
L0042,2025-02-07
L0042,2025-02-08
L0042,2025-02-09
L0042,2025-02-10
L0042,2025-02-11
L0042,2025-02-12
L0042,2025-02-13
L0042,2025-02-14
L0042,2025-02-15
L0042,2025-02-16
L0042,2025-02-17
L0042,2025-02-18
L0042,2025-02-19
L0042,2025-02-20
L0042,2025-02-21
L0042,2025-02-22
L0042,2025-02-23
L0042,2025-02-24
L0042,2025-02-25
L0042,2025-02-26
L0042,2025-02-27
L0042,2025-02-28
L0042,2025-03-01
L0042,2025-03-02
L0042,2025-03-03
L0042,2025-03-04
L0042,2025-03-05
L0042,2025-03-06
L0042,2025-03-07
L0042,2025-03-08
L0042,2025-03-09
L0042,2025-03-10
L0042,2025-03-11
L0042,2025-03-12
L0042,2025-03-13
L0042,2025-03-14
L0042,2025-03-15
L0042,2025-03-16
L0042,2025-03-17
L0042,2025-03-18
L0042,2025-03-19
L0042,2025-03-20
L0042,2025-03-21
L0042,2025-03-22
L0042,2025-03-23
L0042,2025-03-24
L0042,2025-03-25
L0042,2025-03-26
L0042,2025-03-27
L0042,2025-03-28
L0042,2025-03-29
L0042,2025-03-30
L0042,2025-03-31
L0042,2025-04-01
L0042,2025-04-02
L0042,2025-04-03
L0042,2025-04-04
L0042,2025-04-05
L0042,2025-04-06
L0042,2025-04-07
L0042,2025-04-08
L0042,2025-04-09
L0042,2025-04-10
L0042,2025-04-11
L0042,2025-04-12
L0042,2025-04-13
L0042,2025-04-14
L0042,2025-04-15
L0042,2025-04-16
L0042,2025-04-17
L0042,2025-04-18
L0042,2025-04-19
L0042,2025-04-20
L0042,2025-04-21
L0042,2025-04-22
L0042,2025-04-23
L0042,2025-04-24
L0042,2025-04-25
L0042,2025-04-26
L0042,2025-04-27
L0042,2025-04-28
L0042,2025-04-29
L0042,2025-04-30
L0042,2025-05-01
L0042,2025-05-02
L0042,2025-05-03
L0042,2025-05-04
L0042,2025-05-05
L0042,2025-05-06
L0042,2025-05-07
L0042,2025-05-08
L0042,2025-05-09
L0042,2025-05-10
L0042,2025-05-11
L0042,2025-05-12
L0042,2025-05-13
L0042,2025-05-14
L0042,2025-05-15
L0042,2025-05-16
L0042,2025-05-17
L0042,2025-05-18
L0042,2025-05-19
L0042,2025-05-20
L0042,2025-05-21
L0042,2025-05-22
L0042,2025-05-23
L0042,2025-05-24
L0042,2025-05-25
L0042,2025-05-26
L0042,2025-05-27
L0042,2025-05-28
L0042,2025-05-29
L0042,2025-05-30
L0042,2025-05-31
L0042,2025-06-01
L0042,2025-06-02
L0042,2025-06-03
L0042,2025-06-04
L0042,2025-06-05
L0042,2025-06-06
L0042,2025-06-07
L0042,2025-06-08
L0042,2025-06-09
L0042,2025-06-10
L0042,2025-06-11
L0042,2025-06-12
L0042,2025-06-13
L0042,2025-06-14
L0042,2025-06-15
L0042,2025-06-16
L0042,2025-06-17
L0042,2025-06-18
L0042,2025-06-19
L0042,2025-06-20
L0042,2025-06-21
L0042,2025-06-22
L0042,2025-06-23
L0042,2025-06-24
L0042,2025-06-25
L0042,2025-06-26
L0042,2025-06-27
L0042,2025-06-28
L0042,2025-06-29
L0043,2025-01-01
L0043,2025-01-02
L0043,2025-01-03
L0043,2025-01-04
L0043,2025-01-05
L0043,2025-01-06
L0043,2025-01-07
L0043,2025-01-08
L0043,2025-01-09
L0043,2025-01-10
L0043,2025-01-11
L0043,2025-01-12
L0043,2025-01-13
L0043,2025-01-14
L0043,2025-01-15
L0043,2025-01-16
L0043,2025-01-17
L0043,2025-01-18
L0043,2025-01-19
L0043,2025-01-20
L0043,2025-01-21
L0043,2025-01-22
L0043,2025-01-23
L0043,2025-01-24
L0043,2025-01-25
L0043,2025-01-26
L0043,2025-01-27
L0043,2025-01-28
L0043,2025-01-29
L0043,2025-01-30
L0043,2025-01-31
L0043,2025-02-01
L0043,2025-02-02
L0043,2025-02-03
L0043,2025-02-04
L0043,2025-02-05
L0043,2025-02-06
L0043,2025-02-07
L0043,2025-02-08
L0043,2025-02-09
L0043,2025-02-10
L0043,2025-02-11
L0043,2025-02-12
L0043,2025-02-13
L0043,2025-02-14
L0043,2025-02-15
L0043,2025-02-16
L0043,2025-02-17
L0043,2025-02-18
L0043,2025-02-19
L0043,2025-02-20
L0043,2025-02-21
L0043,2025-02-22
L0043,2025-02-23
L0043,2025-02-24
L0043,2025-02-25
L0043,2025-02-26
L0043,2025-02-27
L0043,2025-02-28
L0043,2025-03-01
L0043,2025-03-02
L0043,2025-03-03
L0043,2025-03-04
L0043,2025-03-05
L0043,2025-03-06
L0043,2025-03-07
L0043,2025-03-08
L0043,2025-03-09
L0043,2025-03-10
L0043,2025-03-11
L0043,2025-03-12
L0043,2025-03-13
L0043,2025-03-14
L0043,2025-03-15
L0043,2025-03-16
L0043,2025-03-17
L0043,2025-03-18
L0043,2025-03-19
L0043,2025-03-20
L0043,2025-03-21
L0043,2025-03-22
L0043,2025-03-23
L0043,2025-03-24
L0043,2025-03-25
L0043,2025-03-26
L0043,2025-03-27
L0043,2025-03-28
L0043,2025-03-29
L0043,2025-03-30
L0043,2025-03-31
L0043,2025-04-01
L0043,2025-04-02
L0043,2025-04-03
L0043,2025-04-04
L0043,2025-04-05
L0043,2025-04-06
L0043,2025-04-07
L0043,2025-04-08
L0043,2025-04-09
L0043,2025-04-10
L0043,2025-04-11
L0043,2025-04-12
L0043,2025-04-13
L0043,2025-04-14
L0043,2025-04-15
L0043,2025-04-16
L0043,2025-04-17
L0043,2025-04-18
L0043,2025-04-19
L0043,2025-04-20
L0043,2025-04-21
L0043,2025-04-22
L0043,2025-04-23
L0043,2025-04-24
L0043,2025-04-25
L0043,2025-04-26
L0043,2025-04-27
L0043,2025-04-28
L0043,2025-04-29
L0043,2025-04-30
L0043,2025-05-01
L0043,2025-05-02
L0043,2025-05-03
L0043,2025-05-04
L0043,2025-05-05
L0043,2025-05-06
L0043,2025-05-07
L0043,2025-05-08
L0043,2025-05-09
L0043,2025-05-10
L0043,2025-05-11
L0043,2025-05-12
L0043,2025-05-13
L0043,2025-05-14
L0043,2025-05-15
L0043,2025-05-16
L0043,2025-05-17
L0043,2025-05-18
L0043,2025-05-19
L0043,2025-05-20
L0043,2025-05-21
L0043,2025-05-22
L0043,2025-05-23
L0043,2025-05-24
L0043,2025-05-25
L0043,2025-05-26
L0043,2025-05-27
L0043,2025-05-28
L0043,2025-05-29
L0043,2025-05-30
L0043,2025-05-31
L0043,2025-06-01
L0043,2025-06-02
L0043,2025-06-03
L0043,2025-06-04
L0043,2025-06-05
L0043,2025-06-06
L0043,2025-06-07
L0043,2025-06-08
L0043,2025-06-09
L0043,2025-06-10
L0043,2025-06-11
L0043,2025-06-12
L0043,2025-06-13
L0043,2025-06-14
L0043,2025-06-15
L0043,2025-06-16
L0043,2025-06-17
L0043,2025-06-18
L0043,2025-06-19
L0043,2025-06-20
L0043,2025-06-21
L0043,2025-06-22
L0043,2025-06-23
L0043,2025-06-24
L0043,2025-06-25
L0043,2025-06-26
L0043,2025-06-27
L0043,2025-06-28
L0043,2025-06-29
L0044,2025-01-01
L0044,2025-01-02
L0044,2025-01-03
L0044,2025-01-04
L0044,2025-01-05
L0044,2025-01-06
L0044,2025-01-07
L0044,2025-01-08
L0044,2025-01-09
L0044,2025-01-10
L0044,2025-01-11
L0044,2025-01-12
L0044,2025-01-13
L0044,2025-01-14
L0044,2025-01-15
L0044,2025-01-16
L0044,2025-01-17
L0044,2025-01-18
L0044,2025-01-19
L0044,2025-01-20
L0044,2025-01-21
L0044,2025-01-22
L0044,2025-01-23
L0044,2025-01-24
L0044,2025-01-25
L0044,2025-01-26
L0044,2025-01-27
L0044,2025-01-28
L0044,2025-01-29
L0044,2025-01-30
L0044,2025-01-31
L0044,2025-02-01
L0044,2025-02-02
L0044,2025-02-03
L0044,2025-02-04
L0044,2025-02-05
L0044,2025-02-06
L0044,2025-02-07
L0044,2025-02-08
L0044,2025-02-09
L0044,2025-02-10
L0044,2025-02-11
L0044,2025-02-12
L0044,2025-02-13
L0044,2025-02-14
L0044,2025-02-15
L0044,2025-02-16
L0044,2025-02-17
L0044,2025-02-18
L0044,2025-02-19
L0044,2025-02-20
L0044,2025-02-21
L0044,2025-02-22
L0044,2025-02-23
L0044,2025-02-24
L0044,2025-02-25
L0044,2025-02-26
L0044,2025-02-27
L0044,2025-02-28
L0044,2025-03-01
L0044,2025-03-02
L0044,2025-03-03
L0044,2025-03-04
L0044,2025-03-05
L0044,2025-03-06
L0044,2025-03-07
L0044,2025-03-08
L0044,2025-03-09
L0044,2025-03-10
L0044,2025-03-11
L0044,2025-03-12
L0044,2025-03-13
L0044,2025-03-14
L0044,2025-03-15
L0044,2025-03-16
L0044,2025-03-17
L0044,2025-03-18
L0044,2025-03-19
L0044,2025-03-20
L0044,2025-03-21
L0044,2025-03-22
L0044,2025-03-23
L0044,2025-03-24
L0044,2025-03-25
L0044,2025-03-26
L0044,2025-03-27
L0044,2025-03-28
L0044,2025-03-29
L0044,2025-03-30
L0044,2025-03-31
L0044,2025-04-01
L0044,2025-04-02
L0044,2025-04-03
L0044,2025-04-04
L0044,2025-04-05
L0044,2025-04-06
L0044,2025-04-07
L0044,2025-04-08
L0044,2025-04-09
L0044,2025-04-10
L0044,2025-04-11
L0044,2025-04-12
L0044,2025-04-13
L0044,2025-04-14
L0044,2025-04-15
L0044,2025-04-16
L0044,2025-04-17
L0044,2025-04-18
L0044,2025-04-19
L0044,2025-04-20
L0044,2025-04-21
L0044,2025-04-22
L0044,2025-04-23
L0044,2025-04-24
L0044,2025-04-25
L0044,2025-04-26
L0044,2025-04-27
L0044,2025-04-28
L0044,2025-04-29
L0044,2025-04-30
L0044,2025-05-01
L0044,2025-05-02
L0044,2025-05-03
L0044,2025-05-04
L0044,2025-05-05
L0044,2025-05-06
L0044,2025-05-07
L0044,2025-05-08
L0044,2025-05-09
L0044,2025-05-10
L0044,2025-05-11
L0044,2025-05-12
L0044,2025-05-13
L0044,2025-05-14
L0044,2025-05-15
L0044,2025-05-16
L0044,2025-05-17
L0044,2025-05-18
L0044,2025-05-19
L0044,2025-05-20
L0044,2025-05-21
L0044,2025-05-22
L0044,2025-05-23
L0044,2025-05-24
L0044,2025-05-25
L0044,2025-05-26
L0044,2025-05-27
L0044,2025-05-28
L0044,2025-05-29
L0044,2025-05-30
L0044,2025-05-31
L0044,2025-06-01
L0044,2025-06-02
L0044,2025-06-03
L0044,2025-06-04
L0044,2025-06-05
L0044,2025-06-06
L0044,2025-06-07
L0044,2025-06-08
L0044,2025-06-09
L0044,2025-06-10
L0044,2025-06-11
L0044,2025-06-12
L0044,2025-06-13
L0044,2025-06-14
L0044,2025-06-15
L0044,2025-06-16
L0044,2025-06-17
L0044,2025-06-18
L0044,2025-06-19
L0044,2025-06-20
L0044,2025-06-21
L0044,2025-06-22
L0044,2025-06-23
L0044,2025-06-24
L0044,2025-06-25
L0044,2025-06-26
L0044,2025-06-27
L0044,2025-06-28
L0044,2025-06-29
L0045,2025-01-01
L0045,2025-01-02
L0045,2025-01-03
L0045,2025-01-04
L0045,2025-01-05
L0045,2025-01-06
L0045,2025-01-07
L0045,2025-01-08
L0045,2025-01-09
L0045,2025-01-10
L0045,2025-01-11
L0045,2025-01-12
L0045,2025-01-13
L0045,2025-01-14
L0045,2025-01-15
L0045,2025-01-16
L0045,2025-01-17
L0045,2025-01-18
L0045,2025-01-19
L0045,2025-01-20
L0045,2025-01-21
L0045,2025-01-22
L0045,2025-01-23
L0045,2025-01-24
L0045,2025-01-25
L0045,2025-01-26
L0045,2025-01-27
L0045,2025-01-28
L0045,2025-01-29
L0045,2025-01-30
L0045,2025-01-31
L0045,2025-02-01
L0045,2025-02-02
L0045,2025-02-03
L0045,2025-02-04
L0045,2025-02-05
L0045,2025-02-06
L0045,2025-02-07
L0045,2025-02-08
L0045,2025-02-09
L0045,2025-02-10
L0045,2025-02-11
L0045,2025-02-12
L0045,2025-02-13
L0045,2025-02-14
L0045,2025-02-15
L0045,2025-02-16
L0045,2025-02-17
L0045,2025-02-18
L0045,2025-02-19
L0045,2025-02-20
L0045,2025-02-21
L0045,2025-02-22
L0045,2025-02-23
L0045,2025-02-24
L0045,2025-02-25
L0045,2025-02-26
L0045,2025-02-27
L0045,2025-02-28
L0045,2025-03-01
L0045,2025-03-02
L0045,2025-03-03
L0045,2025-03-04
L0045,2025-03-05
L0045,2025-03-06
L0045,2025-03-07
L0045,2025-03-08
L0045,2025-03-09
L0045,2025-03-10
L0045,2025-03-11
L0045,2025-03-12
L0045,2025-03-13
L0045,2025-03-14
L0045,2025-03-15
L0045,2025-03-16
L0045,2025-03-17
L0045,2025-03-18
L0045,2025-03-19
L0045,2025-03-20
L0045,2025-03-21
L0045,2025-03-22
L0045,2025-03-23
L0045,2025-03-24
L0045,2025-03-25
L0045,2025-03-26
L0045,2025-03-27
L0045,2025-03-28
L0045,2025-03-29
L0045,2025-03-30
L0045,2025-03-31
L0045,2025-04-01
L0045,2025-04-02
L0045,2025-04-03
L0045,2025-04-04
L0045,2025-04-05
L0045,2025-04-06
L0045,2025-04-07
L0045,2025-04-08
L0045,2025-04-09
L0045,2025-04-10
L0045,2025-04-11
L0045,2025-04-12
L0045,2025-04-13
L0045,2025-04-14
L0045,2025-04-15
L0045,2025-04-16
L0045,2025-04-17
L0045,2025-04-18
L0045,2025-04-19
L0045,2025-04-20
L0045,2025-04-21
L0045,2025-04-22
L0045,2025-04-23
L0045,2025-04-24
L0045,2025-04-25
L0045,2025-04-26
L0045,2025-04-27
L0045,2025-04-28
L0045,2025-04-29
L0045,2025-04-30
L0045,2025-05-01
L0045,2025-05-02
L0045,2025-05-03
L0045,2025-05-04
L0045,2025-05-05
L0045,2025-05-06
L0045,2025-05-07
L0045,2025-05-08
L0045,2025-05-09
L0045,2025-05-10
L0045,2025-05-11
L0045,2025-05-12
L0045,2025-05-13
L0045,2025-05-14
L0045,2025-05-15
L0045,2025-05-16
L0045,2025-05-17
L0045,2025-05-18
L0045,2025-05-19
L0045,2025-05-20
L0045,2025-05-21
L0045,2025-05-22
L0045,2025-05-23
L0045,2025-05-24
L0045,2025-05-25
L0045,2025-05-26
L0045,2025-05-27
L0045,2025-05-28
L0045,2025-05-29
L0045,2025-05-30
L0045,2025-05-31
L0045,2025-06-01
L0045,2025-06-02
L0045,2025-06-03
L0045,2025-06-04
L0045,2025-06-05
L0045,2025-06-06
L0045,2025-06-07
L0045,2025-06-08
L0045,2025-06-09
L0045,2025-06-10
L0045,2025-06-11
L0045,2025-06-12
L0045,2025-06-13
L0045,2025-06-14
L0045,2025-06-15
L0045,2025-06-16
L0045,2025-06-17
L0045,2025-06-18
L0045,2025-06-19
L0045,2025-06-20
L0045,2025-06-21
L0045,2025-06-22
L0045,2025-06-23
L0045,2025-06-24
L0045,2025-06-25
L0045,2025-06-26
L0045,2025-06-27
L0045,2025-06-28
L0045,2025-06-29
L0046,2025-01-01
L0046,2025-01-02
L0046,2025-01-03
L0046,2025-01-04
L0046,2025-01-05
L0046,2025-01-06
L0046,2025-01-07
L0046,2025-01-08
L0046,2025-01-09
L0046,2025-01-10
L0046,2025-01-11
L0046,2025-01-12
L0046,2025-01-13
L0046,2025-01-14
L0046,2025-01-15
L0046,2025-01-16
L0046,2025-01-17
L0046,2025-01-18
L0046,2025-01-19
L0046,2025-01-20
L0046,2025-01-21
L0046,2025-01-22
L0046,2025-01-23
L0046,2025-01-24
L0046,2025-01-25
L0046,2025-01-26
L0046,2025-01-27
L0046,2025-01-28
L0046,2025-01-29
L0046,2025-01-30
L0046,2025-01-31
L0046,2025-02-01
L0046,2025-02-02
L0046,2025-02-03
L0046,2025-02-04
L0046,2025-02-05
L0046,2025-02-06
L0046,2025-02-07
L0046,2025-02-08
L0046,2025-02-09
L0046,2025-02-10
L0046,2025-02-11
L0046,2025-02-12
L0046,2025-02-13
L0046,2025-02-14
L0046,2025-02-15
L0046,2025-02-16
L0046,2025-02-17
L0046,2025-02-18
L0046,2025-02-19
L0046,2025-02-20
L0046,2025-02-21
L0046,2025-02-22
L0046,2025-02-23
L0046,2025-02-24
L0046,2025-02-25
L0046,2025-02-26
L0046,2025-02-27
L0046,2025-02-28
L0046,2025-03-01
L0046,2025-03-02
L0046,2025-03-03
L0046,2025-03-04
L0046,2025-03-05
L0046,2025-03-06
L0046,2025-03-07
L0046,2025-03-08
L0046,2025-03-09
L0046,2025-03-10
L0046,2025-03-11
L0046,2025-03-12
L0046,2025-03-13
L0046,2025-03-14
L0046,2025-03-15
L0046,2025-03-16
L0046,2025-03-17
L0046,2025-03-18
L0046,2025-03-19
L0046,2025-03-20
L0046,2025-03-21
L0046,2025-03-22
L0046,2025-03-23
L0046,2025-03-24
L0046,2025-03-25
L0046,2025-03-26
L0046,2025-03-27
L0046,2025-03-28
L0046,2025-03-29
L0046,2025-03-30
L0046,2025-03-31
L0046,2025-04-01
L0046,2025-04-02
L0046,2025-04-03
L0046,2025-04-04
L0046,2025-04-05
L0046,2025-04-06
L0046,2025-04-07
L0046,2025-04-08
L0046,2025-04-09
L0046,2025-04-10
L0046,2025-04-11
L0046,2025-04-12
L0046,2025-04-13
L0046,2025-04-14
L0046,2025-04-15
L0046,2025-04-16
L0046,2025-04-17
L0046,2025-04-18
L0046,2025-04-19
L0046,2025-04-20
L0046,2025-04-21
L0046,2025-04-22
L0046,2025-04-23
L0046,2025-04-24
L0046,2025-04-25
L0046,2025-04-26
L0046,2025-04-27
L0046,2025-04-28
L0046,2025-04-29
L0046,2025-04-30
L0046,2025-05-01
L0046,2025-05-02
L0046,2025-05-03
L0046,2025-05-04
L0046,2025-05-05
L0046,2025-05-06
L0046,2025-05-07
L0046,2025-05-08
L0046,2025-05-09
L0046,2025-05-10
L0046,2025-05-11
L0046,2025-05-12
L0046,2025-05-13
L0046,2025-05-14
L0046,2025-05-15
L0046,2025-05-16
L0046,2025-05-17
L0046,2025-05-18
L0046,2025-05-19
L0046,2025-05-20
L0046,2025-05-21
L0046,2025-05-22
L0046,2025-05-23
L0046,2025-05-24
L0046,2025-05-25
L0046,2025-05-26
L0046,2025-05-27
L0046,2025-05-28
L0046,2025-05-29
L0046,2025-05-30
L0046,2025-05-31
L0046,2025-06-01
L0046,2025-06-02
L0046,2025-06-03
L0046,2025-06-04
L0046,2025-06-05
L0046,2025-06-06
L0046,2025-06-07
L0046,2025-06-08
L0046,2025-06-09
L0046,2025-06-10
L0046,2025-06-11
L0046,2025-06-12
L0046,2025-06-13
L0046,2025-06-14
L0046,2025-06-15
L0046,2025-06-16
L0046,2025-06-17
L0046,2025-06-18
L0046,2025-06-19
L0046,2025-06-20
L0046,2025-06-21
L0046,2025-06-22
L0046,2025-06-23
L0046,2025-06-24
L0046,2025-06-25
L0046,2025-06-26
L0046,2025-06-27
L0046,2025-06-28
L0046,2025-06-29
L0047,2025-01-01
L0047,2025-01-02
L0047,2025-01-03
L0047,2025-01-04
L0047,2025-01-05
L0047,2025-01-06
L0047,2025-01-07
L0047,2025-01-08
L0047,2025-01-09
L0047,2025-01-10
L0047,2025-01-11
L0047,2025-01-12
L0047,2025-01-13
L0047,2025-01-14
L0047,2025-01-15
L0047,2025-01-16
L0047,2025-01-17
L0047,2025-01-18
L0047,2025-01-19
L0047,2025-01-20
L0047,2025-01-21
L0047,2025-01-22
L0047,2025-01-23
L0047,2025-01-24
L0047,2025-01-25
L0047,2025-01-26
L0047,2025-01-27
L0047,2025-01-28
L0047,2025-01-29
L0047,2025-01-30
L0047,2025-01-31
L0047,2025-02-01
L0047,2025-02-02
L0047,2025-02-03
L0047,2025-02-04
L0047,2025-02-05
L0047,2025-02-06
L0047,2025-02-07
L0047,2025-02-08
L0047,2025-02-09
L0047,2025-02-10
L0047,2025-02-11
L0047,2025-02-12
L0047,2025-02-13
L0047,2025-02-14
L0047,2025-02-15
L0047,2025-02-16
L0047,2025-02-17
L0047,2025-02-18
L0047,2025-02-19
L0047,2025-02-20
L0047,2025-02-21
L0047,2025-02-22
L0047,2025-02-23
L0047,2025-02-24
L0047,2025-02-25
L0047,2025-02-26
L0047,2025-02-27
L0047,2025-02-28
L0047,2025-03-01
L0047,2025-03-02
L0047,2025-03-03
L0047,2025-03-04
L0047,2025-03-05
L0047,2025-03-06
L0047,2025-03-07
L0047,2025-03-08
L0047,2025-03-09
L0047,2025-03-10
L0047,2025-03-11
L0047,2025-03-12
L0047,2025-03-13
L0047,2025-03-14
L0047,2025-03-15
L0047,2025-03-16
L0047,2025-03-17
L0047,2025-03-18
L0047,2025-03-19
L0047,2025-03-20
L0047,2025-03-21
L0047,2025-03-22
L0047,2025-03-23
L0047,2025-03-24
L0047,2025-03-25
L0047,2025-03-26
L0047,2025-03-27
L0047,2025-03-28
L0047,2025-03-29
L0047,2025-03-30
L0047,2025-03-31
L0047,2025-04-01
L0047,2025-04-02
L0047,2025-04-03
L0047,2025-04-04
L0047,2025-04-05
L0047,2025-04-06
L0047,2025-04-07
L0047,2025-04-08
L0047,2025-04-09
L0047,2025-04-10
L0047,2025-04-11
L0047,2025-04-12
L0047,2025-04-13
L0047,2025-04-14
L0047,2025-04-15
L0047,2025-04-16
L0047,2025-04-17
L0047,2025-04-18
L0047,2025-04-19
L0047,2025-04-20
L0047,2025-04-21
L0047,2025-04-22
L0047,2025-04-23
L0047,2025-04-24
L0047,2025-04-25
L0047,2025-04-26
L0047,2025-04-27
L0047,2025-04-28
L0047,2025-04-29
L0047,2025-04-30
L0047,2025-05-01
L0047,2025-05-02
L0047,2025-05-03
L0047,2025-05-04
L0047,2025-05-05
L0047,2025-05-06
L0047,2025-05-07
L0047,2025-05-08
L0047,2025-05-09
L0047,2025-05-10
L0047,2025-05-11
L0047,2025-05-12
L0047,2025-05-13
L0047,2025-05-14
L0047,2025-05-15
L0047,2025-05-16
L0047,2025-05-17
L0047,2025-05-18
L0047,2025-05-19
L0047,2025-05-20
L0047,2025-05-21
L0047,2025-05-22
L0047,2025-05-23
L0047,2025-05-24
L0047,2025-05-25
L0047,2025-05-26
L0047,2025-05-27
L0047,2025-05-28
L0047,2025-05-29
L0047,2025-05-30
L0047,2025-05-31
L0047,2025-06-01
L0047,2025-06-02
L0047,2025-06-03
L0047,2025-06-04
L0047,2025-06-05
L0047,2025-06-06
L0047,2025-06-07
L0047,2025-06-08
L0047,2025-06-09
L0047,2025-06-10
L0047,2025-06-11
L0047,2025-06-12
L0047,2025-06-13
L0047,2025-06-14
L0047,2025-06-15
L0047,2025-06-16
L0047,2025-06-17
L0047,2025-06-18
L0047,2025-06-19
L0047,2025-06-20
L0047,2025-06-21
L0047,2025-06-22
L0047,2025-06-23
L0047,2025-06-24
L0047,2025-06-25
L0047,2025-06-26
L0047,2025-06-27
L0047,2025-06-28
L0047,2025-06-29
L0048,2025-01-01
L0048,2025-01-02
L0048,2025-01-03
L0048,2025-01-04
L0048,2025-01-05
L0048,2025-01-06
L0048,2025-01-07
L0048,2025-01-08
L0048,2025-01-09
L0048,2025-01-10
L0048,2025-01-11
L0048,2025-01-12
L0048,2025-01-13
L0048,2025-01-14
L0048,2025-01-15
L0048,2025-01-16
L0048,2025-01-17
L0048,2025-01-18
L0048,2025-01-19
L0048,2025-01-20
L0048,2025-01-21
L0048,2025-01-22
L0048,2025-01-23
L0048,2025-01-24
L0048,2025-01-25
L0048,2025-01-26
L0048,2025-01-27
L0048,2025-01-28
L0048,2025-01-29
L0048,2025-01-30
L0048,2025-01-31
L0048,2025-02-01
L0048,2025-02-02
L0048,2025-02-03
L0048,2025-02-04
L0048,2025-02-05
L0048,2025-02-06
L0048,2025-02-07
L0048,2025-02-08
L0048,2025-02-09
L0048,2025-02-10
L0048,2025-02-11
L0048,2025-02-12
L0048,2025-02-13
L0048,2025-02-14
L0048,2025-02-15
L0048,2025-02-16
L0048,2025-02-17
L0048,2025-02-18
L0048,2025-02-19
L0048,2025-02-20
L0048,2025-02-21
L0048,2025-02-22
L0048,2025-02-23
L0048,2025-02-24
L0048,2025-02-25
L0048,2025-02-26
L0048,2025-02-27
L0048,2025-02-28
L0048,2025-03-01
L0048,2025-03-02
L0048,2025-03-03
L0048,2025-03-04
L0048,2025-03-05
L0048,2025-03-06
L0048,2025-03-07
L0048,2025-03-08
L0048,2025-03-09
L0048,2025-03-10
L0048,2025-03-11
L0048,2025-03-12
L0048,2025-03-13
L0048,2025-03-14
L0048,2025-03-15
L0048,2025-03-16
L0048,2025-03-17
L0048,2025-03-18
L0048,2025-03-19
L0048,2025-03-20
L0048,2025-03-21
L0048,2025-03-22
L0048,2025-03-23
L0048,2025-03-24
L0048,2025-03-25
L0048,2025-03-26
L0048,2025-03-27
L0048,2025-03-28
L0048,2025-03-29
L0048,2025-03-30
L0048,2025-03-31
L0048,2025-04-01
L0048,2025-04-02
L0048,2025-04-03
L0048,2025-04-04
L0048,2025-04-05
L0048,2025-04-06
L0048,2025-04-07
L0048,2025-04-08
L0048,2025-04-09
L0048,2025-04-10
L0048,2025-04-11
L0048,2025-04-12
L0048,2025-04-13
L0048,2025-04-14
L0048,2025-04-15
L0048,2025-04-16
L0048,2025-04-17
L0048,2025-04-18
L0048,2025-04-19
L0048,2025-04-20
L0048,2025-04-21
L0048,2025-04-22
L0048,2025-04-23
L0048,2025-04-24
L0048,2025-04-25
L0048,2025-04-26
L0048,2025-04-27
L0048,2025-04-28
L0048,2025-04-29
L0048,2025-04-30
L0048,2025-05-01
L0048,2025-05-02
L0048,2025-05-03
L0048,2025-05-04
L0048,2025-05-05
L0048,2025-05-06
L0048,2025-05-07
L0048,2025-05-08
L0048,2025-05-09
L0048,2025-05-10
L0048,2025-05-11
L0048,2025-05-12
L0048,2025-05-13
L0048,2025-05-14
L0048,2025-05-15
L0048,2025-05-16
L0048,2025-05-17
L0048,2025-05-18
L0048,2025-05-19
L0048,2025-05-20
L0048,2025-05-21
L0048,2025-05-22
L0048,2025-05-23
L0048,2025-05-24
L0048,2025-05-25
L0048,2025-05-26
L0048,2025-05-27
L0048,2025-05-28
L0048,2025-05-29
L0048,2025-05-30
L0048,2025-05-31
L0048,2025-06-01
L0048,2025-06-02
L0048,2025-06-03
L0048,2025-06-04
L0048,2025-06-05
L0048,2025-06-06
L0048,2025-06-07
L0048,2025-06-08
L0048,2025-06-09
L0048,2025-06-10
L0048,2025-06-11
L0048,2025-06-12
L0048,2025-06-13
L0048,2025-06-14
L0048,2025-06-15
L0048,2025-06-16
L0048,2025-06-17
L0048,2025-06-18
L0048,2025-06-19
L0048,2025-06-20
L0048,2025-06-21
L0048,2025-06-22
L0048,2025-06-23
L0048,2025-06-24
L0048,2025-06-25
L0048,2025-06-26
L0048,2025-06-27
L0048,2025-06-28
L0048,2025-06-29
L0049,2025-01-01
L0049,2025-01-02
L0049,2025-01-03
L0049,2025-01-04
L0049,2025-01-05
L0049,2025-01-06
L0049,2025-01-07
L0049,2025-01-08
L0049,2025-01-09
L0049,2025-01-10
L0049,2025-01-11
L0049,2025-01-12
L0049,2025-01-13
L0049,2025-01-14
L0049,2025-01-15
L0049,2025-01-16
L0049,2025-01-17
L0049,2025-01-18
L0049,2025-01-19
L0049,2025-01-20
L0049,2025-01-21
L0049,2025-01-22
L0049,2025-01-23
L0049,2025-01-24
L0049,2025-01-25
L0049,2025-01-26
L0049,2025-01-27
L0049,2025-01-28
L0049,2025-01-29
L0049,2025-01-30
L0049,2025-01-31
L0049,2025-02-01
L0049,2025-02-02
L0049,2025-02-03
L0049,2025-02-04
L0049,2025-02-05
L0049,2025-02-06
L0049,2025-02-07
L0049,2025-02-08
L0049,2025-02-09
L0049,2025-02-10
L0049,2025-02-11
L0049,2025-02-12
L0049,2025-02-13
L0049,2025-02-14
L0049,2025-02-15
L0049,2025-02-16
L0049,2025-02-17
L0049,2025-02-18
L0049,2025-02-19
L0049,2025-02-20
L0049,2025-02-21
L0049,2025-02-22
L0049,2025-02-23
L0049,2025-02-24
L0049,2025-02-25
L0049,2025-02-26
L0049,2025-02-27
L0049,2025-02-28
L0049,2025-03-01
L0049,2025-03-02
L0049,2025-03-03
L0049,2025-03-04
L0049,2025-03-05
L0049,2025-03-06
L0049,2025-03-07
L0049,2025-03-08
L0049,2025-03-09
L0049,2025-03-10
L0049,2025-03-11
L0049,2025-03-12
L0049,2025-03-13
L0049,2025-03-14
L0049,2025-03-15
L0049,2025-03-16
L0049,2025-03-17
L0049,2025-03-18
L0049,2025-03-19
L0049,2025-03-20
L0049,2025-03-21
L0049,2025-03-22
L0049,2025-03-23
L0049,2025-03-24
L0049,2025-03-25
L0049,2025-03-26
L0049,2025-03-27
L0049,2025-03-28
L0049,2025-03-29
L0049,2025-03-30
L0049,2025-03-31
L0049,2025-04-01
L0049,2025-04-02
L0049,2025-04-03
L0049,2025-04-04
L0049,2025-04-05
L0049,2025-04-06
L0049,2025-04-07
L0049,2025-04-08
L0049,2025-04-09
L0049,2025-04-10
L0049,2025-04-11
L0049,2025-04-12
L0049,2025-04-13
L0049,2025-04-14
L0049,2025-04-15
L0049,2025-04-16
L0049,2025-04-17
L0049,2025-04-18
L0049,2025-04-19
L0049,2025-04-20
L0049,2025-04-21
L0049,2025-04-22
L0049,2025-04-23
L0049,2025-04-24
L0049,2025-04-25
L0049,2025-04-26
L0049,2025-04-27
L0049,2025-04-28
L0049,2025-04-29
L0049,2025-04-30
L0049,2025-05-01
L0049,2025-05-02
L0049,2025-05-03
L0049,2025-05-04
L0049,2025-05-05
L0049,2025-05-06
L0049,2025-05-07
L0049,2025-05-08
L0049,2025-05-09
L0049,2025-05-10
L0049,2025-05-11
L0049,2025-05-12
L0049,2025-05-13
L0049,2025-05-14
L0049,2025-05-15
L0049,2025-05-16
L0049,2025-05-17
L0049,2025-05-18
L0049,2025-05-19
L0049,2025-05-20
L0049,2025-05-21
L0049,2025-05-22
L0049,2025-05-23
L0049,2025-05-24
L0049,2025-05-25
L0049,2025-05-26
L0049,2025-05-27
L0049,2025-05-28
L0049,2025-05-29
L0049,2025-05-30
L0049,2025-05-31
L0049,2025-06-01
L0049,2025-06-02
L0049,2025-06-03
L0049,2025-06-04
L0049,2025-06-05
L0049,2025-06-06
L0049,2025-06-07
L0049,2025-06-08
L0049,2025-06-09
L0049,2025-06-10
L0049,2025-06-11
L0049,2025-06-12
L0049,2025-06-13
L0049,2025-06-14
L0049,2025-06-15
L0049,2025-06-16
L0049,2025-06-17
L0049,2025-06-18
L0049,2025-06-19
L0049,2025-06-20
L0049,2025-06-21
L0049,2025-06-22
L0049,2025-06-23
L0049,2025-06-24
L0049,2025-06-25
L0049,2025-06-26
L0049,2025-06-27
L0049,2025-06-28
L0049,2025-06-29
L0050,2025-01-01
L0050,2025-01-02
L0050,2025-01-03
L0050,2025-01-04
L0050,2025-01-05
L0050,2025-01-06
L0050,2025-01-07
L0050,2025-01-08
L0050,2025-01-09
L0050,2025-01-10
L0050,2025-01-11
L0050,2025-01-12
L0050,2025-01-13
L0050,2025-01-14
L0050,2025-01-15
L0050,2025-01-16
L0050,2025-01-17
L0050,2025-01-18
L0050,2025-01-19
L0050,2025-01-20
L0050,2025-01-21
L0050,2025-01-22
L0050,2025-01-23
L0050,2025-01-24
L0050,2025-01-25
L0050,2025-01-26
L0050,2025-01-27
L0050,2025-01-28
L0050,2025-01-29
L0050,2025-01-30
L0050,2025-01-31
L0050,2025-02-01
L0050,2025-02-02
L0050,2025-02-03
L0050,2025-02-04
L0050,2025-02-05
L0050,2025-02-06
L0050,2025-02-07
L0050,2025-02-08
L0050,2025-02-09
L0050,2025-02-10
L0050,2025-02-11
L0050,2025-02-12
L0050,2025-02-13
L0050,2025-02-14
L0050,2025-02-15
L0050,2025-02-16
L0050,2025-02-17
L0050,2025-02-18
L0050,2025-02-19
L0050,2025-02-20
L0050,2025-02-21
L0050,2025-02-22
L0050,2025-02-23
L0050,2025-02-24
L0050,2025-02-25
L0050,2025-02-26
L0050,2025-02-27
L0050,2025-02-28
L0050,2025-03-01
L0050,2025-03-02
L0050,2025-03-03
L0050,2025-03-04
L0050,2025-03-05
L0050,2025-03-06
L0050,2025-03-07
L0050,2025-03-08
L0050,2025-03-09
L0050,2025-03-10
L0050,2025-03-11
L0050,2025-03-12
L0050,2025-03-13
L0050,2025-03-14
L0050,2025-03-15
L0050,2025-03-16
L0050,2025-03-17
L0050,2025-03-18
L0050,2025-03-19
L0050,2025-03-20
L0050,2025-03-21
L0050,2025-03-22
L0050,2025-03-23
L0050,2025-03-24
L0050,2025-03-25
L0050,2025-03-26
L0050,2025-03-27
L0050,2025-03-28
L0050,2025-03-29
L0050,2025-03-30
L0050,2025-03-31
L0050,2025-04-01
L0050,2025-04-02
L0050,2025-04-03
L0050,2025-04-04
L0050,2025-04-05
L0050,2025-04-06
L0050,2025-04-07
L0050,2025-04-08
L0050,2025-04-09
L0050,2025-04-10
L0050,2025-04-11
L0050,2025-04-12
L0050,2025-04-13
L0050,2025-04-14
L0050,2025-04-15
L0050,2025-04-16
L0050,2025-04-17
L0050,2025-04-18
L0050,2025-04-19
L0050,2025-04-20
L0050,2025-04-21
L0050,2025-04-22
L0050,2025-04-23
L0050,2025-04-24
L0050,2025-04-25
L0050,2025-04-26
L0050,2025-04-27
L0050,2025-04-28
L0050,2025-04-29
L0050,2025-04-30
L0050,2025-05-01
L0050,2025-05-02
L0050,2025-05-03
L0050,2025-05-04
L0050,2025-05-05
L0050,2025-05-06
L0050,2025-05-07
L0050,2025-05-08
L0050,2025-05-09
L0050,2025-05-10
L0050,2025-05-11
L0050,2025-05-12
L0050,2025-05-13
L0050,2025-05-14
L0050,2025-05-15
L0050,2025-05-16
L0050,2025-05-17
L0050,2025-05-18
L0050,2025-05-19
L0050,2025-05-20
L0050,2025-05-21
L0050,2025-05-22
L0050,2025-05-23
L0050,2025-05-24
L0050,2025-05-25
L0050,2025-05-26
L0050,2025-05-27
L0050,2025-05-28
L0050,2025-05-29
L0050,2025-05-30
L0050,2025-05-31
L0050,2025-06-01
L0050,2025-06-02
L0050,2025-06-03
L0050,2025-06-04
L0050,2025-06-05
L0050,2025-06-06
L0050,2025-06-07
L0050,2025-06-08
L0050,2025-06-09
L0050,2025-06-10
L0050,2025-06-11
L0050,2025-06-12
L0050,2025-06-13
L0050,2025-06-14
L0050,2025-06-15
L0050,2025-06-16
L0050,2025-06-17
L0050,2025-06-18
L0050,2025-06-19
L0050,2025-06-20
L0050,2025-06-21
L0050,2025-06-22
L0050,2025-06-23
L0050,2025-06-24
L0050,2025-06-25
L0050,2025-06-26
L0050,2025-06-27
L0050,2025-06-28
L0050,2025-06-29
L0051,2025-01-01
L0051,2025-01-02
L0051,2025-01-03
L0051,2025-01-04
L0051,2025-01-05
L0051,2025-01-06
L0051,2025-01-07
L0051,2025-01-08
L0051,2025-01-09
L0051,2025-01-10
L0051,2025-01-11
L0051,2025-01-12
L0051,2025-01-13
L0051,2025-01-14
L0051,2025-01-15
L0051,2025-01-16
L0051,2025-01-17
L0051,2025-01-18
L0051,2025-01-19
L0051,2025-01-20
L0051,2025-01-21
L0051,2025-01-22
L0051,2025-01-23
L0051,2025-01-24
L0051,2025-01-25
L0051,2025-01-26
L0051,2025-01-27
L0051,2025-01-28
L0051,2025-01-29
L0051,2025-01-30
L0051,2025-01-31
L0051,2025-02-01
L0051,2025-02-02
L0051,2025-02-03
L0051,2025-02-04
L0051,2025-02-05
L0051,2025-02-06
L0051,2025-02-07
L0051,2025-02-08
L0051,2025-02-09
L0051,2025-02-10
L0051,2025-02-11
L0051,2025-02-12
L0051,2025-02-13
L0051,2025-02-14
L0051,2025-02-15
L0051,2025-02-16
L0051,2025-02-17
L0051,2025-02-18
L0051,2025-02-19
L0051,2025-02-20
L0051,2025-02-21
L0051,2025-02-22
L0051,2025-02-23
L0051,2025-02-24
L0051,2025-02-25
L0051,2025-02-26
L0051,2025-02-27
L0051,2025-02-28
L0051,2025-03-01
L0051,2025-03-02
L0051,2025-03-03
L0051,2025-03-04
L0051,2025-03-05
L0051,2025-03-06
L0051,2025-03-07
L0051,2025-03-08
L0051,2025-03-09
L0051,2025-03-10
L0051,2025-03-11
L0051,2025-03-12
L0051,2025-03-13
L0051,2025-03-14
L0051,2025-03-15
L0051,2025-03-16
L0051,2025-03-17
L0051,2025-03-18
L0051,2025-03-19
L0051,2025-03-20
L0051,2025-03-21
L0051,2025-03-22
L0051,2025-03-23
L0051,2025-03-24
L0051,2025-03-25
L0051,2025-03-26
L0051,2025-03-27
L0051,2025-03-28
L0051,2025-03-29
L0051,2025-03-30
L0051,2025-03-31
L0051,2025-04-01
L0051,2025-04-02
L0051,2025-04-03
L0051,2025-04-04
L0051,2025-04-05
L0051,2025-04-06
L0051,2025-04-07
L0051,2025-04-08
L0051,2025-04-09
L0051,2025-04-10
L0051,2025-04-11
L0051,2025-04-12
L0051,2025-04-13
L0051,2025-04-14
L0051,2025-04-15
L0051,2025-04-16
L0051,2025-04-17
L0051,2025-04-18
L0051,2025-04-19
L0051,2025-04-20
L0051,2025-04-21
L0051,2025-04-22
L0051,2025-04-23
L0051,2025-04-24
L0051,2025-04-25
L0051,2025-04-26
L0051,2025-04-27
L0051,2025-04-28
L0051,2025-04-29
L0051,2025-04-30
L0051,2025-05-01
L0051,2025-05-02
L0051,2025-05-03
L0051,2025-05-04
L0051,2025-05-05
L0051,2025-05-06
L0051,2025-05-07
L0051,2025-05-08
L0051,2025-05-09
L0051,2025-05-10
L0051,2025-05-11
L0051,2025-05-12
L0051,2025-05-13
L0051,2025-05-14
L0051,2025-05-15
L0051,2025-05-16
L0051,2025-05-17
L0051,2025-05-18
L0051,2025-05-19
L0051,2025-05-20
L0051,2025-05-21
L0051,2025-05-22
L0051,2025-05-23
L0051,2025-05-24
L0051,2025-05-25
L0051,2025-05-26
L0051,2025-05-27
L0051,2025-05-28
L0051,2025-05-29
L0051,2025-05-30
L0051,2025-05-31
L0051,2025-06-01
L0051,2025-06-02
L0051,2025-06-03
L0051,2025-06-04
L0051,2025-06-05
L0051,2025-06-06
L0051,2025-06-07
L0051,2025-06-08
L0051,2025-06-09
L0051,2025-06-10
L0051,2025-06-11
L0051,2025-06-12
L0051,2025-06-13
L0051,2025-06-14
L0051,2025-06-15
L0051,2025-06-16
L0051,2025-06-17
L0051,2025-06-18
L0051,2025-06-19
L0051,2025-06-20
L0051,2025-06-21
L0051,2025-06-22
L0051,2025-06-23
L0051,2025-06-24
L0051,2025-06-25
L0051,2025-06-26
L0051,2025-06-27
L0051,2025-06-28
L0051,2025-06-29
L0052,2025-01-01
L0052,2025-01-02
L0052,2025-01-03
L0052,2025-01-04
L0052,2025-01-05
L0052,2025-01-06
L0052,2025-01-07
L0052,2025-01-08
L0052,2025-01-09
L0052,2025-01-10
L0052,2025-01-11
L0052,2025-01-12
L0052,2025-01-13
L0052,2025-01-14
L0052,2025-01-15
L0052,2025-01-16
L0052,2025-01-17
L0052,2025-01-18
L0052,2025-01-19
L0052,2025-01-20
L0052,2025-01-21
L0052,2025-01-22
L0052,2025-01-23
L0052,2025-01-24
L0052,2025-01-25
L0052,2025-01-26
L0052,2025-01-27
L0052,2025-01-28
L0052,2025-01-29
L0052,2025-01-30
L0052,2025-01-31
L0052,2025-02-01
L0052,2025-02-02
L0052,2025-02-03
L0052,2025-02-04
L0052,2025-02-05
L0052,2025-02-06
L0052,2025-02-07
L0052,2025-02-08
L0052,2025-02-09
L0052,2025-02-10
L0052,2025-02-11
L0052,2025-02-12
L0052,2025-02-13
L0052,2025-02-14
L0052,2025-02-15
L0052,2025-02-16
L0052,2025-02-17
L0052,2025-02-18
L0052,2025-02-19
L0052,2025-02-20
L0052,2025-02-21
L0052,2025-02-22
L0052,2025-02-23
L0052,2025-02-24
L0052,2025-02-25
L0052,2025-02-26
L0052,2025-02-27
L0052,2025-02-28
L0052,2025-03-01
L0052,2025-03-02
L0052,2025-03-03
L0052,2025-03-04
L0052,2025-03-05
L0052,2025-03-06
L0052,2025-03-07
L0052,2025-03-08
L0052,2025-03-09
L0052,2025-03-10
L0052,2025-03-11
L0052,2025-03-12
L0052,2025-03-13
L0052,2025-03-14
L0052,2025-03-15
L0052,2025-03-16
L0052,2025-03-17
L0052,2025-03-18
L0052,2025-03-19
L0052,2025-03-20
L0052,2025-03-21
L0052,2025-03-22
L0052,2025-03-23
L0052,2025-03-24
L0052,2025-03-25
L0052,2025-03-26
L0052,2025-03-27
L0052,2025-03-28
L0052,2025-03-29
L0052,2025-03-30
L0052,2025-03-31
L0052,2025-04-01
L0052,2025-04-02
L0052,2025-04-03
L0052,2025-04-04
L0052,2025-04-05
L0052,2025-04-06
L0052,2025-04-07
L0052,2025-04-08
L0052,2025-04-09
L0052,2025-04-10
L0052,2025-04-11
L0052,2025-04-12
L0052,2025-04-13
L0052,2025-04-14
L0052,2025-04-15
L0052,2025-04-16
L0052,2025-04-17
L0052,2025-04-18
L0052,2025-04-19
L0052,2025-04-20
L0052,2025-04-21
L0052,2025-04-22
L0052,2025-04-23
L0052,2025-04-24
L0052,2025-04-25
L0052,2025-04-26
L0052,2025-04-27
L0052,2025-04-28
L0052,2025-04-29
L0052,2025-04-30
L0052,2025-05-01
L0052,2025-05-02
L0052,2025-05-03
L0052,2025-05-04
L0052,2025-05-05
L0052,2025-05-06
L0052,2025-05-07
L0052,2025-05-08
L0052,2025-05-09
L0052,2025-05-10
L0052,2025-05-11
L0052,2025-05-12
L0052,2025-05-13
L0052,2025-05-14
L0052,2025-05-15
L0052,2025-05-16
L0052,2025-05-17
L0052,2025-05-18
L0052,2025-05-19
L0052,2025-05-20
L0052,2025-05-21
L0052,2025-05-22
L0052,2025-05-23
L0052,2025-05-24
L0052,2025-05-25
L0052,2025-05-26
L0052,2025-05-27
L0052,2025-05-28
L0052,2025-05-29
L0052,2025-05-30
L0052,2025-05-31
L0052,2025-06-01
L0052,2025-06-02
L0052,2025-06-03
L0052,2025-06-04
L0052,2025-06-05
L0052,2025-06-06
L0052,2025-06-07
L0052,2025-06-08
L0052,2025-06-09
L0052,2025-06-10
L0052,2025-06-11
L0052,2025-06-12
L0052,2025-06-13
L0052,2025-06-14
L0052,2025-06-15
L0052,2025-06-16
L0052,2025-06-17
L0052,2025-06-18
L0052,2025-06-19
L0052,2025-06-20
L0052,2025-06-21
L0052,2025-06-22
L0052,2025-06-23
L0052,2025-06-24
L0052,2025-06-25
L0052,2025-06-26
L0052,2025-06-27
L0052,2025-06-28
L0052,2025-06-29
L0053,2025-01-01
L0053,2025-01-02
L0053,2025-01-03
L0053,2025-01-04
L0053,2025-01-05
L0053,2025-01-06
L0053,2025-01-07
L0053,2025-01-08
L0053,2025-01-09
L0053,2025-01-10
L0053,2025-01-11
L0053,2025-01-12
L0053,2025-01-13
L0053,2025-01-14
L0053,2025-01-15
L0053,2025-01-16
L0053,2025-01-17
L0053,2025-01-18
L0053,2025-01-19
L0053,2025-01-20
L0053,2025-01-21
L0053,2025-01-22
L0053,2025-01-23
L0053,2025-01-24
L0053,2025-01-25
L0053,2025-01-26
L0053,2025-01-27
L0053,2025-01-28
L0053,2025-01-29
L0053,2025-01-30
L0053,2025-01-31
L0053,2025-02-01
L0053,2025-02-02
L0053,2025-02-03
L0053,2025-02-04
L0053,2025-02-05
L0053,2025-02-06
L0053,2025-02-07
L0053,2025-02-08
L0053,2025-02-09
L0053,2025-02-10
L0053,2025-02-11
L0053,2025-02-12
L0053,2025-02-13
L0053,2025-02-14
L0053,2025-02-15
L0053,2025-02-16
L0053,2025-02-17
L0053,2025-02-18
L0053,2025-02-19
L0053,2025-02-20
L0053,2025-02-21
L0053,2025-02-22
L0053,2025-02-23
L0053,2025-02-24
L0053,2025-02-25
L0053,2025-02-26
L0053,2025-02-27
L0053,2025-02-28
L0053,2025-03-01
L0053,2025-03-02
L0053,2025-03-03
L0053,2025-03-04
L0053,2025-03-05
L0053,2025-03-06
L0053,2025-03-07
L0053,2025-03-08
L0053,2025-03-09
L0053,2025-03-10
L0053,2025-03-11
L0053,2025-03-12
L0053,2025-03-13
L0053,2025-03-14
L0053,2025-03-15
L0053,2025-03-16
L0053,2025-03-17
L0053,2025-03-18
L0053,2025-03-19
L0053,2025-03-20
L0053,2025-03-21
L0053,2025-03-22
L0053,2025-03-23
L0053,2025-03-24
L0053,2025-03-25
L0053,2025-03-26
L0053,2025-03-27
L0053,2025-03-28
L0053,2025-03-29
L0053,2025-03-30
L0053,2025-03-31
L0053,2025-04-01
L0053,2025-04-02
L0053,2025-04-03
L0053,2025-04-04
L0053,2025-04-05
L0053,2025-04-06
L0053,2025-04-07
L0053,2025-04-08
L0053,2025-04-09
L0053,2025-04-10
L0053,2025-04-11
L0053,2025-04-12
L0053,2025-04-13
L0053,2025-04-14
L0053,2025-04-15
L0053,2025-04-16
L0053,2025-04-17
L0053,2025-04-18
L0053,2025-04-19
L0053,2025-04-20
L0053,2025-04-21
L0053,2025-04-22
L0053,2025-04-23
L0053,2025-04-24
L0053,2025-04-25
L0053,2025-04-26
L0053,2025-04-27
L0053,2025-04-28
L0053,2025-04-29
L0053,2025-04-30
L0053,2025-05-01
L0053,2025-05-02
L0053,2025-05-03
L0053,2025-05-04
L0053,2025-05-05
L0053,2025-05-06
L0053,2025-05-07
L0053,2025-05-08
L0053,2025-05-09
L0053,2025-05-10
L0053,2025-05-11
L0053,2025-05-12
L0053,2025-05-13
L0053,2025-05-14
L0053,2025-05-15
L0053,2025-05-16
L0053,2025-05-17
L0053,2025-05-18
L0053,2025-05-19
L0053,2025-05-20
L0053,2025-05-21
L0053,2025-05-22
L0053,2025-05-23
L0053,2025-05-24
L0053,2025-05-25
L0053,2025-05-26
L0053,2025-05-27
L0053,2025-05-28
L0053,2025-05-29
L0053,2025-05-30
L0053,2025-05-31
L0053,2025-06-01
L0053,2025-06-02
L0053,2025-06-03
L0053,2025-06-04
L0053,2025-06-05
L0053,2025-06-06
L0053,2025-06-07
L0053,2025-06-08
L0053,2025-06-09
L0053,2025-06-10
L0053,2025-06-11
L0053,2025-06-12
L0053,2025-06-13
L0053,2025-06-14
L0053,2025-06-15
L0053,2025-06-16
L0053,2025-06-17
L0053,2025-06-18
L0053,2025-06-19
L0053,2025-06-20
L0053,2025-06-21
L0053,2025-06-22
L0053,2025-06-23
L0053,2025-06-24
L0053,2025-06-25
L0053,2025-06-26
L0053,2025-06-27
L0053,2025-06-28
L0053,2025-06-29
L0054,2025-01-01
L0054,2025-01-02
L0054,2025-01-03
L0054,2025-01-04
L0054,2025-01-05
L0054,2025-01-06
L0054,2025-01-07
L0054,2025-01-08
L0054,2025-01-09
L0054,2025-01-10
L0054,2025-01-11
L0054,2025-01-12
L0054,2025-01-13
L0054,2025-01-14
L0054,2025-01-15
L0054,2025-01-16
L0054,2025-01-17
L0054,2025-01-18
L0054,2025-01-19
L0054,2025-01-20
L0054,2025-01-21
L0054,2025-01-22
L0054,2025-01-23
L0054,2025-01-24
L0054,2025-01-25
L0054,2025-01-26
L0054,2025-01-27
L0054,2025-01-28
L0054,2025-01-29
L0054,2025-01-30
L0054,2025-01-31
L0054,2025-02-01
L0054,2025-02-02
L0054,2025-02-03
L0054,2025-02-04
L0054,2025-02-05
L0054,2025-02-06
L0054,2025-02-07
L0054,2025-02-08
L0054,2025-02-09
L0054,2025-02-10
L0054,2025-02-11
L0054,2025-02-12
L0054,2025-02-13
L0054,2025-02-14
L0054,2025-02-15
L0054,2025-02-16
L0054,2025-02-17
L0054,2025-02-18
L0054,2025-02-19
L0054,2025-02-20
L0054,2025-02-21
L0054,2025-02-22
L0054,2025-02-23
L0054,2025-02-24
L0054,2025-02-25
L0054,2025-02-26
L0054,2025-02-27
L0054,2025-02-28
L0054,2025-03-01
L0054,2025-03-02
L0054,2025-03-03
L0054,2025-03-04
L0054,2025-03-05
L0054,2025-03-06
L0054,2025-03-07
L0054,2025-03-08
L0054,2025-03-09
L0054,2025-03-10
L0054,2025-03-11
L0054,2025-03-12
L0054,2025-03-13
L0054,2025-03-14
L0054,2025-03-15
L0054,2025-03-16
L0054,2025-03-17
L0054,2025-03-18
L0054,2025-03-19
L0054,2025-03-20
L0054,2025-03-21
L0054,2025-03-22
L0054,2025-03-23
L0054,2025-03-24
L0054,2025-03-25
L0054,2025-03-26
L0054,2025-03-27
L0054,2025-03-28
L0054,2025-03-29
L0054,2025-03-30
L0054,2025-03-31
L0054,2025-04-01
L0054,2025-04-02
L0054,2025-04-03
L0054,2025-04-04
L0054,2025-04-05
L0054,2025-04-06
L0054,2025-04-07
L0054,2025-04-08
L0054,2025-04-09
L0054,2025-04-10
L0054,2025-04-11
L0054,2025-04-12
L0054,2025-04-13
L0054,2025-04-14
L0054,2025-04-15
L0054,2025-04-16
L0054,2025-04-17
L0054,2025-04-18
L0054,2025-04-19
L0054,2025-04-20
L0054,2025-04-21
L0054,2025-04-22
L0054,2025-04-23
L0054,2025-04-24
L0054,2025-04-25
L0054,2025-04-26
L0054,2025-04-27
L0054,2025-04-28
L0054,2025-04-29
L0054,2025-04-30
L0054,2025-05-01
L0054,2025-05-02
L0054,2025-05-03
L0054,2025-05-04
L0054,2025-05-05
L0054,2025-05-06
L0054,2025-05-07
L0054,2025-05-08
L0054,2025-05-09
L0054,2025-05-10
L0054,2025-05-11
L0054,2025-05-12
L0054,2025-05-13
L0054,2025-05-14
L0054,2025-05-15
L0054,2025-05-16
L0054,2025-05-17
L0054,2025-05-18
L0054,2025-05-19
L0054,2025-05-20
L0054,2025-05-21
L0054,2025-05-22
L0054,2025-05-23
L0054,2025-05-24
L0054,2025-05-25
L0054,2025-05-26
L0054,2025-05-27
L0054,2025-05-28
L0054,2025-05-29
L0054,2025-05-30
L0054,2025-05-31
L0054,2025-06-01
L0054,2025-06-02
L0054,2025-06-03
L0054,2025-06-04
L0054,2025-06-05
L0054,2025-06-06
L0054,2025-06-07
L0054,2025-06-08
L0054,2025-06-09
L0054,2025-06-10
L0054,2025-06-11
L0054,2025-06-12
L0054,2025-06-13
L0054,2025-06-14
L0054,2025-06-15
L0054,2025-06-16
L0054,2025-06-17
L0054,2025-06-18
L0054,2025-06-19
L0054,2025-06-20
L0054,2025-06-21
L0054,2025-06-22
L0054,2025-06-23
L0054,2025-06-24
L0054,2025-06-25
L0054,2025-06-26
L0054,2025-06-27
L0054,2025-06-28
L0054,2025-06-29
L0055,2025-01-01
L0055,2025-01-02
L0055,2025-01-03
L0055,2025-01-04
L0055,2025-01-05
L0055,2025-01-06
L0055,2025-01-07
L0055,2025-01-08
L0055,2025-01-09
L0055,2025-01-10
L0055,2025-01-11
L0055,2025-01-12
L0055,2025-01-13
L0055,2025-01-14
L0055,2025-01-15
L0055,2025-01-16
L0055,2025-01-17
L0055,2025-01-18
L0055,2025-01-19
L0055,2025-01-20
L0055,2025-01-21
L0055,2025-01-22
L0055,2025-01-23
L0055,2025-01-24
L0055,2025-01-25
L0055,2025-01-26
L0055,2025-01-27
L0055,2025-01-28
L0055,2025-01-29
L0055,2025-01-30
L0055,2025-01-31
L0055,2025-02-01
L0055,2025-02-02
L0055,2025-02-03
L0055,2025-02-04
L0055,2025-02-05
L0055,2025-02-06
L0055,2025-02-07
L0055,2025-02-08
L0055,2025-02-09
L0055,2025-02-10
L0055,2025-02-11
L0055,2025-02-12
L0055,2025-02-13
L0055,2025-02-14
L0055,2025-02-15
L0055,2025-02-16
L0055,2025-02-17
L0055,2025-02-18
L0055,2025-02-19
L0055,2025-02-20
L0055,2025-02-21
L0055,2025-02-22
L0055,2025-02-23
L0055,2025-02-24
L0055,2025-02-25
L0055,2025-02-26
L0055,2025-02-27
L0055,2025-02-28
L0055,2025-03-01
L0055,2025-03-02
L0055,2025-03-03
L0055,2025-03-04
L0055,2025-03-05
L0055,2025-03-06
L0055,2025-03-07
L0055,2025-03-08
L0055,2025-03-09
L0055,2025-03-10
L0055,2025-03-11
L0055,2025-03-12
L0055,2025-03-13
L0055,2025-03-14
L0055,2025-03-15
L0055,2025-03-16
L0055,2025-03-17
L0055,2025-03-18
L0055,2025-03-19
L0055,2025-03-20
L0055,2025-03-21
L0055,2025-03-22
L0055,2025-03-23
L0055,2025-03-24
L0055,2025-03-25
L0055,2025-03-26
L0055,2025-03-27
L0055,2025-03-28
L0055,2025-03-29
L0055,2025-03-30
L0055,2025-03-31
L0055,2025-04-01
L0055,2025-04-02
L0055,2025-04-03
L0055,2025-04-04
L0055,2025-04-05
L0055,2025-04-06
L0055,2025-04-07
L0055,2025-04-08
L0055,2025-04-09
L0055,2025-04-10
L0055,2025-04-11
L0055,2025-04-12
L0055,2025-04-13
L0055,2025-04-14
L0055,2025-04-15
L0055,2025-04-16
L0055,2025-04-17
L0055,2025-04-18
L0055,2025-04-19
L0055,2025-04-20
L0055,2025-04-21
L0055,2025-04-22
L0055,2025-04-23
L0055,2025-04-24
L0055,2025-04-25
L0055,2025-04-26
L0055,2025-04-27
L0055,2025-04-28
L0055,2025-04-29
L0055,2025-04-30
L0055,2025-05-01
L0055,2025-05-02
L0055,2025-05-03
L0055,2025-05-04
L0055,2025-05-05
L0055,2025-05-06
L0055,2025-05-07
L0055,2025-05-08
L0055,2025-05-09
L0055,2025-05-10
L0055,2025-05-11
L0055,2025-05-12
L0055,2025-05-13
L0055,2025-05-14
L0055,2025-05-15
L0055,2025-05-16
L0055,2025-05-17
L0055,2025-05-18
L0055,2025-05-19
L0055,2025-05-20
L0055,2025-05-21
L0055,2025-05-22
L0055,2025-05-23
L0055,2025-05-24
L0055,2025-05-25
L0055,2025-05-26
L0055,2025-05-27
L0055,2025-05-28
L0055,2025-05-29
L0055,2025-05-30
L0055,2025-05-31
L0055,2025-06-01
L0055,2025-06-02
L0055,2025-06-03
L0055,2025-06-04
L0055,2025-06-05
L0055,2025-06-06
L0055,2025-06-07
L0055,2025-06-08
L0055,2025-06-09
L0055,2025-06-10
L0055,2025-06-11
L0055,2025-06-12
L0055,2025-06-13
L0055,2025-06-14
L0055,2025-06-15
L0055,2025-06-16
L0055,2025-06-17
L0055,2025-06-18
L0055,2025-06-19
L0055,2025-06-20
L0055,2025-06-21
L0055,2025-06-22
L0055,2025-06-23
L0055,2025-06-24
L0055,2025-06-25
L0055,2025-06-26
L0055,2025-06-27
L0055,2025-06-28
L0055,2025-06-29
L0056,2025-01-01
L0056,2025-01-02
L0056,2025-01-03
L0056,2025-01-04
L0056,2025-01-05
L0056,2025-01-06
L0056,2025-01-07
L0056,2025-01-08
L0056,2025-01-09
L0056,2025-01-10
L0056,2025-01-11
L0056,2025-01-12
L0056,2025-01-13
L0056,2025-01-14
L0056,2025-01-15
L0056,2025-01-16
L0056,2025-01-17
L0056,2025-01-18
L0056,2025-01-19
L0056,2025-01-20
L0056,2025-01-21
L0056,2025-01-22
L0056,2025-01-23
L0056,2025-01-24
L0056,2025-01-25
L0056,2025-01-26
L0056,2025-01-27
L0056,2025-01-28
L0056,2025-01-29
L0056,2025-01-30
L0056,2025-01-31
L0056,2025-02-01
L0056,2025-02-02
L0056,2025-02-03
L0056,2025-02-04
L0056,2025-02-05
L0056,2025-02-06
L0056,2025-02-07
L0056,2025-02-08
L0056,2025-02-09
L0056,2025-02-10
L0056,2025-02-11
L0056,2025-02-12
L0056,2025-02-13
L0056,2025-02-14
L0056,2025-02-15
L0056,2025-02-16
L0056,2025-02-17
L0056,2025-02-18
L0056,2025-02-19
L0056,2025-02-20
L0056,2025-02-21
L0056,2025-02-22
L0056,2025-02-23
L0056,2025-02-24
L0056,2025-02-25
L0056,2025-02-26
L0056,2025-02-27
L0056,2025-02-28
L0056,2025-03-01
L0056,2025-03-02
L0056,2025-03-03
L0056,2025-03-04
L0056,2025-03-05
L0056,2025-03-06
L0056,2025-03-07
L0056,2025-03-08
L0056,2025-03-09
L0056,2025-03-10
L0056,2025-03-11
L0056,2025-03-12
L0056,2025-03-13
L0056,2025-03-14
L0056,2025-03-15
L0056,2025-03-16
L0056,2025-03-17
L0056,2025-03-18
L0056,2025-03-19
L0056,2025-03-20
L0056,2025-03-21
L0056,2025-03-22
L0056,2025-03-23
L0056,2025-03-24
L0056,2025-03-25
L0056,2025-03-26
L0056,2025-03-27
L0056,2025-03-28
L0056,2025-03-29
L0056,2025-03-30
L0056,2025-03-31
L0056,2025-04-01
L0056,2025-04-02
L0056,2025-04-03
L0056,2025-04-04
L0056,2025-04-05
L0056,2025-04-06
L0056,2025-04-07
L0056,2025-04-08
L0056,2025-04-09
L0056,2025-04-10
L0056,2025-04-11
L0056,2025-04-12
L0056,2025-04-13
L0056,2025-04-14
L0056,2025-04-15
L0056,2025-04-16
L0056,2025-04-17
L0056,2025-04-18
L0056,2025-04-19
L0056,2025-04-20
L0056,2025-04-21
L0056,2025-04-22
L0056,2025-04-23
L0056,2025-04-24
L0056,2025-04-25
L0056,2025-04-26
L0056,2025-04-27
L0056,2025-04-28
L0056,2025-04-29
L0056,2025-04-30
L0056,2025-05-01
L0056,2025-05-02
L0056,2025-05-03
L0056,2025-05-04
L0056,2025-05-05
L0056,2025-05-06
L0056,2025-05-07
L0056,2025-05-08
L0056,2025-05-09
L0056,2025-05-10
L0056,2025-05-11
L0056,2025-05-12
L0056,2025-05-13
L0056,2025-05-14
L0056,2025-05-15
L0056,2025-05-16
L0056,2025-05-17
L0056,2025-05-18
L0056,2025-05-19
L0056,2025-05-20
L0056,2025-05-21
L0056,2025-05-22
L0056,2025-05-23
L0056,2025-05-24
L0056,2025-05-25
L0056,2025-05-26
L0056,2025-05-27
L0056,2025-05-28
L0056,2025-05-29
L0056,2025-05-30
L0056,2025-05-31
L0056,2025-06-01
L0056,2025-06-02
L0056,2025-06-03
L0056,2025-06-04
L0056,2025-06-05
L0056,2025-06-06
L0056,2025-06-07
L0056,2025-06-08
L0056,2025-06-09
L0056,2025-06-10
L0056,2025-06-11
L0056,2025-06-12
L0056,2025-06-13
L0056,2025-06-14
L0056,2025-06-15
L0056,2025-06-16
L0056,2025-06-17
L0056,2025-06-18
L0056,2025-06-19
L0056,2025-06-20
L0056,2025-06-21
L0056,2025-06-22
L0056,2025-06-23
L0056,2025-06-24
L0056,2025-06-25
L0056,2025-06-26
L0056,2025-06-27
L0056,2025-06-28
L0056,2025-06-29
L0057,2025-01-01
L0057,2025-01-02
L0057,2025-01-03
L0057,2025-01-04
L0057,2025-01-05
L0057,2025-01-06
L0057,2025-01-07
L0057,2025-01-08
L0057,2025-01-09
L0057,2025-01-10
L0057,2025-01-11
L0057,2025-01-12
L0057,2025-01-13
L0057,2025-01-14
L0057,2025-01-15
L0057,2025-01-16
L0057,2025-01-17
L0057,2025-01-18
L0057,2025-01-19
L0057,2025-01-20
L0057,2025-01-21
L0057,2025-01-22
L0057,2025-01-23
L0057,2025-01-24
L0057,2025-01-25
L0057,2025-01-26
L0057,2025-01-27
L0057,2025-01-28
L0057,2025-01-29
L0057,2025-01-30
L0057,2025-01-31
L0057,2025-02-01
L0057,2025-02-02
L0057,2025-02-03
L0057,2025-02-04
L0057,2025-02-05
L0057,2025-02-06
L0057,2025-02-07
L0057,2025-02-08
L0057,2025-02-09
L0057,2025-02-10
L0057,2025-02-11
L0057,2025-02-12
L0057,2025-02-13
L0057,2025-02-14
L0057,2025-02-15
L0057,2025-02-16
L0057,2025-02-17
L0057,2025-02-18
L0057,2025-02-19
L0057,2025-02-20
L0057,2025-02-21
L0057,2025-02-22
L0057,2025-02-23
L0057,2025-02-24
L0057,2025-02-25
L0057,2025-02-26
L0057,2025-02-27
L0057,2025-02-28
L0057,2025-03-01
L0057,2025-03-02
L0057,2025-03-03
L0057,2025-03-04
L0057,2025-03-05
L0057,2025-03-06
L0057,2025-03-07
L0057,2025-03-08
L0057,2025-03-09
L0057,2025-03-10
L0057,2025-03-11
L0057,2025-03-12
L0057,2025-03-13
L0057,2025-03-14
L0057,2025-03-15
L0057,2025-03-16
L0057,2025-03-17
L0057,2025-03-18
L0057,2025-03-19
L0057,2025-03-20
L0057,2025-03-21
L0057,2025-03-22
L0057,2025-03-23
L0057,2025-03-24
L0057,2025-03-25
L0057,2025-03-26
L0057,2025-03-27
L0057,2025-03-28
L0057,2025-03-29
L0057,2025-03-30
L0057,2025-03-31
L0057,2025-04-01
L0057,2025-04-02
L0057,2025-04-03
L0057,2025-04-04
L0057,2025-04-05
L0057,2025-04-06
L0057,2025-04-07
L0057,2025-04-08
L0057,2025-04-09
L0057,2025-04-10
L0057,2025-04-11
L0057,2025-04-12
L0057,2025-04-13
L0057,2025-04-14
L0057,2025-04-15
L0057,2025-04-16
L0057,2025-04-17
L0057,2025-04-18
L0057,2025-04-19
L0057,2025-04-20
L0057,2025-04-21
L0057,2025-04-22
L0057,2025-04-23
L0057,2025-04-24
L0057,2025-04-25
L0057,2025-04-26
L0057,2025-04-27
L0057,2025-04-28
L0057,2025-04-29
L0057,2025-04-30
L0057,2025-05-01
L0057,2025-05-02
L0057,2025-05-03
L0057,2025-05-04
L0057,2025-05-05
L0057,2025-05-06
L0057,2025-05-07
L0057,2025-05-08
L0057,2025-05-09
L0057,2025-05-10
L0057,2025-05-11
L0057,2025-05-12
L0057,2025-05-13
L0057,2025-05-14
L0057,2025-05-15
L0057,2025-05-16
L0057,2025-05-17
L0057,2025-05-18
L0057,2025-05-19
L0057,2025-05-20
L0057,2025-05-21
L0057,2025-05-22
L0057,2025-05-23
L0057,2025-05-24
L0057,2025-05-25
L0057,2025-05-26
L0057,2025-05-27
L0057,2025-05-28
L0057,2025-05-29
L0057,2025-05-30
L0057,2025-05-31
L0057,2025-06-01
L0057,2025-06-02
L0057,2025-06-03
L0057,2025-06-04
L0057,2025-06-05
L0057,2025-06-06
L0057,2025-06-07
L0057,2025-06-08
L0057,2025-06-09
L0057,2025-06-10
L0057,2025-06-11
L0057,2025-06-12
L0057,2025-06-13
L0057,2025-06-14
L0057,2025-06-15
L0057,2025-06-16
L0057,2025-06-17
L0057,2025-06-18
L0057,2025-06-19
L0057,2025-06-20
L0057,2025-06-21
L0057,2025-06-22
L0057,2025-06-23
L0057,2025-06-24
L0057,2025-06-25
L0057,2025-06-26
L0057,2025-06-27
L0057,2025-06-28
L0057,2025-06-29
L0058,2025-01-01
L0058,2025-01-02
L0058,2025-01-03
L0058,2025-01-04
L0058,2025-01-05
L0058,2025-01-06
L0058,2025-01-07
L0058,2025-01-08
L0058,2025-01-09
L0058,2025-01-10
L0058,2025-01-11
L0058,2025-01-12
L0058,2025-01-13
L0058,2025-01-14
L0058,2025-01-15
L0058,2025-01-16
L0058,2025-01-17
L0058,2025-01-18
L0058,2025-01-19
L0058,2025-01-20
L0058,2025-01-21
L0058,2025-01-22
L0058,2025-01-23
L0058,2025-01-24
L0058,2025-01-25
L0058,2025-01-26
L0058,2025-01-27
L0058,2025-01-28
L0058,2025-01-29
L0058,2025-01-30
L0058,2025-01-31
L0058,2025-02-01
L0058,2025-02-02
L0058,2025-02-03
L0058,2025-02-04
L0058,2025-02-05
L0058,2025-02-06
L0058,2025-02-07
L0058,2025-02-08
L0058,2025-02-09
L0058,2025-02-10
L0058,2025-02-11
L0058,2025-02-12
L0058,2025-02-13
L0058,2025-02-14
L0058,2025-02-15
L0058,2025-02-16
L0058,2025-02-17
L0058,2025-02-18
L0058,2025-02-19
L0058,2025-02-20
L0058,2025-02-21
L0058,2025-02-22
L0058,2025-02-23
L0058,2025-02-24
L0058,2025-02-25
L0058,2025-02-26
L0058,2025-02-27
L0058,2025-02-28
L0058,2025-03-01
L0058,2025-03-02
L0058,2025-03-03
L0058,2025-03-04
L0058,2025-03-05
L0058,2025-03-06
L0058,2025-03-07
L0058,2025-03-08
L0058,2025-03-09
L0058,2025-03-10
L0058,2025-03-11
L0058,2025-03-12
L0058,2025-03-13
L0058,2025-03-14
L0058,2025-03-15
L0058,2025-03-16
L0058,2025-03-17
L0058,2025-03-18
L0058,2025-03-19
L0058,2025-03-20
L0058,2025-03-21
L0058,2025-03-22
L0058,2025-03-23
L0058,2025-03-24
L0058,2025-03-25
L0058,2025-03-26
L0058,2025-03-27
L0058,2025-03-28
L0058,2025-03-29
L0058,2025-03-30
L0058,2025-03-31
L0058,2025-04-01
L0058,2025-04-02
L0058,2025-04-03
L0058,2025-04-04
L0058,2025-04-05
L0058,2025-04-06
L0058,2025-04-07
L0058,2025-04-08
L0058,2025-04-09
L0058,2025-04-10
L0058,2025-04-11
L0058,2025-04-12
L0058,2025-04-13
L0058,2025-04-14
L0058,2025-04-15
L0058,2025-04-16
L0058,2025-04-17
L0058,2025-04-18
L0058,2025-04-19
L0058,2025-04-20
L0058,2025-04-21
L0058,2025-04-22
L0058,2025-04-23
L0058,2025-04-24
L0058,2025-04-25
L0058,2025-04-26
L0058,2025-04-27
L0058,2025-04-28
L0058,2025-04-29
L0058,2025-04-30
L0058,2025-05-01
L0058,2025-05-02
L0058,2025-05-03
L0058,2025-05-04
L0058,2025-05-05
L0058,2025-05-06
L0058,2025-05-07
L0058,2025-05-08
L0058,2025-05-09
L0058,2025-05-10
L0058,2025-05-11
L0058,2025-05-12
L0058,2025-05-13
L0058,2025-05-14
L0058,2025-05-15
L0058,2025-05-16
L0058,2025-05-17
L0058,2025-05-18
L0058,2025-05-19
L0058,2025-05-20
L0058,2025-05-21
L0058,2025-05-22
L0058,2025-05-23
L0058,2025-05-24
L0058,2025-05-25
L0058,2025-05-26
L0058,2025-05-27
L0058,2025-05-28
L0058,2025-05-29
L0058,2025-05-30
L0058,2025-05-31
L0058,2025-06-01
L0058,2025-06-02
L0058,2025-06-03
L0058,2025-06-04
L0058,2025-06-05
L0058,2025-06-06
L0058,2025-06-07
L0058,2025-06-08
L0058,2025-06-09
L0058,2025-06-10
L0058,2025-06-11
L0058,2025-06-12
L0058,2025-06-13
L0058,2025-06-14
L0058,2025-06-15
L0058,2025-06-16
L0058,2025-06-17
L0058,2025-06-18
L0058,2025-06-19
L0058,2025-06-20
L0058,2025-06-21
L0058,2025-06-22
L0058,2025-06-23
L0058,2025-06-24
L0058,2025-06-25
L0058,2025-06-26
L0058,2025-06-27
L0058,2025-06-28
L0058,2025-06-29
L0059,2025-01-01
L0059,2025-01-02
L0059,2025-01-03
L0059,2025-01-04
L0059,2025-01-05
L0059,2025-01-06
L0059,2025-01-07
L0059,2025-01-08
L0059,2025-01-09
L0059,2025-01-10
L0059,2025-01-11
L0059,2025-01-12
L0059,2025-01-13
L0059,2025-01-14
L0059,2025-01-15
L0059,2025-01-16
L0059,2025-01-17
L0059,2025-01-18
L0059,2025-01-19
L0059,2025-01-20
L0059,2025-01-21
L0059,2025-01-22
L0059,2025-01-23
L0059,2025-01-24
L0059,2025-01-25
L0059,2025-01-26
L0059,2025-01-27
L0059,2025-01-28
L0059,2025-01-29
L0059,2025-01-30
L0059,2025-01-31
L0059,2025-02-01
L0059,2025-02-02
L0059,2025-02-03
L0059,2025-02-04
L0059,2025-02-05
L0059,2025-02-06
L0059,2025-02-07
L0059,2025-02-08
L0059,2025-02-09
L0059,2025-02-10
L0059,2025-02-11
L0059,2025-02-12
L0059,2025-02-13
L0059,2025-02-14
L0059,2025-02-15
L0059,2025-02-16
L0059,2025-02-17
L0059,2025-02-18
L0059,2025-02-19
L0059,2025-02-20
L0059,2025-02-21
L0059,2025-02-22
L0059,2025-02-23
L0059,2025-02-24
L0059,2025-02-25
L0059,2025-02-26
L0059,2025-02-27
L0059,2025-02-28
L0059,2025-03-01
L0059,2025-03-02
L0059,2025-03-03
L0059,2025-03-04
L0059,2025-03-05
L0059,2025-03-06
L0059,2025-03-07
L0059,2025-03-08
L0059,2025-03-09
L0059,2025-03-10
L0059,2025-03-11
L0059,2025-03-12
L0059,2025-03-13
L0059,2025-03-14
L0059,2025-03-15
L0059,2025-03-16
L0059,2025-03-17
L0059,2025-03-18
L0059,2025-03-19
L0059,2025-03-20
L0059,2025-03-21
L0059,2025-03-22
L0059,2025-03-23
L0059,2025-03-24
L0059,2025-03-25
L0059,2025-03-26
L0059,2025-03-27
L0059,2025-03-28
L0059,2025-03-29
L0059,2025-03-30
L0059,2025-03-31
L0059,2025-04-01
L0059,2025-04-02
L0059,2025-04-03
L0059,2025-04-04
L0059,2025-04-05
L0059,2025-04-06
L0059,2025-04-07
L0059,2025-04-08
L0059,2025-04-09
L0059,2025-04-10
L0059,2025-04-11
L0059,2025-04-12
L0059,2025-04-13
L0059,2025-04-14
L0059,2025-04-15
L0059,2025-04-16
L0059,2025-04-17
L0059,2025-04-18
L0059,2025-04-19
L0059,2025-04-20
L0059,2025-04-21
L0059,2025-04-22
L0059,2025-04-23
L0059,2025-04-24
L0059,2025-04-25
L0059,2025-04-26
L0059,2025-04-27
L0059,2025-04-28
L0059,2025-04-29
L0059,2025-04-30
L0059,2025-05-01
L0059,2025-05-02
L0059,2025-05-03
L0059,2025-05-04
L0059,2025-05-05
L0059,2025-05-06
L0059,2025-05-07
L0059,2025-05-08
L0059,2025-05-09
L0059,2025-05-10
L0059,2025-05-11
L0059,2025-05-12
L0059,2025-05-13
L0059,2025-05-14
L0059,2025-05-15
L0059,2025-05-16
L0059,2025-05-17
L0059,2025-05-18
L0059,2025-05-19
L0059,2025-05-20
L0059,2025-05-21
L0059,2025-05-22
L0059,2025-05-23
L0059,2025-05-24
L0059,2025-05-25
L0059,2025-05-26
L0059,2025-05-27
L0059,2025-05-28
L0059,2025-05-29
L0059,2025-05-30
L0059,2025-05-31
L0059,2025-06-01
L0059,2025-06-02
L0059,2025-06-03
L0059,2025-06-04
L0059,2025-06-05
L0059,2025-06-06
L0059,2025-06-07
L0059,2025-06-08
L0059,2025-06-09
L0059,2025-06-10
L0059,2025-06-11
L0059,2025-06-12
L0059,2025-06-13
L0059,2025-06-14
L0059,2025-06-15
L0059,2025-06-16
L0059,2025-06-17
L0059,2025-06-18
L0059,2025-06-19
L0059,2025-06-20
L0059,2025-06-21
L0059,2025-06-22
L0059,2025-06-23
L0059,2025-06-24
L0059,2025-06-25
L0059,2025-06-26
L0059,2025-06-27
L0059,2025-06-28
L0059,2025-06-29
L0060,2025-01-01
L0060,2025-01-02
L0060,2025-01-03
L0060,2025-01-04
L0060,2025-01-05
L0060,2025-01-06
L0060,2025-01-07
L0060,2025-01-08
L0060,2025-01-09
L0060,2025-01-10
L0060,2025-01-11
L0060,2025-01-12
L0060,2025-01-13
L0060,2025-01-14
L0060,2025-01-15
L0060,2025-01-16
L0060,2025-01-17
L0060,2025-01-18
L0060,2025-01-19
L0060,2025-01-20
L0060,2025-01-21
L0060,2025-01-22
L0060,2025-01-23
L0060,2025-01-24
L0060,2025-01-25
L0060,2025-01-26
L0060,2025-01-27
L0060,2025-01-28
L0060,2025-01-29
L0060,2025-01-30
L0060,2025-01-31
L0060,2025-02-01
L0060,2025-02-02
L0060,2025-02-03
L0060,2025-02-04
L0060,2025-02-05
L0060,2025-02-06
L0060,2025-02-07
L0060,2025-02-08
L0060,2025-02-09
L0060,2025-02-10
L0060,2025-02-11
L0060,2025-02-12
L0060,2025-02-13
L0060,2025-02-14
L0060,2025-02-15
L0060,2025-02-16
L0060,2025-02-17
L0060,2025-02-18
L0060,2025-02-19
L0060,2025-02-20
L0060,2025-02-21
L0060,2025-02-22
L0060,2025-02-23
L0060,2025-02-24
L0060,2025-02-25
L0060,2025-02-26
L0060,2025-02-27
L0060,2025-02-28
L0060,2025-03-01
L0060,2025-03-02
L0060,2025-03-03
L0060,2025-03-04
L0060,2025-03-05
L0060,2025-03-06
L0060,2025-03-07
L0060,2025-03-08
L0060,2025-03-09
L0060,2025-03-10
L0060,2025-03-11
L0060,2025-03-12
L0060,2025-03-13
L0060,2025-03-14
L0060,2025-03-15
L0060,2025-03-16
L0060,2025-03-17
L0060,2025-03-18
L0060,2025-03-19
L0060,2025-03-20
L0060,2025-03-21
L0060,2025-03-22
L0060,2025-03-23
L0060,2025-03-24
L0060,2025-03-25
L0060,2025-03-26
L0060,2025-03-27
L0060,2025-03-28
L0060,2025-03-29
L0060,2025-03-30
L0060,2025-03-31
L0060,2025-04-01
L0060,2025-04-02
L0060,2025-04-03
L0060,2025-04-04
L0060,2025-04-05
L0060,2025-04-06
L0060,2025-04-07
L0060,2025-04-08
L0060,2025-04-09
L0060,2025-04-10
L0060,2025-04-11
L0060,2025-04-12
L0060,2025-04-13
L0060,2025-04-14
L0060,2025-04-15
L0060,2025-04-16
L0060,2025-04-17
L0060,2025-04-18
L0060,2025-04-19
L0060,2025-04-20
L0060,2025-04-21
L0060,2025-04-22
L0060,2025-04-23
L0060,2025-04-24
L0060,2025-04-25
L0060,2025-04-26
L0060,2025-04-27
L0060,2025-04-28
L0060,2025-04-29
L0060,2025-04-30
L0060,2025-05-01
L0060,2025-05-02
L0060,2025-05-03
L0060,2025-05-04
L0060,2025-05-05
L0060,2025-05-06
L0060,2025-05-07
L0060,2025-05-08
L0060,2025-05-09
L0060,2025-05-10
L0060,2025-05-11
L0060,2025-05-12
L0060,2025-05-13
L0060,2025-05-14
L0060,2025-05-15
L0060,2025-05-16
L0060,2025-05-17
L0060,2025-05-18
L0060,2025-05-19
L0060,2025-05-20
L0060,2025-05-21
L0060,2025-05-22
L0060,2025-05-23
L0060,2025-05-24
L0060,2025-05-25
L0060,2025-05-26
L0060,2025-05-27
L0060,2025-05-28
L0060,2025-05-29
L0060,2025-05-30
L0060,2025-05-31
L0060,2025-06-01
L0060,2025-06-02
L0060,2025-06-03
L0060,2025-06-04
L0060,2025-06-05
L0060,2025-06-06
L0060,2025-06-07
L0060,2025-06-08
L0060,2025-06-09
L0060,2025-06-10
L0060,2025-06-11
L0060,2025-06-12
L0060,2025-06-13
L0060,2025-06-14
L0060,2025-06-15
L0060,2025-06-16
L0060,2025-06-17
L0060,2025-06-18
L0060,2025-06-19
L0060,2025-06-20
L0060,2025-06-21
L0060,2025-06-22
L0060,2025-06-23
L0060,2025-06-24
L0060,2025-06-25
L0060,2025-06-26
L0060,2025-06-27
L0060,2025-06-28
L0060,2025-06-29
L0061,2025-01-01
L0061,2025-01-02
L0061,2025-01-03
L0061,2025-01-04
L0061,2025-01-05
L0061,2025-01-06
L0061,2025-01-07
L0061,2025-01-08
L0061,2025-01-09
L0061,2025-01-10
L0061,2025-01-11
L0061,2025-01-12
L0061,2025-01-13
L0061,2025-01-14
L0061,2025-01-15
L0061,2025-01-16
L0061,2025-01-17
L0061,2025-01-18
L0061,2025-01-19
L0061,2025-01-20
L0061,2025-01-21
L0061,2025-01-22
L0061,2025-01-23
L0061,2025-01-24
L0061,2025-01-25
L0061,2025-01-26
L0061,2025-01-27
L0061,2025-01-28
L0061,2025-01-29
L0061,2025-01-30
L0061,2025-01-31
L0061,2025-02-01
L0061,2025-02-02
L0061,2025-02-03
L0061,2025-02-04
L0061,2025-02-05
L0061,2025-02-06
L0061,2025-02-07
L0061,2025-02-08
L0061,2025-02-09
L0061,2025-02-10
L0061,2025-02-11
L0061,2025-02-12
L0061,2025-02-13
L0061,2025-02-14
L0061,2025-02-15
L0061,2025-02-16
L0061,2025-02-17
L0061,2025-02-18
L0061,2025-02-19
L0061,2025-02-20
L0061,2025-02-21
L0061,2025-02-22
L0061,2025-02-23
L0061,2025-02-24
L0061,2025-02-25
L0061,2025-02-26
L0061,2025-02-27
L0061,2025-02-28
L0061,2025-03-01
L0061,2025-03-02
L0061,2025-03-03
L0061,2025-03-04
L0061,2025-03-05
L0061,2025-03-06
L0061,2025-03-07
L0061,2025-03-08
L0061,2025-03-09
L0061,2025-03-10
L0061,2025-03-11
L0061,2025-03-12
L0061,2025-03-13
L0061,2025-03-14
L0061,2025-03-15
L0061,2025-03-16
L0061,2025-03-17
L0061,2025-03-18
L0061,2025-03-19
L0061,2025-03-20
L0061,2025-03-21
L0061,2025-03-22
L0061,2025-03-23
L0061,2025-03-24
L0061,2025-03-25
L0061,2025-03-26
L0061,2025-03-27
L0061,2025-03-28
L0061,2025-03-29
L0061,2025-03-30
L0061,2025-03-31
L0061,2025-04-01
L0061,2025-04-02
L0061,2025-04-03
L0061,2025-04-04
L0061,2025-04-05
L0061,2025-04-06
L0061,2025-04-07
L0061,2025-04-08
L0061,2025-04-09
L0061,2025-04-10
L0061,2025-04-11
L0061,2025-04-12
L0061,2025-04-13
L0061,2025-04-14
L0061,2025-04-15
L0061,2025-04-16
L0061,2025-04-17
L0061,2025-04-18
L0061,2025-04-19
L0061,2025-04-20
L0061,2025-04-21
L0061,2025-04-22
L0061,2025-04-23
L0061,2025-04-24
L0061,2025-04-25
L0061,2025-04-26
L0061,2025-04-27
L0061,2025-04-28
L0061,2025-04-29
L0061,2025-04-30
L0061,2025-05-01
L0061,2025-05-02
L0061,2025-05-03
L0061,2025-05-04
L0061,2025-05-05
L0061,2025-05-06
L0061,2025-05-07
L0061,2025-05-08
L0061,2025-05-09
L0061,2025-05-10
L0061,2025-05-11
L0061,2025-05-12
L0061,2025-05-13
L0061,2025-05-14
L0061,2025-05-15
L0061,2025-05-16
L0061,2025-05-17
L0061,2025-05-18
L0061,2025-05-19
L0061,2025-05-20
L0061,2025-05-21
L0061,2025-05-22
L0061,2025-05-23
L0061,2025-05-24
L0061,2025-05-25
L0061,2025-05-26
L0061,2025-05-27
L0061,2025-05-28
L0061,2025-05-29
L0061,2025-05-30
L0061,2025-05-31
L0061,2025-06-01
L0061,2025-06-02
L0061,2025-06-03
L0061,2025-06-04
L0061,2025-06-05
L0061,2025-06-06
L0061,2025-06-07
L0061,2025-06-08
L0061,2025-06-09
L0061,2025-06-10
L0061,2025-06-11
L0061,2025-06-12
L0061,2025-06-13
L0061,2025-06-14
L0061,2025-06-15
L0061,2025-06-16
L0061,2025-06-17
L0061,2025-06-18
L0061,2025-06-19
L0061,2025-06-20
L0061,2025-06-21
L0061,2025-06-22
L0061,2025-06-23
L0061,2025-06-24
L0061,2025-06-25
L0061,2025-06-26
L0061,2025-06-27
L0061,2025-06-28
L0061,2025-06-29
L0062,2025-01-01
L0062,2025-01-02
L0062,2025-01-03
L0062,2025-01-04
L0062,2025-01-05
L0062,2025-01-06
L0062,2025-01-07
L0062,2025-01-08
L0062,2025-01-09
L0062,2025-01-10
L0062,2025-01-11
L0062,2025-01-12
L0062,2025-01-13
L0062,2025-01-14
L0062,2025-01-15
L0062,2025-01-16
L0062,2025-01-17
L0062,2025-01-18
L0062,2025-01-19
L0062,2025-01-20
L0062,2025-01-21
L0062,2025-01-22
L0062,2025-01-23
L0062,2025-01-24
L0062,2025-01-25
L0062,2025-01-26
L0062,2025-01-27
L0062,2025-01-28
L0062,2025-01-29
L0062,2025-01-30
L0062,2025-01-31
L0062,2025-02-01
L0062,2025-02-02
L0062,2025-02-03
L0062,2025-02-04
L0062,2025-02-05
L0062,2025-02-06
L0062,2025-02-07
L0062,2025-02-08
L0062,2025-02-09
L0062,2025-02-10
L0062,2025-02-11
L0062,2025-02-12
L0062,2025-02-13
L0062,2025-02-14
L0062,2025-02-15
L0062,2025-02-16
L0062,2025-02-17
L0062,2025-02-18
L0062,2025-02-19
L0062,2025-02-20
L0062,2025-02-21
L0062,2025-02-22
L0062,2025-02-23
L0062,2025-02-24
L0062,2025-02-25
L0062,2025-02-26
L0062,2025-02-27
L0062,2025-02-28
L0062,2025-03-01
L0062,2025-03-02
L0062,2025-03-03
L0062,2025-03-04
L0062,2025-03-05
L0062,2025-03-06
L0062,2025-03-07
L0062,2025-03-08
L0062,2025-03-09
L0062,2025-03-10
L0062,2025-03-11
L0062,2025-03-12
L0062,2025-03-13
L0062,2025-03-14
L0062,2025-03-15
L0062,2025-03-16
L0062,2025-03-17
L0062,2025-03-18
L0062,2025-03-19
L0062,2025-03-20
L0062,2025-03-21
L0062,2025-03-22
L0062,2025-03-23
L0062,2025-03-24
L0062,2025-03-25
L0062,2025-03-26
L0062,2025-03-27
L0062,2025-03-28
L0062,2025-03-29
L0062,2025-03-30
L0062,2025-03-31
L0062,2025-04-01
L0062,2025-04-02
L0062,2025-04-03
L0062,2025-04-04
L0062,2025-04-05
L0062,2025-04-06
L0062,2025-04-07
L0062,2025-04-08
L0062,2025-04-09
L0062,2025-04-10
L0062,2025-04-11
L0062,2025-04-12
L0062,2025-04-13
L0062,2025-04-14
L0062,2025-04-15
L0062,2025-04-16
L0062,2025-04-17
L0062,2025-04-18
L0062,2025-04-19
L0062,2025-04-20
L0062,2025-04-21
L0062,2025-04-22
L0062,2025-04-23
L0062,2025-04-24
L0062,2025-04-25
L0062,2025-04-26
L0062,2025-04-27
L0062,2025-04-28
L0062,2025-04-29
L0062,2025-04-30
L0062,2025-05-01
L0062,2025-05-02
L0062,2025-05-03
L0062,2025-05-04
L0062,2025-05-05
L0062,2025-05-06
L0062,2025-05-07
L0062,2025-05-08
L0062,2025-05-09
L0062,2025-05-10
L0062,2025-05-11
L0062,2025-05-12
L0062,2025-05-13
L0062,2025-05-14
L0062,2025-05-15
L0062,2025-05-16
L0062,2025-05-17
L0062,2025-05-18
L0062,2025-05-19
L0062,2025-05-20
L0062,2025-05-21
L0062,2025-05-22
L0062,2025-05-23
L0062,2025-05-24
L0062,2025-05-25
L0062,2025-05-26
L0062,2025-05-27
L0062,2025-05-28
L0062,2025-05-29
L0062,2025-05-30
L0062,2025-05-31
L0062,2025-06-01
L0062,2025-06-02
L0062,2025-06-03
L0062,2025-06-04
L0062,2025-06-05
L0062,2025-06-06
L0062,2025-06-07
L0062,2025-06-08
L0062,2025-06-09
L0062,2025-06-10
L0062,2025-06-11
L0062,2025-06-12
L0062,2025-06-13
L0062,2025-06-14
L0062,2025-06-15
L0062,2025-06-16
L0062,2025-06-17
L0062,2025-06-18
L0062,2025-06-19
L0062,2025-06-20
L0062,2025-06-21
L0062,2025-06-22
L0062,2025-06-23
L0062,2025-06-24
L0062,2025-06-25
L0062,2025-06-26
L0062,2025-06-27
L0062,2025-06-28
L0062,2025-06-29
L0063,2025-01-01
L0063,2025-01-02
L0063,2025-01-03
L0063,2025-01-04
L0063,2025-01-05
L0063,2025-01-06
L0063,2025-01-07
L0063,2025-01-08
L0063,2025-01-09
L0063,2025-01-10
L0063,2025-01-11
L0063,2025-01-12
L0063,2025-01-13
L0063,2025-01-14
L0063,2025-01-15
L0063,2025-01-16
L0063,2025-01-17
L0063,2025-01-18
L0063,2025-01-19
L0063,2025-01-20
L0063,2025-01-21
L0063,2025-01-22
L0063,2025-01-23
L0063,2025-01-24
L0063,2025-01-25
L0063,2025-01-26
L0063,2025-01-27
L0063,2025-01-28
L0063,2025-01-29
L0063,2025-01-30
L0063,2025-01-31
L0063,2025-02-01
L0063,2025-02-02
L0063,2025-02-03
L0063,2025-02-04
L0063,2025-02-05
L0063,2025-02-06
L0063,2025-02-07
L0063,2025-02-08
L0063,2025-02-09
L0063,2025-02-10
L0063,2025-02-11
L0063,2025-02-12
L0063,2025-02-13
L0063,2025-02-14
L0063,2025-02-15
L0063,2025-02-16
L0063,2025-02-17
L0063,2025-02-18
L0063,2025-02-19
L0063,2025-02-20
L0063,2025-02-21
L0063,2025-02-22
L0063,2025-02-23
L0063,2025-02-24
L0063,2025-02-25
L0063,2025-02-26
L0063,2025-02-27
L0063,2025-02-28
L0063,2025-03-01
L0063,2025-03-02
L0063,2025-03-03
L0063,2025-03-04
L0063,2025-03-05
L0063,2025-03-06
L0063,2025-03-07
L0063,2025-03-08
L0063,2025-03-09
L0063,2025-03-10
L0063,2025-03-11
L0063,2025-03-12
L0063,2025-03-13
L0063,2025-03-14
L0063,2025-03-15
L0063,2025-03-16
L0063,2025-03-17
L0063,2025-03-18
L0063,2025-03-19
L0063,2025-03-20
L0063,2025-03-21
L0063,2025-03-22
L0063,2025-03-23
L0063,2025-03-24
L0063,2025-03-25
L0063,2025-03-26
L0063,2025-03-27
L0063,2025-03-28
L0063,2025-03-29
L0063,2025-03-30
L0063,2025-03-31
L0063,2025-04-01
L0063,2025-04-02
L0063,2025-04-03
L0063,2025-04-04
L0063,2025-04-05
L0063,2025-04-06
L0063,2025-04-07
L0063,2025-04-08
L0063,2025-04-09
L0063,2025-04-10
L0063,2025-04-11
L0063,2025-04-12
L0063,2025-04-13
L0063,2025-04-14
L0063,2025-04-15
L0063,2025-04-16
L0063,2025-04-17
L0063,2025-04-18
L0063,2025-04-19
L0063,2025-04-20
L0063,2025-04-21
L0063,2025-04-22
L0063,2025-04-23
L0063,2025-04-24
L0063,2025-04-25
L0063,2025-04-26
L0063,2025-04-27
L0063,2025-04-28
L0063,2025-04-29
L0063,2025-04-30
L0063,2025-05-01
L0063,2025-05-02
L0063,2025-05-03
L0063,2025-05-04
L0063,2025-05-05
L0063,2025-05-06
L0063,2025-05-07
L0063,2025-05-08
L0063,2025-05-09
L0063,2025-05-10
L0063,2025-05-11
L0063,2025-05-12
L0063,2025-05-13
L0063,2025-05-14
L0063,2025-05-15
L0063,2025-05-16
L0063,2025-05-17
L0063,2025-05-18
L0063,2025-05-19
L0063,2025-05-20
L0063,2025-05-21
L0063,2025-05-22
L0063,2025-05-23
L0063,2025-05-24
L0063,2025-05-25
L0063,2025-05-26
L0063,2025-05-27
L0063,2025-05-28
L0063,2025-05-29
L0063,2025-05-30
L0063,2025-05-31
L0063,2025-06-01
L0063,2025-06-02
L0063,2025-06-03
L0063,2025-06-04
L0063,2025-06-05
L0063,2025-06-06
L0063,2025-06-07
L0063,2025-06-08
L0063,2025-06-09
L0063,2025-06-10
L0063,2025-06-11
L0063,2025-06-12
L0063,2025-06-13
L0063,2025-06-14
L0063,2025-06-15
L0063,2025-06-16
L0063,2025-06-17
L0063,2025-06-18
L0063,2025-06-19
L0063,2025-06-20
L0063,2025-06-21
L0063,2025-06-22
L0063,2025-06-23
L0063,2025-06-24
L0063,2025-06-25
L0063,2025-06-26
L0063,2025-06-27
L0063,2025-06-28
L0063,2025-06-29
L0064,2025-01-01
L0064,2025-01-02
L0064,2025-01-03
L0064,2025-01-04
L0064,2025-01-05
L0064,2025-01-06
L0064,2025-01-07
L0064,2025-01-08
L0064,2025-01-09
L0064,2025-01-10
L0064,2025-01-11
L0064,2025-01-12
L0064,2025-01-13
L0064,2025-01-14
L0064,2025-01-15
L0064,2025-01-16
L0064,2025-01-17
L0064,2025-01-18
L0064,2025-01-19
L0064,2025-01-20
L0064,2025-01-21
L0064,2025-01-22
L0064,2025-01-23
L0064,2025-01-24
L0064,2025-01-25
L0064,2025-01-26
L0064,2025-01-27
L0064,2025-01-28
L0064,2025-01-29
L0064,2025-01-30
L0064,2025-01-31
L0064,2025-02-01
L0064,2025-02-02
L0064,2025-02-03
L0064,2025-02-04
L0064,2025-02-05
L0064,2025-02-06
L0064,2025-02-07
L0064,2025-02-08
L0064,2025-02-09
L0064,2025-02-10
L0064,2025-02-11
L0064,2025-02-12
L0064,2025-02-13
L0064,2025-02-14
L0064,2025-02-15
L0064,2025-02-16
L0064,2025-02-17
L0064,2025-02-18
L0064,2025-02-19
L0064,2025-02-20
L0064,2025-02-21
L0064,2025-02-22
L0064,2025-02-23
L0064,2025-02-24
L0064,2025-02-25
L0064,2025-02-26
L0064,2025-02-27
L0064,2025-02-28
L0064,2025-03-01
L0064,2025-03-02
L0064,2025-03-03
L0064,2025-03-04
L0064,2025-03-05
L0064,2025-03-06
L0064,2025-03-07
L0064,2025-03-08
L0064,2025-03-09
L0064,2025-03-10
L0064,2025-03-11
L0064,2025-03-12
L0064,2025-03-13
L0064,2025-03-14
L0064,2025-03-15
L0064,2025-03-16
L0064,2025-03-17
L0064,2025-03-18
L0064,2025-03-19
L0064,2025-03-20
L0064,2025-03-21
L0064,2025-03-22
L0064,2025-03-23
L0064,2025-03-24
L0064,2025-03-25
L0064,2025-03-26
L0064,2025-03-27
L0064,2025-03-28
L0064,2025-03-29
L0064,2025-03-30
L0064,2025-03-31
L0064,2025-04-01
L0064,2025-04-02
L0064,2025-04-03
L0064,2025-04-04
L0064,2025-04-05
L0064,2025-04-06
L0064,2025-04-07
L0064,2025-04-08
L0064,2025-04-09
L0064,2025-04-10
L0064,2025-04-11
L0064,2025-04-12
L0064,2025-04-13
L0064,2025-04-14
L0064,2025-04-15
L0064,2025-04-16
L0064,2025-04-17
L0064,2025-04-18
L0064,2025-04-19
L0064,2025-04-20
L0064,2025-04-21
L0064,2025-04-22
L0064,2025-04-23
L0064,2025-04-24
L0064,2025-04-25
L0064,2025-04-26
L0064,2025-04-27
L0064,2025-04-28
L0064,2025-04-29
L0064,2025-04-30
L0064,2025-05-01
L0064,2025-05-02
L0064,2025-05-03
L0064,2025-05-04
L0064,2025-05-05
L0064,2025-05-06
L0064,2025-05-07
L0064,2025-05-08
L0064,2025-05-09
L0064,2025-05-10
L0064,2025-05-11
L0064,2025-05-12
L0064,2025-05-13
L0064,2025-05-14
L0064,2025-05-15
L0064,2025-05-16
L0064,2025-05-17
L0064,2025-05-18
L0064,2025-05-19
L0064,2025-05-20
L0064,2025-05-21
L0064,2025-05-22
L0064,2025-05-23
L0064,2025-05-24
L0064,2025-05-25
L0064,2025-05-26
L0064,2025-05-27
L0064,2025-05-28
L0064,2025-05-29
L0064,2025-05-30
L0064,2025-05-31
L0064,2025-06-01
L0064,2025-06-02
L0064,2025-06-03
L0064,2025-06-04
L0064,2025-06-05
L0064,2025-06-06
L0064,2025-06-07
L0064,2025-06-08
L0064,2025-06-09
L0064,2025-06-10
L0064,2025-06-11
L0064,2025-06-12
L0064,2025-06-13
L0064,2025-06-14
L0064,2025-06-15
L0064,2025-06-16
L0064,2025-06-17
L0064,2025-06-18
L0064,2025-06-19
L0064,2025-06-20
L0064,2025-06-21
L0064,2025-06-22
L0064,2025-06-23
L0064,2025-06-24
L0064,2025-06-25
L0064,2025-06-26
L0064,2025-06-27
L0064,2025-06-28
L0064,2025-06-29
L0065,2025-01-01
L0065,2025-01-02
L0065,2025-01-03
L0065,2025-01-04
L0065,2025-01-05
L0065,2025-01-06
L0065,2025-01-07
L0065,2025-01-08
L0065,2025-01-09
L0065,2025-01-10
L0065,2025-01-11
L0065,2025-01-12
L0065,2025-01-13
L0065,2025-01-14
L0065,2025-01-15
L0065,2025-01-16
L0065,2025-01-17
L0065,2025-01-18
L0065,2025-01-19
L0065,2025-01-20
L0065,2025-01-21
L0065,2025-01-22
L0065,2025-01-23
L0065,2025-01-24
L0065,2025-01-25
L0065,2025-01-26
L0065,2025-01-27
L0065,2025-01-28
L0065,2025-01-29
L0065,2025-01-30
L0065,2025-01-31
L0065,2025-02-01
L0065,2025-02-02
L0065,2025-02-03
L0065,2025-02-04
L0065,2025-02-05
L0065,2025-02-06
L0065,2025-02-07
L0065,2025-02-08
L0065,2025-02-09
L0065,2025-02-10
L0065,2025-02-11
L0065,2025-02-12
L0065,2025-02-13
L0065,2025-02-14
L0065,2025-02-15
L0065,2025-02-16
L0065,2025-02-17
L0065,2025-02-18
L0065,2025-02-19
L0065,2025-02-20
L0065,2025-02-21
L0065,2025-02-22
L0065,2025-02-23
L0065,2025-02-24
L0065,2025-02-25
L0065,2025-02-26
L0065,2025-02-27
L0065,2025-02-28
L0065,2025-03-01
L0065,2025-03-02
L0065,2025-03-03
L0065,2025-03-04
L0065,2025-03-05
L0065,2025-03-06
L0065,2025-03-07
L0065,2025-03-08
L0065,2025-03-09
L0065,2025-03-10
L0065,2025-03-11
L0065,2025-03-12
L0065,2025-03-13
L0065,2025-03-14
L0065,2025-03-15
L0065,2025-03-16
L0065,2025-03-17
L0065,2025-03-18
L0065,2025-03-19
L0065,2025-03-20
L0065,2025-03-21
L0065,2025-03-22
L0065,2025-03-23
L0065,2025-03-24
L0065,2025-03-25
L0065,2025-03-26
L0065,2025-03-27
L0065,2025-03-28
L0065,2025-03-29
L0065,2025-03-30
L0065,2025-03-31
L0065,2025-04-01
L0065,2025-04-02
L0065,2025-04-03
L0065,2025-04-04
L0065,2025-04-05
L0065,2025-04-06
L0065,2025-04-07
L0065,2025-04-08
L0065,2025-04-09
L0065,2025-04-10
L0065,2025-04-11
L0065,2025-04-12
L0065,2025-04-13
L0065,2025-04-14
L0065,2025-04-15
L0065,2025-04-16
L0065,2025-04-17
L0065,2025-04-18
L0065,2025-04-19
L0065,2025-04-20
L0065,2025-04-21
L0065,2025-04-22
L0065,2025-04-23
L0065,2025-04-24
L0065,2025-04-25
L0065,2025-04-26
L0065,2025-04-27
L0065,2025-04-28
L0065,2025-04-29
L0065,2025-04-30
L0065,2025-05-01
L0065,2025-05-02
L0065,2025-05-03
L0065,2025-05-04
L0065,2025-05-05
L0065,2025-05-06
L0065,2025-05-07
L0065,2025-05-08
L0065,2025-05-09
L0065,2025-05-10
L0065,2025-05-11
L0065,2025-05-12
L0065,2025-05-13
L0065,2025-05-14
L0065,2025-05-15
L0065,2025-05-16
L0065,2025-05-17
L0065,2025-05-18
L0065,2025-05-19
L0065,2025-05-20
L0065,2025-05-21
L0065,2025-05-22
L0065,2025-05-23
L0065,2025-05-24
L0065,2025-05-25
L0065,2025-05-26
L0065,2025-05-27
L0065,2025-05-28
L0065,2025-05-29
L0065,2025-05-30
L0065,2025-05-31
L0065,2025-06-01
L0065,2025-06-02
L0065,2025-06-03
L0065,2025-06-04
L0065,2025-06-05
L0065,2025-06-06
L0065,2025-06-07
L0065,2025-06-08
L0065,2025-06-09
L0065,2025-06-10
L0065,2025-06-11
L0065,2025-06-12
L0065,2025-06-13
L0065,2025-06-14
L0065,2025-06-15
L0065,2025-06-16
L0065,2025-06-17
L0065,2025-06-18
L0065,2025-06-19
L0065,2025-06-20
L0065,2025-06-21
L0065,2025-06-22
L0065,2025-06-23
L0065,2025-06-24
L0065,2025-06-25
L0065,2025-06-26
L0065,2025-06-27
L0065,2025-06-28
L0065,2025-06-29
L0066,2025-01-01
L0066,2025-01-02
L0066,2025-01-03
L0066,2025-01-04
L0066,2025-01-05
L0066,2025-01-06
L0066,2025-01-07
L0066,2025-01-08
L0066,2025-01-09
L0066,2025-01-10
L0066,2025-01-11
L0066,2025-01-12
L0066,2025-01-13
L0066,2025-01-14
L0066,2025-01-15
L0066,2025-01-16
L0066,2025-01-17
L0066,2025-01-18
L0066,2025-01-19
L0066,2025-01-20
L0066,2025-01-21
L0066,2025-01-22
L0066,2025-01-23
L0066,2025-01-24
L0066,2025-01-25
L0066,2025-01-26
L0066,2025-01-27
L0066,2025-01-28
L0066,2025-01-29
L0066,2025-01-30
L0066,2025-01-31
L0066,2025-02-01
L0066,2025-02-02
L0066,2025-02-03
L0066,2025-02-04
L0066,2025-02-05
L0066,2025-02-06
L0066,2025-02-07
L0066,2025-02-08
L0066,2025-02-09
L0066,2025-02-10
L0066,2025-02-11
L0066,2025-02-12
L0066,2025-02-13
L0066,2025-02-14
L0066,2025-02-15
L0066,2025-02-16
L0066,2025-02-17
L0066,2025-02-18
L0066,2025-02-19
L0066,2025-02-20
L0066,2025-02-21
L0066,2025-02-22
L0066,2025-02-23
L0066,2025-02-24
L0066,2025-02-25
L0066,2025-02-26
L0066,2025-02-27
L0066,2025-02-28
L0066,2025-03-01
L0066,2025-03-02
L0066,2025-03-03
L0066,2025-03-04
L0066,2025-03-05
L0066,2025-03-06
L0066,2025-03-07
L0066,2025-03-08
L0066,2025-03-09
L0066,2025-03-10
L0066,2025-03-11
L0066,2025-03-12
L0066,2025-03-13
L0066,2025-03-14
L0066,2025-03-15
L0066,2025-03-16
L0066,2025-03-17
L0066,2025-03-18
L0066,2025-03-19
L0066,2025-03-20
L0066,2025-03-21
L0066,2025-03-22
L0066,2025-03-23
L0066,2025-03-24
L0066,2025-03-25
L0066,2025-03-26
L0066,2025-03-27
L0066,2025-03-28
L0066,2025-03-29
L0066,2025-03-30
L0066,2025-03-31
L0066,2025-04-01
L0066,2025-04-02
L0066,2025-04-03
L0066,2025-04-04
L0066,2025-04-05
L0066,2025-04-06
L0066,2025-04-07
L0066,2025-04-08
L0066,2025-04-09
L0066,2025-04-10
L0066,2025-04-11
L0066,2025-04-12
L0066,2025-04-13
L0066,2025-04-14
L0066,2025-04-15
L0066,2025-04-16
L0066,2025-04-17
L0066,2025-04-18
L0066,2025-04-19
L0066,2025-04-20
L0066,2025-04-21
L0066,2025-04-22
L0066,2025-04-23
L0066,2025-04-24
L0066,2025-04-25
L0066,2025-04-26
L0066,2025-04-27
L0066,2025-04-28
L0066,2025-04-29
L0066,2025-04-30
L0066,2025-05-01
L0066,2025-05-02
L0066,2025-05-03
L0066,2025-05-04
L0066,2025-05-05
L0066,2025-05-06
L0066,2025-05-07
L0066,2025-05-08
L0066,2025-05-09
L0066,2025-05-10
L0066,2025-05-11
L0066,2025-05-12
L0066,2025-05-13
L0066,2025-05-14
L0066,2025-05-15
L0066,2025-05-16
L0066,2025-05-17
L0066,2025-05-18
L0066,2025-05-19
L0066,2025-05-20
L0066,2025-05-21
L0066,2025-05-22
L0066,2025-05-23
L0066,2025-05-24
L0066,2025-05-25
L0066,2025-05-26
L0066,2025-05-27
L0066,2025-05-28
L0066,2025-05-29
L0066,2025-05-30
L0066,2025-05-31
L0066,2025-06-01
L0066,2025-06-02
L0066,2025-06-03
L0066,2025-06-04
L0066,2025-06-05
L0066,2025-06-06
L0066,2025-06-07
L0066,2025-06-08
L0066,2025-06-09
L0066,2025-06-10
L0066,2025-06-11
L0066,2025-06-12
L0066,2025-06-13
L0066,2025-06-14
L0066,2025-06-15
L0066,2025-06-16
L0066,2025-06-17
L0066,2025-06-18
L0066,2025-06-19
L0066,2025-06-20
L0066,2025-06-21
L0066,2025-06-22
L0066,2025-06-23
L0066,2025-06-24
L0066,2025-06-25
L0066,2025-06-26
L0066,2025-06-27
L0066,2025-06-28
L0066,2025-06-29
L0067,2025-01-01
L0067,2025-01-02
L0067,2025-01-03
L0067,2025-01-04
L0067,2025-01-05
L0067,2025-01-06
L0067,2025-01-07
L0067,2025-01-08
L0067,2025-01-09
L0067,2025-01-10
L0067,2025-01-11
L0067,2025-01-12
L0067,2025-01-13
L0067,2025-01-14
L0067,2025-01-15
L0067,2025-01-16
L0067,2025-01-17
L0067,2025-01-18
L0067,2025-01-19
L0067,2025-01-20
L0067,2025-01-21
L0067,2025-01-22
L0067,2025-01-23
L0067,2025-01-24
L0067,2025-01-25
L0067,2025-01-26
L0067,2025-01-27
L0067,2025-01-28
L0067,2025-01-29
L0067,2025-01-30
L0067,2025-01-31
L0067,2025-02-01
L0067,2025-02-02
L0067,2025-02-03
L0067,2025-02-04
L0067,2025-02-05
L0067,2025-02-06
L0067,2025-02-07
L0067,2025-02-08
L0067,2025-02-09
L0067,2025-02-10
L0067,2025-02-11
L0067,2025-02-12
L0067,2025-02-13
L0067,2025-02-14
L0067,2025-02-15
L0067,2025-02-16
L0067,2025-02-17
L0067,2025-02-18
L0067,2025-02-19
L0067,2025-02-20
L0067,2025-02-21
L0067,2025-02-22
L0067,2025-02-23
L0067,2025-02-24
L0067,2025-02-25
L0067,2025-02-26
L0067,2025-02-27
L0067,2025-02-28
L0067,2025-03-01
L0067,2025-03-02
L0067,2025-03-03
L0067,2025-03-04
L0067,2025-03-05
L0067,2025-03-06
L0067,2025-03-07
L0067,2025-03-08
L0067,2025-03-09
L0067,2025-03-10
L0067,2025-03-11
L0067,2025-03-12
L0067,2025-03-13
L0067,2025-03-14
L0067,2025-03-15
L0067,2025-03-16
L0067,2025-03-17
L0067,2025-03-18
L0067,2025-03-19
L0067,2025-03-20
L0067,2025-03-21
L0067,2025-03-22
L0067,2025-03-23
L0067,2025-03-24
L0067,2025-03-25
L0067,2025-03-26
L0067,2025-03-27
L0067,2025-03-28
L0067,2025-03-29
L0067,2025-03-30
L0067,2025-03-31
L0067,2025-04-01
L0067,2025-04-02
L0067,2025-04-03
L0067,2025-04-04
L0067,2025-04-05
L0067,2025-04-06
L0067,2025-04-07
L0067,2025-04-08
L0067,2025-04-09
L0067,2025-04-10
L0067,2025-04-11
L0067,2025-04-12
L0067,2025-04-13
L0067,2025-04-14
L0067,2025-04-15
L0067,2025-04-16
L0067,2025-04-17
L0067,2025-04-18
L0067,2025-04-19
L0067,2025-04-20
L0067,2025-04-21
L0067,2025-04-22
L0067,2025-04-23
L0067,2025-04-24
L0067,2025-04-25
L0067,2025-04-26
L0067,2025-04-27
L0067,2025-04-28
L0067,2025-04-29
L0067,2025-04-30
L0067,2025-05-01
L0067,2025-05-02
L0067,2025-05-03
L0067,2025-05-04
L0067,2025-05-05
L0067,2025-05-06
L0067,2025-05-07
L0067,2025-05-08
L0067,2025-05-09
L0067,2025-05-10
L0067,2025-05-11
L0067,2025-05-12
L0067,2025-05-13
L0067,2025-05-14
L0067,2025-05-15
L0067,2025-05-16
L0067,2025-05-17
L0067,2025-05-18
L0067,2025-05-19
L0067,2025-05-20
L0067,2025-05-21
L0067,2025-05-22
L0067,2025-05-23
L0067,2025-05-24
L0067,2025-05-25
L0067,2025-05-26
L0067,2025-05-27
L0067,2025-05-28
L0067,2025-05-29
L0067,2025-05-30
L0067,2025-05-31
L0067,2025-06-01
L0067,2025-06-02
L0067,2025-06-03
L0067,2025-06-04
L0067,2025-06-05
L0067,2025-06-06
L0067,2025-06-07
L0067,2025-06-08
L0067,2025-06-09
L0067,2025-06-10
L0067,2025-06-11
L0067,2025-06-12
L0067,2025-06-13
L0067,2025-06-14
L0067,2025-06-15
L0067,2025-06-16
L0067,2025-06-17
L0067,2025-06-18
L0067,2025-06-19
L0067,2025-06-20
L0067,2025-06-21
L0067,2025-06-22
L0067,2025-06-23
L0067,2025-06-24
L0067,2025-06-25
L0067,2025-06-26
L0067,2025-06-27
L0067,2025-06-28
L0067,2025-06-29
L0068,2025-01-01
L0068,2025-01-02
L0068,2025-01-03
L0068,2025-01-04
L0068,2025-01-05
L0068,2025-01-06
L0068,2025-01-07
L0068,2025-01-08
L0068,2025-01-09
L0068,2025-01-10
L0068,2025-01-11
L0068,2025-01-12
L0068,2025-01-13
L0068,2025-01-14
L0068,2025-01-15
L0068,2025-01-16
L0068,2025-01-17
L0068,2025-01-18
L0068,2025-01-19
L0068,2025-01-20
L0068,2025-01-21
L0068,2025-01-22
L0068,2025-01-23
L0068,2025-01-24
L0068,2025-01-25
L0068,2025-01-26
L0068,2025-01-27
L0068,2025-01-28
L0068,2025-01-29
L0068,2025-01-30
L0068,2025-01-31
L0068,2025-02-01
L0068,2025-02-02
L0068,2025-02-03
L0068,2025-02-04
L0068,2025-02-05
L0068,2025-02-06
L0068,2025-02-07
L0068,2025-02-08
L0068,2025-02-09
L0068,2025-02-10
L0068,2025-02-11
L0068,2025-02-12
L0068,2025-02-13
L0068,2025-02-14
L0068,2025-02-15
L0068,2025-02-16
L0068,2025-02-17
L0068,2025-02-18
L0068,2025-02-19
L0068,2025-02-20
L0068,2025-02-21
L0068,2025-02-22
L0068,2025-02-23
L0068,2025-02-24
L0068,2025-02-25
L0068,2025-02-26
L0068,2025-02-27
L0068,2025-02-28
L0068,2025-03-01
L0068,2025-03-02
L0068,2025-03-03
L0068,2025-03-04
L0068,2025-03-05
L0068,2025-03-06
L0068,2025-03-07
L0068,2025-03-08
L0068,2025-03-09
L0068,2025-03-10
L0068,2025-03-11
L0068,2025-03-12
L0068,2025-03-13
L0068,2025-03-14
L0068,2025-03-15
L0068,2025-03-16
L0068,2025-03-17
L0068,2025-03-18
L0068,2025-03-19
L0068,2025-03-20
L0068,2025-03-21
L0068,2025-03-22
L0068,2025-03-23
L0068,2025-03-24
L0068,2025-03-25
L0068,2025-03-26
L0068,2025-03-27
L0068,2025-03-28
L0068,2025-03-29
L0068,2025-03-30
L0068,2025-03-31
L0068,2025-04-01
L0068,2025-04-02
L0068,2025-04-03
L0068,2025-04-04
L0068,2025-04-05
L0068,2025-04-06
L0068,2025-04-07
L0068,2025-04-08
L0068,2025-04-09
L0068,2025-04-10
L0068,2025-04-11
L0068,2025-04-12
L0068,2025-04-13
L0068,2025-04-14
L0068,2025-04-15
L0068,2025-04-16
L0068,2025-04-17
L0068,2025-04-18
L0068,2025-04-19
L0068,2025-04-20
L0068,2025-04-21
L0068,2025-04-22
L0068,2025-04-23
L0068,2025-04-24
L0068,2025-04-25
L0068,2025-04-26
L0068,2025-04-27
L0068,2025-04-28
L0068,2025-04-29
L0068,2025-04-30
L0068,2025-05-01
L0068,2025-05-02
L0068,2025-05-03
L0068,2025-05-04
L0068,2025-05-05
L0068,2025-05-06
L0068,2025-05-07
L0068,2025-05-08
L0068,2025-05-09
L0068,2025-05-10
L0068,2025-05-11
L0068,2025-05-12
L0068,2025-05-13
L0068,2025-05-14
L0068,2025-05-15
L0068,2025-05-16
L0068,2025-05-17
L0068,2025-05-18
L0068,2025-05-19
L0068,2025-05-20
L0068,2025-05-21
L0068,2025-05-22
L0068,2025-05-23
L0068,2025-05-24
L0068,2025-05-25
L0068,2025-05-26
L0068,2025-05-27
L0068,2025-05-28
L0068,2025-05-29
L0068,2025-05-30
L0068,2025-05-31
L0068,2025-06-01
L0068,2025-06-02
L0068,2025-06-03
L0068,2025-06-04
L0068,2025-06-05
L0068,2025-06-06
L0068,2025-06-07
L0068,2025-06-08
L0068,2025-06-09
L0068,2025-06-10
L0068,2025-06-11
L0068,2025-06-12
L0068,2025-06-13
L0068,2025-06-14
L0068,2025-06-15
L0068,2025-06-16
L0068,2025-06-17
L0068,2025-06-18
L0068,2025-06-19
L0068,2025-06-20
L0068,2025-06-21
L0068,2025-06-22
L0068,2025-06-23
L0068,2025-06-24
L0068,2025-06-25
L0068,2025-06-26
L0068,2025-06-27
L0068,2025-06-28
L0068,2025-06-29
L0069,2025-01-01
L0069,2025-01-02
L0069,2025-01-03
L0069,2025-01-04
L0069,2025-01-05
L0069,2025-01-06
L0069,2025-01-07
L0069,2025-01-08
L0069,2025-01-09
L0069,2025-01-10
L0069,2025-01-11
L0069,2025-01-12
L0069,2025-01-13
L0069,2025-01-14
L0069,2025-01-15
L0069,2025-01-16
L0069,2025-01-17
L0069,2025-01-18
L0069,2025-01-19
L0069,2025-01-20
L0069,2025-01-21
L0069,2025-01-22
L0069,2025-01-23
L0069,2025-01-24
L0069,2025-01-25
L0069,2025-01-26
L0069,2025-01-27
L0069,2025-01-28
L0069,2025-01-29
L0069,2025-01-30
L0069,2025-01-31
L0069,2025-02-01
L0069,2025-02-02
L0069,2025-02-03
L0069,2025-02-04
L0069,2025-02-05
L0069,2025-02-06
L0069,2025-02-07
L0069,2025-02-08
L0069,2025-02-09
L0069,2025-02-10
L0069,2025-02-11
L0069,2025-02-12
L0069,2025-02-13
L0069,2025-02-14
L0069,2025-02-15
L0069,2025-02-16
L0069,2025-02-17
L0069,2025-02-18
L0069,2025-02-19
L0069,2025-02-20
L0069,2025-02-21
L0069,2025-02-22
L0069,2025-02-23
L0069,2025-02-24
L0069,2025-02-25
L0069,2025-02-26
L0069,2025-02-27
L0069,2025-02-28
L0069,2025-03-01
L0069,2025-03-02
L0069,2025-03-03
L0069,2025-03-04
L0069,2025-03-05
L0069,2025-03-06
L0069,2025-03-07
L0069,2025-03-08
L0069,2025-03-09
L0069,2025-03-10
L0069,2025-03-11
L0069,2025-03-12
L0069,2025-03-13
L0069,2025-03-14
L0069,2025-03-15
L0069,2025-03-16
L0069,2025-03-17
L0069,2025-03-18
L0069,2025-03-19
L0069,2025-03-20
L0069,2025-03-21
L0069,2025-03-22
L0069,2025-03-23
L0069,2025-03-24
L0069,2025-03-25
L0069,2025-03-26
L0069,2025-03-27
L0069,2025-03-28
L0069,2025-03-29
L0069,2025-03-30
L0069,2025-03-31
L0069,2025-04-01
L0069,2025-04-02
L0069,2025-04-03
L0069,2025-04-04
L0069,2025-04-05
L0069,2025-04-06
L0069,2025-04-07
L0069,2025-04-08
L0069,2025-04-09
L0069,2025-04-10
L0069,2025-04-11
L0069,2025-04-12
L0069,2025-04-13
L0069,2025-04-14
L0069,2025-04-15
L0069,2025-04-16
L0069,2025-04-17
L0069,2025-04-18
L0069,2025-04-19
L0069,2025-04-20
L0069,2025-04-21
L0069,2025-04-22
L0069,2025-04-23
L0069,2025-04-24
L0069,2025-04-25
L0069,2025-04-26
L0069,2025-04-27
L0069,2025-04-28
L0069,2025-04-29
L0069,2025-04-30
L0069,2025-05-01
L0069,2025-05-02
L0069,2025-05-03
L0069,2025-05-04
L0069,2025-05-05
L0069,2025-05-06
L0069,2025-05-07
L0069,2025-05-08
L0069,2025-05-09
L0069,2025-05-10
L0069,2025-05-11
L0069,2025-05-12
L0069,2025-05-13
L0069,2025-05-14
L0069,2025-05-15
L0069,2025-05-16
L0069,2025-05-17
L0069,2025-05-18
L0069,2025-05-19
L0069,2025-05-20
L0069,2025-05-21
L0069,2025-05-22
L0069,2025-05-23
L0069,2025-05-24
L0069,2025-05-25
L0069,2025-05-26
L0069,2025-05-27
L0069,2025-05-28
L0069,2025-05-29
L0069,2025-05-30
L0069,2025-05-31
L0069,2025-06-01
L0069,2025-06-02
L0069,2025-06-03
L0069,2025-06-04
L0069,2025-06-05
L0069,2025-06-06
L0069,2025-06-07
L0069,2025-06-08
L0069,2025-06-09
L0069,2025-06-10
L0069,2025-06-11
L0069,2025-06-12
L0069,2025-06-13
L0069,2025-06-14
L0069,2025-06-15
L0069,2025-06-16
L0069,2025-06-17
L0069,2025-06-18
L0069,2025-06-19
L0069,2025-06-20
L0069,2025-06-21
L0069,2025-06-22
L0069,2025-06-23
L0069,2025-06-24
L0069,2025-06-25
L0069,2025-06-26
L0069,2025-06-27
L0069,2025-06-28
L0069,2025-06-29
L0070,2025-01-01
L0070,2025-01-02
L0070,2025-01-03
L0070,2025-01-04
L0070,2025-01-05
L0070,2025-01-06
L0070,2025-01-07
L0070,2025-01-08
L0070,2025-01-09
L0070,2025-01-10
L0070,2025-01-11
L0070,2025-01-12
L0070,2025-01-13
L0070,2025-01-14
L0070,2025-01-15
L0070,2025-01-16
L0070,2025-01-17
L0070,2025-01-18
L0070,2025-01-19
L0070,2025-01-20
L0070,2025-01-21
L0070,2025-01-22
L0070,2025-01-23
L0070,2025-01-24
L0070,2025-01-25
L0070,2025-01-26
L0070,2025-01-27
L0070,2025-01-28
L0070,2025-01-29
L0070,2025-01-30
L0070,2025-01-31
L0070,2025-02-01
L0070,2025-02-02
L0070,2025-02-03
L0070,2025-02-04
L0070,2025-02-05
L0070,2025-02-06
L0070,2025-02-07
L0070,2025-02-08
L0070,2025-02-09
L0070,2025-02-10
L0070,2025-02-11
L0070,2025-02-12
L0070,2025-02-13
L0070,2025-02-14
L0070,2025-02-15
L0070,2025-02-16
L0070,2025-02-17
L0070,2025-02-18
L0070,2025-02-19
L0070,2025-02-20
L0070,2025-02-21
L0070,2025-02-22
L0070,2025-02-23
L0070,2025-02-24
L0070,2025-02-25
L0070,2025-02-26
L0070,2025-02-27
L0070,2025-02-28
L0070,2025-03-01
L0070,2025-03-02
L0070,2025-03-03
L0070,2025-03-04
L0070,2025-03-05
L0070,2025-03-06
L0070,2025-03-07
L0070,2025-03-08
L0070,2025-03-09
L0070,2025-03-10
L0070,2025-03-11
L0070,2025-03-12
L0070,2025-03-13
L0070,2025-03-14
L0070,2025-03-15
L0070,2025-03-16
L0070,2025-03-17
L0070,2025-03-18
L0070,2025-03-19
L0070,2025-03-20
L0070,2025-03-21
L0070,2025-03-22
L0070,2025-03-23
L0070,2025-03-24
L0070,2025-03-25
L0070,2025-03-26
L0070,2025-03-27
L0070,2025-03-28
L0070,2025-03-29
L0070,2025-03-30
L0070,2025-03-31
L0070,2025-04-01
L0070,2025-04-02
L0070,2025-04-03
L0070,2025-04-04
L0070,2025-04-05
L0070,2025-04-06
L0070,2025-04-07
L0070,2025-04-08
L0070,2025-04-09
L0070,2025-04-10
L0070,2025-04-11
L0070,2025-04-12
L0070,2025-04-13
L0070,2025-04-14
L0070,2025-04-15
L0070,2025-04-16
L0070,2025-04-17
L0070,2025-04-18
L0070,2025-04-19
L0070,2025-04-20
L0070,2025-04-21
L0070,2025-04-22
L0070,2025-04-23
L0070,2025-04-24
L0070,2025-04-25
L0070,2025-04-26
L0070,2025-04-27
L0070,2025-04-28
L0070,2025-04-29
L0070,2025-04-30
L0070,2025-05-01
L0070,2025-05-02
L0070,2025-05-03
L0070,2025-05-04
L0070,2025-05-05
L0070,2025-05-06
L0070,2025-05-07
L0070,2025-05-08
L0070,2025-05-09
L0070,2025-05-10
L0070,2025-05-11
L0070,2025-05-12
L0070,2025-05-13
L0070,2025-05-14
L0070,2025-05-15
L0070,2025-05-16
L0070,2025-05-17
L0070,2025-05-18
L0070,2025-05-19
L0070,2025-05-20
L0070,2025-05-21
L0070,2025-05-22
L0070,2025-05-23
L0070,2025-05-24
L0070,2025-05-25
L0070,2025-05-26
L0070,2025-05-27
L0070,2025-05-28
L0070,2025-05-29
L0070,2025-05-30
L0070,2025-05-31
L0070,2025-06-01
L0070,2025-06-02
L0070,2025-06-03
L0070,2025-06-04
L0070,2025-06-05
L0070,2025-06-06
L0070,2025-06-07
L0070,2025-06-08
L0070,2025-06-09
L0070,2025-06-10
L0070,2025-06-11
L0070,2025-06-12
L0070,2025-06-13
L0070,2025-06-14
L0070,2025-06-15
L0070,2025-06-16
L0070,2025-06-17
L0070,2025-06-18
L0070,2025-06-19
L0070,2025-06-20
L0070,2025-06-21
L0070,2025-06-22
L0070,2025-06-23
L0070,2025-06-24
L0070,2025-06-25
L0070,2025-06-26
L0070,2025-06-27
L0070,2025-06-28
L0070,2025-06-29
L0071,2025-01-01
L0071,2025-01-02
L0071,2025-01-03
L0071,2025-01-04
L0071,2025-01-05
L0071,2025-01-06
L0071,2025-01-07
L0071,2025-01-08
L0071,2025-01-09
L0071,2025-01-10
L0071,2025-01-11
L0071,2025-01-12
L0071,2025-01-13
L0071,2025-01-14
L0071,2025-01-15
L0071,2025-01-16
L0071,2025-01-17
L0071,2025-01-18
L0071,2025-01-19
L0071,2025-01-20
L0071,2025-01-21
L0071,2025-01-22
L0071,2025-01-23
L0071,2025-01-24
L0071,2025-01-25
L0071,2025-01-26
L0071,2025-01-27
L0071,2025-01-28
L0071,2025-01-29
L0071,2025-01-30
L0071,2025-01-31
L0071,2025-02-01
L0071,2025-02-02
L0071,2025-02-03
L0071,2025-02-04
L0071,2025-02-05
L0071,2025-02-06
L0071,2025-02-07
L0071,2025-02-08
L0071,2025-02-09
L0071,2025-02-10
L0071,2025-02-11
L0071,2025-02-12
L0071,2025-02-13
L0071,2025-02-14
L0071,2025-02-15
L0071,2025-02-16
L0071,2025-02-17
L0071,2025-02-18
L0071,2025-02-19
L0071,2025-02-20
L0071,2025-02-21
L0071,2025-02-22
L0071,2025-02-23
L0071,2025-02-24
L0071,2025-02-25
L0071,2025-02-26
L0071,2025-02-27
L0071,2025-02-28
L0071,2025-03-01
L0071,2025-03-02
L0071,2025-03-03
L0071,2025-03-04
L0071,2025-03-05
L0071,2025-03-06
L0071,2025-03-07
L0071,2025-03-08
L0071,2025-03-09
L0071,2025-03-10
L0071,2025-03-11
L0071,2025-03-12
L0071,2025-03-13
L0071,2025-03-14
L0071,2025-03-15
L0071,2025-03-16
L0071,2025-03-17
L0071,2025-03-18
L0071,2025-03-19
L0071,2025-03-20
L0071,2025-03-21
L0071,2025-03-22
L0071,2025-03-23
L0071,2025-03-24
L0071,2025-03-25
L0071,2025-03-26
L0071,2025-03-27
L0071,2025-03-28
L0071,2025-03-29
L0071,2025-03-30
L0071,2025-03-31
L0071,2025-04-01
L0071,2025-04-02
L0071,2025-04-03
L0071,2025-04-04
L0071,2025-04-05
L0071,2025-04-06
L0071,2025-04-07
L0071,2025-04-08
L0071,2025-04-09
L0071,2025-04-10
L0071,2025-04-11
L0071,2025-04-12
L0071,2025-04-13
L0071,2025-04-14
L0071,2025-04-15
L0071,2025-04-16
L0071,2025-04-17
L0071,2025-04-18
L0071,2025-04-19
L0071,2025-04-20
L0071,2025-04-21
L0071,2025-04-22
L0071,2025-04-23
L0071,2025-04-24
L0071,2025-04-25
L0071,2025-04-26
L0071,2025-04-27
L0071,2025-04-28
L0071,2025-04-29
L0071,2025-04-30
L0071,2025-05-01
L0071,2025-05-02
L0071,2025-05-03
L0071,2025-05-04
L0071,2025-05-05
L0071,2025-05-06
L0071,2025-05-07
L0071,2025-05-08
L0071,2025-05-09
L0071,2025-05-10
L0071,2025-05-11
L0071,2025-05-12
L0071,2025-05-13
L0071,2025-05-14
L0071,2025-05-15
L0071,2025-05-16
L0071,2025-05-17
L0071,2025-05-18
L0071,2025-05-19
L0071,2025-05-20
L0071,2025-05-21
L0071,2025-05-22
L0071,2025-05-23
L0071,2025-05-24
L0071,2025-05-25
L0071,2025-05-26
L0071,2025-05-27
L0071,2025-05-28
L0071,2025-05-29
L0071,2025-05-30
L0071,2025-05-31
L0071,2025-06-01
L0071,2025-06-02
L0071,2025-06-03
L0071,2025-06-04
L0071,2025-06-05
L0071,2025-06-06
L0071,2025-06-07
L0071,2025-06-08
L0071,2025-06-09
L0071,2025-06-10
L0071,2025-06-11
L0071,2025-06-12
L0071,2025-06-13
L0071,2025-06-14
L0071,2025-06-15
L0071,2025-06-16
L0071,2025-06-17
L0071,2025-06-18
L0071,2025-06-19
L0071,2025-06-20
L0071,2025-06-21
L0071,2025-06-22
L0071,2025-06-23
L0071,2025-06-24
L0071,2025-06-25
L0071,2025-06-26
L0071,2025-06-27
L0071,2025-06-28
L0071,2025-06-29
L0072,2025-01-01
L0072,2025-01-02
L0072,2025-01-03
L0072,2025-01-04
L0072,2025-01-05
L0072,2025-01-06
L0072,2025-01-07
L0072,2025-01-08
L0072,2025-01-09
L0072,2025-01-10
L0072,2025-01-11
L0072,2025-01-12
L0072,2025-01-13
L0072,2025-01-14
L0072,2025-01-15
L0072,2025-01-16
L0072,2025-01-17
L0072,2025-01-18
L0072,2025-01-19
L0072,2025-01-20
L0072,2025-01-21
L0072,2025-01-22
L0072,2025-01-23
L0072,2025-01-24
L0072,2025-01-25
L0072,2025-01-26
L0072,2025-01-27
L0072,2025-01-28
L0072,2025-01-29
L0072,2025-01-30
L0072,2025-01-31
L0072,2025-02-01
L0072,2025-02-02
L0072,2025-02-03
L0072,2025-02-04
L0072,2025-02-05
L0072,2025-02-06
L0072,2025-02-07
L0072,2025-02-08
L0072,2025-02-09
L0072,2025-02-10
L0072,2025-02-11
L0072,2025-02-12
L0072,2025-02-13
L0072,2025-02-14
L0072,2025-02-15
L0072,2025-02-16
L0072,2025-02-17
L0072,2025-02-18
L0072,2025-02-19
L0072,2025-02-20
L0072,2025-02-21
L0072,2025-02-22
L0072,2025-02-23
L0072,2025-02-24
L0072,2025-02-25
L0072,2025-02-26
L0072,2025-02-27
L0072,2025-02-28
L0072,2025-03-01
L0072,2025-03-02
L0072,2025-03-03
L0072,2025-03-04
L0072,2025-03-05
L0072,2025-03-06
L0072,2025-03-07
L0072,2025-03-08
L0072,2025-03-09
L0072,2025-03-10
L0072,2025-03-11
L0072,2025-03-12
L0072,2025-03-13
L0072,2025-03-14
L0072,2025-03-15
L0072,2025-03-16
L0072,2025-03-17
L0072,2025-03-18
L0072,2025-03-19
L0072,2025-03-20
L0072,2025-03-21
L0072,2025-03-22
L0072,2025-03-23
L0072,2025-03-24
L0072,2025-03-25
L0072,2025-03-26
L0072,2025-03-27
L0072,2025-03-28
L0072,2025-03-29
L0072,2025-03-30
L0072,2025-03-31
L0072,2025-04-01
L0072,2025-04-02
L0072,2025-04-03
L0072,2025-04-04
L0072,2025-04-05
L0072,2025-04-06
L0072,2025-04-07
L0072,2025-04-08
L0072,2025-04-09
L0072,2025-04-10
L0072,2025-04-11
L0072,2025-04-12
L0072,2025-04-13
L0072,2025-04-14
L0072,2025-04-15
L0072,2025-04-16
L0072,2025-04-17
L0072,2025-04-18
L0072,2025-04-19
L0072,2025-04-20
L0072,2025-04-21
L0072,2025-04-22
L0072,2025-04-23
L0072,2025-04-24
L0072,2025-04-25
L0072,2025-04-26
L0072,2025-04-27
L0072,2025-04-28
L0072,2025-04-29
L0072,2025-04-30
L0072,2025-05-01
L0072,2025-05-02
L0072,2025-05-03
L0072,2025-05-04
L0072,2025-05-05
L0072,2025-05-06
L0072,2025-05-07
L0072,2025-05-08
L0072,2025-05-09
L0072,2025-05-10
L0072,2025-05-11
L0072,2025-05-12
L0072,2025-05-13
L0072,2025-05-14
L0072,2025-05-15
L0072,2025-05-16
L0072,2025-05-17
L0072,2025-05-18
L0072,2025-05-19
L0072,2025-05-20
L0072,2025-05-21
L0072,2025-05-22
L0072,2025-05-23
L0072,2025-05-24
L0072,2025-05-25
L0072,2025-05-26
L0072,2025-05-27
L0072,2025-05-28
L0072,2025-05-29
L0072,2025-05-30
L0072,2025-05-31
L0072,2025-06-01
L0072,2025-06-02
L0072,2025-06-03
L0072,2025-06-04
L0072,2025-06-05
L0072,2025-06-06
L0072,2025-06-07
L0072,2025-06-08
L0072,2025-06-09
L0072,2025-06-10
L0072,2025-06-11
L0072,2025-06-12
L0072,2025-06-13
L0072,2025-06-14
L0072,2025-06-15
L0072,2025-06-16
L0072,2025-06-17
L0072,2025-06-18
L0072,2025-06-19
L0072,2025-06-20
L0072,2025-06-21
L0072,2025-06-22
L0072,2025-06-23
L0072,2025-06-24
L0072,2025-06-25
L0072,2025-06-26
L0072,2025-06-27
L0072,2025-06-28
L0072,2025-06-29
L0073,2025-01-01
L0073,2025-01-02
L0073,2025-01-03
L0073,2025-01-04
L0073,2025-01-05
L0073,2025-01-06
L0073,2025-01-07
L0073,2025-01-08
L0073,2025-01-09
L0073,2025-01-10
L0073,2025-01-11
L0073,2025-01-12
L0073,2025-01-13
L0073,2025-01-14
L0073,2025-01-15
L0073,2025-01-16
L0073,2025-01-17
L0073,2025-01-18
L0073,2025-01-19
L0073,2025-01-20
L0073,2025-01-21
L0073,2025-01-22
L0073,2025-01-23
L0073,2025-01-24
L0073,2025-01-25
L0073,2025-01-26
L0073,2025-01-27
L0073,2025-01-28
L0073,2025-01-29
L0073,2025-01-30
L0073,2025-01-31
L0073,2025-02-01
L0073,2025-02-02
L0073,2025-02-03
L0073,2025-02-04
L0073,2025-02-05
L0073,2025-02-06
L0073,2025-02-07
L0073,2025-02-08
L0073,2025-02-09
L0073,2025-02-10
L0073,2025-02-11
L0073,2025-02-12
L0073,2025-02-13
L0073,2025-02-14
L0073,2025-02-15
L0073,2025-02-16
L0073,2025-02-17
L0073,2025-02-18
L0073,2025-02-19
L0073,2025-02-20
L0073,2025-02-21
L0073,2025-02-22
L0073,2025-02-23
L0073,2025-02-24
L0073,2025-02-25
L0073,2025-02-26
L0073,2025-02-27
L0073,2025-02-28
L0073,2025-03-01
L0073,2025-03-02
L0073,2025-03-03
L0073,2025-03-04
L0073,2025-03-05
L0073,2025-03-06
L0073,2025-03-07
L0073,2025-03-08
L0073,2025-03-09
L0073,2025-03-10
L0073,2025-03-11
L0073,2025-03-12
L0073,2025-03-13
L0073,2025-03-14
L0073,2025-03-15
L0073,2025-03-16
L0073,2025-03-17
L0073,2025-03-18
L0073,2025-03-19
L0073,2025-03-20
L0073,2025-03-21
L0073,2025-03-22
L0073,2025-03-23
L0073,2025-03-24
L0073,2025-03-25
L0073,2025-03-26
L0073,2025-03-27
L0073,2025-03-28
L0073,2025-03-29
L0073,2025-03-30
L0073,2025-03-31
L0073,2025-04-01
L0073,2025-04-02
L0073,2025-04-03
L0073,2025-04-04
L0073,2025-04-05
L0073,2025-04-06
L0073,2025-04-07
L0073,2025-04-08
L0073,2025-04-09
L0073,2025-04-10
L0073,2025-04-11
L0073,2025-04-12
L0073,2025-04-13
L0073,2025-04-14
L0073,2025-04-15
L0073,2025-04-16
L0073,2025-04-17
L0073,2025-04-18
L0073,2025-04-19
L0073,2025-04-20
L0073,2025-04-21
L0073,2025-04-22
L0073,2025-04-23
L0073,2025-04-24
L0073,2025-04-25
L0073,2025-04-26
L0073,2025-04-27
L0073,2025-04-28
L0073,2025-04-29
L0073,2025-04-30
L0073,2025-05-01
L0073,2025-05-02
L0073,2025-05-03
L0073,2025-05-04
L0073,2025-05-05
L0073,2025-05-06
L0073,2025-05-07
L0073,2025-05-08
L0073,2025-05-09
L0073,2025-05-10
L0073,2025-05-11
L0073,2025-05-12
L0073,2025-05-13
L0073,2025-05-14
L0073,2025-05-15
L0073,2025-05-16
L0073,2025-05-17
L0073,2025-05-18
L0073,2025-05-19
L0073,2025-05-20
L0073,2025-05-21
L0073,2025-05-22
L0073,2025-05-23
L0073,2025-05-24
L0073,2025-05-25
L0073,2025-05-26
L0073,2025-05-27
L0073,2025-05-28
L0073,2025-05-29
L0073,2025-05-30
L0073,2025-05-31
L0073,2025-06-01
L0073,2025-06-02
L0073,2025-06-03
L0073,2025-06-04
L0073,2025-06-05
L0073,2025-06-06
L0073,2025-06-07
L0073,2025-06-08
L0073,2025-06-09
L0073,2025-06-10
L0073,2025-06-11
L0073,2025-06-12
L0073,2025-06-13
L0073,2025-06-14
L0073,2025-06-15
L0073,2025-06-16
L0073,2025-06-17
L0073,2025-06-18
L0073,2025-06-19
L0073,2025-06-20
L0073,2025-06-21
L0073,2025-06-22
L0073,2025-06-23
L0073,2025-06-24
L0073,2025-06-25
L0073,2025-06-26
L0073,2025-06-27
L0073,2025-06-28
L0073,2025-06-29
L0074,2025-01-01
L0074,2025-01-02
L0074,2025-01-03
L0074,2025-01-04
L0074,2025-01-05
L0074,2025-01-06
L0074,2025-01-07
L0074,2025-01-08
L0074,2025-01-09
L0074,2025-01-10
L0074,2025-01-11
L0074,2025-01-12
L0074,2025-01-13
L0074,2025-01-14
L0074,2025-01-15
L0074,2025-01-16
L0074,2025-01-17
L0074,2025-01-18
L0074,2025-01-19
L0074,2025-01-20
L0074,2025-01-21
L0074,2025-01-22
L0074,2025-01-23
L0074,2025-01-24
L0074,2025-01-25
L0074,2025-01-26
L0074,2025-01-27
L0074,2025-01-28
L0074,2025-01-29
L0074,2025-01-30
L0074,2025-01-31
L0074,2025-02-01
L0074,2025-02-02
L0074,2025-02-03
L0074,2025-02-04
L0074,2025-02-05
L0074,2025-02-06
L0074,2025-02-07
L0074,2025-02-08
L0074,2025-02-09
L0074,2025-02-10
L0074,2025-02-11
L0074,2025-02-12
L0074,2025-02-13
L0074,2025-02-14
L0074,2025-02-15
L0074,2025-02-16
L0074,2025-02-17
L0074,2025-02-18
L0074,2025-02-19
L0074,2025-02-20
L0074,2025-02-21
L0074,2025-02-22
L0074,2025-02-23
L0074,2025-02-24
L0074,2025-02-25
L0074,2025-02-26
L0074,2025-02-27
L0074,2025-02-28
L0074,2025-03-01
L0074,2025-03-02
L0074,2025-03-03
L0074,2025-03-04
L0074,2025-03-05
L0074,2025-03-06
L0074,2025-03-07
L0074,2025-03-08
L0074,2025-03-09
L0074,2025-03-10
L0074,2025-03-11
L0074,2025-03-12
L0074,2025-03-13
L0074,2025-03-14
L0074,2025-03-15
L0074,2025-03-16
L0074,2025-03-17
L0074,2025-03-18
L0074,2025-03-19
L0074,2025-03-20
L0074,2025-03-21
L0074,2025-03-22
L0074,2025-03-23
L0074,2025-03-24
L0074,2025-03-25
L0074,2025-03-26
L0074,2025-03-27
L0074,2025-03-28
L0074,2025-03-29
L0074,2025-03-30
L0074,2025-03-31
L0074,2025-04-01
L0074,2025-04-02
L0074,2025-04-03
L0074,2025-04-04
L0074,2025-04-05
L0074,2025-04-06
L0074,2025-04-07
L0074,2025-04-08
L0074,2025-04-09
L0074,2025-04-10
L0074,2025-04-11
L0074,2025-04-12
L0074,2025-04-13
L0074,2025-04-14
L0074,2025-04-15
L0074,2025-04-16
L0074,2025-04-17
L0074,2025-04-18
L0074,2025-04-19
L0074,2025-04-20
L0074,2025-04-21
L0074,2025-04-22
L0074,2025-04-23
L0074,2025-04-24
L0074,2025-04-25
L0074,2025-04-26
L0074,2025-04-27
L0074,2025-04-28
L0074,2025-04-29
L0074,2025-04-30
L0074,2025-05-01
L0074,2025-05-02
L0074,2025-05-03
L0074,2025-05-04
L0074,2025-05-05
L0074,2025-05-06
L0074,2025-05-07
L0074,2025-05-08
L0074,2025-05-09
L0074,2025-05-10
L0074,2025-05-11
L0074,2025-05-12
L0074,2025-05-13
L0074,2025-05-14
L0074,2025-05-15
L0074,2025-05-16
L0074,2025-05-17
L0074,2025-05-18
L0074,2025-05-19
L0074,2025-05-20
L0074,2025-05-21
L0074,2025-05-22
L0074,2025-05-23
L0074,2025-05-24
L0074,2025-05-25
L0074,2025-05-26
L0074,2025-05-27
L0074,2025-05-28
L0074,2025-05-29
L0074,2025-05-30
L0074,2025-05-31
L0074,2025-06-01
L0074,2025-06-02
L0074,2025-06-03
L0074,2025-06-04
L0074,2025-06-05
L0074,2025-06-06
L0074,2025-06-07
L0074,2025-06-08
L0074,2025-06-09
L0074,2025-06-10
L0074,2025-06-11
L0074,2025-06-12
L0074,2025-06-13
L0074,2025-06-14
L0074,2025-06-15
L0074,2025-06-16
L0074,2025-06-17
L0074,2025-06-18
L0074,2025-06-19
L0074,2025-06-20
L0074,2025-06-21
L0074,2025-06-22
L0074,2025-06-23
L0074,2025-06-24
L0074,2025-06-25
L0074,2025-06-26
L0074,2025-06-27
L0074,2025-06-28
L0074,2025-06-29
L0075,2025-01-01
L0075,2025-01-02
L0075,2025-01-03
L0075,2025-01-04
L0075,2025-01-05
L0075,2025-01-06
L0075,2025-01-07
L0075,2025-01-08
L0075,2025-01-09
L0075,2025-01-10
L0075,2025-01-11
L0075,2025-01-12
L0075,2025-01-13
L0075,2025-01-14
L0075,2025-01-15
L0075,2025-01-16
L0075,2025-01-17
L0075,2025-01-18
L0075,2025-01-19
L0075,2025-01-20
L0075,2025-01-21
L0075,2025-01-22
L0075,2025-01-23
L0075,2025-01-24
L0075,2025-01-25
L0075,2025-01-26
L0075,2025-01-27
L0075,2025-01-28
L0075,2025-01-29
L0075,2025-01-30
L0075,2025-01-31
L0075,2025-02-01
L0075,2025-02-02
L0075,2025-02-03
L0075,2025-02-04
L0075,2025-02-05
L0075,2025-02-06
L0075,2025-02-07
L0075,2025-02-08
L0075,2025-02-09
L0075,2025-02-10
L0075,2025-02-11
L0075,2025-02-12
L0075,2025-02-13
L0075,2025-02-14
L0075,2025-02-15
L0075,2025-02-16
L0075,2025-02-17
L0075,2025-02-18
L0075,2025-02-19
L0075,2025-02-20
L0075,2025-02-21
L0075,2025-02-22
L0075,2025-02-23
L0075,2025-02-24
L0075,2025-02-25
L0075,2025-02-26
L0075,2025-02-27
L0075,2025-02-28
L0075,2025-03-01
L0075,2025-03-02
L0075,2025-03-03
L0075,2025-03-04
L0075,2025-03-05
L0075,2025-03-06
L0075,2025-03-07
L0075,2025-03-08
L0075,2025-03-09
L0075,2025-03-10
L0075,2025-03-11
L0075,2025-03-12
L0075,2025-03-13
L0075,2025-03-14
L0075,2025-03-15
L0075,2025-03-16
L0075,2025-03-17
L0075,2025-03-18
L0075,2025-03-19
L0075,2025-03-20
L0075,2025-03-21
L0075,2025-03-22
L0075,2025-03-23
L0075,2025-03-24
L0075,2025-03-25
L0075,2025-03-26
L0075,2025-03-27
L0075,2025-03-28
L0075,2025-03-29
L0075,2025-03-30
L0075,2025-03-31
L0075,2025-04-01
L0075,2025-04-02
L0075,2025-04-03
L0075,2025-04-04
L0075,2025-04-05
L0075,2025-04-06
L0075,2025-04-07
L0075,2025-04-08
L0075,2025-04-09
L0075,2025-04-10
L0075,2025-04-11
L0075,2025-04-12
L0075,2025-04-13
L0075,2025-04-14
L0075,2025-04-15
L0075,2025-04-16
L0075,2025-04-17
L0075,2025-04-18
L0075,2025-04-19
L0075,2025-04-20
L0075,2025-04-21
L0075,2025-04-22
L0075,2025-04-23
L0075,2025-04-24
L0075,2025-04-25
L0075,2025-04-26
L0075,2025-04-27
L0075,2025-04-28
L0075,2025-04-29
L0075,2025-04-30
L0075,2025-05-01
L0075,2025-05-02
L0075,2025-05-03
L0075,2025-05-04
L0075,2025-05-05
L0075,2025-05-06
L0075,2025-05-07
L0075,2025-05-08
L0075,2025-05-09
L0075,2025-05-10
L0075,2025-05-11
L0075,2025-05-12
L0075,2025-05-13
L0075,2025-05-14
L0075,2025-05-15
L0075,2025-05-16
L0075,2025-05-17
L0075,2025-05-18
L0075,2025-05-19
L0075,2025-05-20
L0075,2025-05-21
L0075,2025-05-22
L0075,2025-05-23
L0075,2025-05-24
L0075,2025-05-25
L0075,2025-05-26
L0075,2025-05-27
L0075,2025-05-28
L0075,2025-05-29
L0075,2025-05-30
L0075,2025-05-31
L0075,2025-06-01
L0075,2025-06-02
L0075,2025-06-03
L0075,2025-06-04
L0075,2025-06-05
L0075,2025-06-06
L0075,2025-06-07
L0075,2025-06-08
L0075,2025-06-09
L0075,2025-06-10
L0075,2025-06-11
L0075,2025-06-12
L0075,2025-06-13
L0075,2025-06-14
L0075,2025-06-15
L0075,2025-06-16
L0075,2025-06-17
L0075,2025-06-18
L0075,2025-06-19
L0075,2025-06-20
L0075,2025-06-21
L0075,2025-06-22
L0075,2025-06-23
L0075,2025-06-24
L0075,2025-06-25
L0075,2025-06-26
L0075,2025-06-27
L0075,2025-06-28
L0075,2025-06-29
L0076,2025-01-01
L0076,2025-01-02
L0076,2025-01-03
L0076,2025-01-04
L0076,2025-01-05
L0076,2025-01-06
L0076,2025-01-07
L0076,2025-01-08
L0076,2025-01-09
L0076,2025-01-10
L0076,2025-01-11
L0076,2025-01-12
L0076,2025-01-13
L0076,2025-01-14
L0076,2025-01-15
L0076,2025-01-16
L0076,2025-01-17
L0076,2025-01-18
L0076,2025-01-19
L0076,2025-01-20
L0076,2025-01-21
L0076,2025-01-22
L0076,2025-01-23
L0076,2025-01-24
L0076,2025-01-25
L0076,2025-01-26
L0076,2025-01-27
L0076,2025-01-28
L0076,2025-01-29
L0076,2025-01-30
L0076,2025-01-31
L0076,2025-02-01
L0076,2025-02-02
L0076,2025-02-03
L0076,2025-02-04
L0076,2025-02-05
L0076,2025-02-06
L0076,2025-02-07
L0076,2025-02-08
L0076,2025-02-09
L0076,2025-02-10
L0076,2025-02-11
L0076,2025-02-12
L0076,2025-02-13
L0076,2025-02-14
L0076,2025-02-15
L0076,2025-02-16
L0076,2025-02-17
L0076,2025-02-18
L0076,2025-02-19
L0076,2025-02-20
L0076,2025-02-21
L0076,2025-02-22
L0076,2025-02-23
L0076,2025-02-24
L0076,2025-02-25
L0076,2025-02-26
L0076,2025-02-27
L0076,2025-02-28
L0076,2025-03-01
L0076,2025-03-02
L0076,2025-03-03
L0076,2025-03-04
L0076,2025-03-05
L0076,2025-03-06
L0076,2025-03-07
L0076,2025-03-08
L0076,2025-03-09
L0076,2025-03-10
L0076,2025-03-11
L0076,2025-03-12
L0076,2025-03-13
L0076,2025-03-14
L0076,2025-03-15
L0076,2025-03-16
L0076,2025-03-17
L0076,2025-03-18
L0076,2025-03-19
L0076,2025-03-20
L0076,2025-03-21
L0076,2025-03-22
L0076,2025-03-23
L0076,2025-03-24
L0076,2025-03-25
L0076,2025-03-26
L0076,2025-03-27
L0076,2025-03-28
L0076,2025-03-29
L0076,2025-03-30
L0076,2025-03-31
L0076,2025-04-01
L0076,2025-04-02
L0076,2025-04-03
L0076,2025-04-04
L0076,2025-04-05
L0076,2025-04-06
L0076,2025-04-07
L0076,2025-04-08
L0076,2025-04-09
L0076,2025-04-10
L0076,2025-04-11
L0076,2025-04-12
L0076,2025-04-13
L0076,2025-04-14
L0076,2025-04-15
L0076,2025-04-16
L0076,2025-04-17
L0076,2025-04-18
L0076,2025-04-19
L0076,2025-04-20
L0076,2025-04-21
L0076,2025-04-22
L0076,2025-04-23
L0076,2025-04-24
L0076,2025-04-25
L0076,2025-04-26
L0076,2025-04-27
L0076,2025-04-28
L0076,2025-04-29
L0076,2025-04-30
L0076,2025-05-01
L0076,2025-05-02
L0076,2025-05-03
L0076,2025-05-04
L0076,2025-05-05
L0076,2025-05-06
L0076,2025-05-07
L0076,2025-05-08
L0076,2025-05-09
L0076,2025-05-10
L0076,2025-05-11
L0076,2025-05-12
L0076,2025-05-13
L0076,2025-05-14
L0076,2025-05-15
L0076,2025-05-16
L0076,2025-05-17
L0076,2025-05-18
L0076,2025-05-19
L0076,2025-05-20
L0076,2025-05-21
L0076,2025-05-22
L0076,2025-05-23
L0076,2025-05-24
L0076,2025-05-25
L0076,2025-05-26
L0076,2025-05-27
L0076,2025-05-28
L0076,2025-05-29
L0076,2025-05-30
L0076,2025-05-31
L0076,2025-06-01
L0076,2025-06-02
L0076,2025-06-03
L0076,2025-06-04
L0076,2025-06-05
L0076,2025-06-06
L0076,2025-06-07
L0076,2025-06-08
L0076,2025-06-09
L0076,2025-06-10
L0076,2025-06-11
L0076,2025-06-12
L0076,2025-06-13
L0076,2025-06-14
L0076,2025-06-15
L0076,2025-06-16
L0076,2025-06-17
L0076,2025-06-18
L0076,2025-06-19
L0076,2025-06-20
L0076,2025-06-21
L0076,2025-06-22
L0076,2025-06-23
L0076,2025-06-24
L0076,2025-06-25
L0076,2025-06-26
L0076,2025-06-27
L0076,2025-06-28
L0076,2025-06-29
L0077,2025-01-01
L0077,2025-01-02
L0077,2025-01-03
L0077,2025-01-04
L0077,2025-01-05
L0077,2025-01-06
L0077,2025-01-07
L0077,2025-01-08
L0077,2025-01-09
L0077,2025-01-10
L0077,2025-01-11
L0077,2025-01-12
L0077,2025-01-13
L0077,2025-01-14
L0077,2025-01-15
L0077,2025-01-16
L0077,2025-01-17
L0077,2025-01-18
L0077,2025-01-19
L0077,2025-01-20
L0077,2025-01-21
L0077,2025-01-22
L0077,2025-01-23
L0077,2025-01-24
L0077,2025-01-25
L0077,2025-01-26
L0077,2025-01-27
L0077,2025-01-28
L0077,2025-01-29
L0077,2025-01-30
L0077,2025-01-31
L0077,2025-02-01
L0077,2025-02-02
L0077,2025-02-03
L0077,2025-02-04
L0077,2025-02-05
L0077,2025-02-06
L0077,2025-02-07
L0077,2025-02-08
L0077,2025-02-09
L0077,2025-02-10
L0077,2025-02-11
L0077,2025-02-12
L0077,2025-02-13
L0077,2025-02-14
L0077,2025-02-15
L0077,2025-02-16
L0077,2025-02-17
L0077,2025-02-18
L0077,2025-02-19
L0077,2025-02-20
L0077,2025-02-21
L0077,2025-02-22
L0077,2025-02-23
L0077,2025-02-24
L0077,2025-02-25
L0077,2025-02-26
L0077,2025-02-27
L0077,2025-02-28
L0077,2025-03-01
L0077,2025-03-02
L0077,2025-03-03
L0077,2025-03-04
L0077,2025-03-05
L0077,2025-03-06
L0077,2025-03-07
L0077,2025-03-08
L0077,2025-03-09
L0077,2025-03-10
L0077,2025-03-11
L0077,2025-03-12
L0077,2025-03-13
L0077,2025-03-14
L0077,2025-03-15
L0077,2025-03-16
L0077,2025-03-17
L0077,2025-03-18
L0077,2025-03-19
L0077,2025-03-20
L0077,2025-03-21
L0077,2025-03-22
L0077,2025-03-23
L0077,2025-03-24
L0077,2025-03-25
L0077,2025-03-26
L0077,2025-03-27
L0077,2025-03-28
L0077,2025-03-29
L0077,2025-03-30
L0077,2025-03-31
L0077,2025-04-01
L0077,2025-04-02
L0077,2025-04-03
L0077,2025-04-04
L0077,2025-04-05
L0077,2025-04-06
L0077,2025-04-07
L0077,2025-04-08
L0077,2025-04-09
L0077,2025-04-10
L0077,2025-04-11
L0077,2025-04-12
L0077,2025-04-13
L0077,2025-04-14
L0077,2025-04-15
L0077,2025-04-16
L0077,2025-04-17
L0077,2025-04-18
L0077,2025-04-19
L0077,2025-04-20
L0077,2025-04-21
L0077,2025-04-22
L0077,2025-04-23
L0077,2025-04-24
L0077,2025-04-25
L0077,2025-04-26
L0077,2025-04-27
L0077,2025-04-28
L0077,2025-04-29
L0077,2025-04-30
L0077,2025-05-01
L0077,2025-05-02
L0077,2025-05-03
L0077,2025-05-04
L0077,2025-05-05
L0077,2025-05-06
L0077,2025-05-07
L0077,2025-05-08
L0077,2025-05-09
L0077,2025-05-10
L0077,2025-05-11
L0077,2025-05-12
L0077,2025-05-13
L0077,2025-05-14
L0077,2025-05-15
L0077,2025-05-16
L0077,2025-05-17
L0077,2025-05-18
L0077,2025-05-19
L0077,2025-05-20
L0077,2025-05-21
L0077,2025-05-22
L0077,2025-05-23
L0077,2025-05-24
L0077,2025-05-25
L0077,2025-05-26
L0077,2025-05-27
L0077,2025-05-28
L0077,2025-05-29
L0077,2025-05-30
L0077,2025-05-31
L0077,2025-06-01
L0077,2025-06-02
L0077,2025-06-03
L0077,2025-06-04
L0077,2025-06-05
L0077,2025-06-06
L0077,2025-06-07
L0077,2025-06-08
L0077,2025-06-09
L0077,2025-06-10
L0077,2025-06-11
L0077,2025-06-12
L0077,2025-06-13
L0077,2025-06-14
L0077,2025-06-15
L0077,2025-06-16
L0077,2025-06-17
L0077,2025-06-18
L0077,2025-06-19
L0077,2025-06-20
L0077,2025-06-21
L0077,2025-06-22
L0077,2025-06-23
L0077,2025-06-24
L0077,2025-06-25
L0077,2025-06-26
L0077,2025-06-27
L0077,2025-06-28
L0077,2025-06-29
L0078,2025-01-01
L0078,2025-01-02
L0078,2025-01-03
L0078,2025-01-04
L0078,2025-01-05
L0078,2025-01-06
L0078,2025-01-07
L0078,2025-01-08
L0078,2025-01-09
L0078,2025-01-10
L0078,2025-01-11
L0078,2025-01-12
L0078,2025-01-13
L0078,2025-01-14
L0078,2025-01-15
L0078,2025-01-16
L0078,2025-01-17
L0078,2025-01-18
L0078,2025-01-19
L0078,2025-01-20
L0078,2025-01-21
L0078,2025-01-22
L0078,2025-01-23
L0078,2025-01-24
L0078,2025-01-25
L0078,2025-01-26
L0078,2025-01-27
L0078,2025-01-28
L0078,2025-01-29
L0078,2025-01-30
L0078,2025-01-31
L0078,2025-02-01
L0078,2025-02-02
L0078,2025-02-03
L0078,2025-02-04
L0078,2025-02-05
L0078,2025-02-06
L0078,2025-02-07
L0078,2025-02-08
L0078,2025-02-09
L0078,2025-02-10
L0078,2025-02-11
L0078,2025-02-12
L0078,2025-02-13
L0078,2025-02-14
L0078,2025-02-15
L0078,2025-02-16
L0078,2025-02-17
L0078,2025-02-18
L0078,2025-02-19
L0078,2025-02-20
L0078,2025-02-21
L0078,2025-02-22
L0078,2025-02-23
L0078,2025-02-24
L0078,2025-02-25
L0078,2025-02-26
L0078,2025-02-27
L0078,2025-02-28
L0078,2025-03-01
L0078,2025-03-02
L0078,2025-03-03
L0078,2025-03-04
L0078,2025-03-05
L0078,2025-03-06
L0078,2025-03-07
L0078,2025-03-08
L0078,2025-03-09
L0078,2025-03-10
L0078,2025-03-11
L0078,2025-03-12
L0078,2025-03-13
L0078,2025-03-14
L0078,2025-03-15
L0078,2025-03-16
L0078,2025-03-17
L0078,2025-03-18
L0078,2025-03-19
L0078,2025-03-20
L0078,2025-03-21
L0078,2025-03-22
L0078,2025-03-23
L0078,2025-03-24
L0078,2025-03-25
L0078,2025-03-26
L0078,2025-03-27
L0078,2025-03-28
L0078,2025-03-29
L0078,2025-03-30
L0078,2025-03-31
L0078,2025-04-01
L0078,2025-04-02
L0078,2025-04-03
L0078,2025-04-04
L0078,2025-04-05
L0078,2025-04-06
L0078,2025-04-07
L0078,2025-04-08
L0078,2025-04-09
L0078,2025-04-10
L0078,2025-04-11
L0078,2025-04-12
L0078,2025-04-13
L0078,2025-04-14
L0078,2025-04-15
L0078,2025-04-16
L0078,2025-04-17
L0078,2025-04-18
L0078,2025-04-19
L0078,2025-04-20
L0078,2025-04-21
L0078,2025-04-22
L0078,2025-04-23
L0078,2025-04-24
L0078,2025-04-25
L0078,2025-04-26
L0078,2025-04-27
L0078,2025-04-28
L0078,2025-04-29
L0078,2025-04-30
L0078,2025-05-01
L0078,2025-05-02
L0078,2025-05-03
L0078,2025-05-04
L0078,2025-05-05
L0078,2025-05-06
L0078,2025-05-07
L0078,2025-05-08
L0078,2025-05-09
L0078,2025-05-10
L0078,2025-05-11
L0078,2025-05-12
L0078,2025-05-13
L0078,2025-05-14
L0078,2025-05-15
L0078,2025-05-16
L0078,2025-05-17
L0078,2025-05-18
L0078,2025-05-19
L0078,2025-05-20
L0078,2025-05-21
L0078,2025-05-22
L0078,2025-05-23
L0078,2025-05-24
L0078,2025-05-25
L0078,2025-05-26
L0078,2025-05-27
L0078,2025-05-28
L0078,2025-05-29
L0078,2025-05-30
L0078,2025-05-31
L0078,2025-06-01
L0078,2025-06-02
L0078,2025-06-03
L0078,2025-06-04
L0078,2025-06-05
L0078,2025-06-06
L0078,2025-06-07
L0078,2025-06-08
L0078,2025-06-09
L0078,2025-06-10
L0078,2025-06-11
L0078,2025-06-12
L0078,2025-06-13
L0078,2025-06-14
L0078,2025-06-15
L0078,2025-06-16
L0078,2025-06-17
L0078,2025-06-18
L0078,2025-06-19
L0078,2025-06-20
L0078,2025-06-21
L0078,2025-06-22
L0078,2025-06-23
L0078,2025-06-24
L0078,2025-06-25
L0078,2025-06-26
L0078,2025-06-27
L0078,2025-06-28
L0078,2025-06-29
L0079,2025-01-01
L0079,2025-01-02
L0079,2025-01-03
L0079,2025-01-04
L0079,2025-01-05
L0079,2025-01-06
L0079,2025-01-07
L0079,2025-01-08
L0079,2025-01-09
L0079,2025-01-10
L0079,2025-01-11
L0079,2025-01-12
L0079,2025-01-13
L0079,2025-01-14
L0079,2025-01-15
L0079,2025-01-16
L0079,2025-01-17
L0079,2025-01-18
L0079,2025-01-19
L0079,2025-01-20
L0079,2025-01-21
L0079,2025-01-22
L0079,2025-01-23
L0079,2025-01-24
L0079,2025-01-25
L0079,2025-01-26
L0079,2025-01-27
L0079,2025-01-28
L0079,2025-01-29
L0079,2025-01-30
L0079,2025-01-31
L0079,2025-02-01
L0079,2025-02-02
L0079,2025-02-03
L0079,2025-02-04
L0079,2025-02-05
L0079,2025-02-06
L0079,2025-02-07
L0079,2025-02-08
L0079,2025-02-09
L0079,2025-02-10
L0079,2025-02-11
L0079,2025-02-12
L0079,2025-02-13
L0079,2025-02-14
L0079,2025-02-15
L0079,2025-02-16
L0079,2025-02-17
L0079,2025-02-18
L0079,2025-02-19
L0079,2025-02-20
L0079,2025-02-21
L0079,2025-02-22
L0079,2025-02-23
L0079,2025-02-24
L0079,2025-02-25
L0079,2025-02-26
L0079,2025-02-27
L0079,2025-02-28
L0079,2025-03-01
L0079,2025-03-02
L0079,2025-03-03
L0079,2025-03-04
L0079,2025-03-05
L0079,2025-03-06
L0079,2025-03-07
L0079,2025-03-08
L0079,2025-03-09
L0079,2025-03-10
L0079,2025-03-11
L0079,2025-03-12
L0079,2025-03-13
L0079,2025-03-14
L0079,2025-03-15
L0079,2025-03-16
L0079,2025-03-17
L0079,2025-03-18
L0079,2025-03-19
L0079,2025-03-20
L0079,2025-03-21
L0079,2025-03-22
L0079,2025-03-23
L0079,2025-03-24
L0079,2025-03-25
L0079,2025-03-26
L0079,2025-03-27
L0079,2025-03-28
L0079,2025-03-29
L0079,2025-03-30
L0079,2025-03-31
L0079,2025-04-01
L0079,2025-04-02
L0079,2025-04-03
L0079,2025-04-04
L0079,2025-04-05
L0079,2025-04-06
L0079,2025-04-07
L0079,2025-04-08
L0079,2025-04-09
L0079,2025-04-10
L0079,2025-04-11
L0079,2025-04-12
L0079,2025-04-13
L0079,2025-04-14
L0079,2025-04-15
L0079,2025-04-16
L0079,2025-04-17
L0079,2025-04-18
L0079,2025-04-19
L0079,2025-04-20
L0079,2025-04-21
L0079,2025-04-22
L0079,2025-04-23
L0079,2025-04-24
L0079,2025-04-25
L0079,2025-04-26
L0079,2025-04-27
L0079,2025-04-28
L0079,2025-04-29
L0079,2025-04-30
L0079,2025-05-01
L0079,2025-05-02
L0079,2025-05-03
L0079,2025-05-04
L0079,2025-05-05
L0079,2025-05-06
L0079,2025-05-07
L0079,2025-05-08
L0079,2025-05-09
L0079,2025-05-10
L0079,2025-05-11
L0079,2025-05-12
L0079,2025-05-13
L0079,2025-05-14
L0079,2025-05-15
L0079,2025-05-16
L0079,2025-05-17
L0079,2025-05-18
L0079,2025-05-19
L0079,2025-05-20
L0079,2025-05-21
L0079,2025-05-22
L0079,2025-05-23
L0079,2025-05-24
L0079,2025-05-25
L0079,2025-05-26
L0079,2025-05-27
L0079,2025-05-28
L0079,2025-05-29
L0079,2025-05-30
L0079,2025-05-31
L0079,2025-06-01
L0079,2025-06-02
L0079,2025-06-03
L0079,2025-06-04
L0079,2025-06-05
L0079,2025-06-06
L0079,2025-06-07
L0079,2025-06-08
L0079,2025-06-09
L0079,2025-06-10
L0079,2025-06-11
L0079,2025-06-12
L0079,2025-06-13
L0079,2025-06-14
L0079,2025-06-15
L0079,2025-06-16
L0079,2025-06-17
L0079,2025-06-18
L0079,2025-06-19
L0079,2025-06-20
L0079,2025-06-21
L0079,2025-06-22
L0079,2025-06-23
L0079,2025-06-24
L0079,2025-06-25
L0079,2025-06-26
L0079,2025-06-27
L0079,2025-06-28
L0079,2025-06-29
L0080,2025-01-01
L0080,2025-01-02
L0080,2025-01-03
L0080,2025-01-04
L0080,2025-01-05
L0080,2025-01-06
L0080,2025-01-07
L0080,2025-01-08
L0080,2025-01-09
L0080,2025-01-10
L0080,2025-01-11
L0080,2025-01-12
L0080,2025-01-13
L0080,2025-01-14
L0080,2025-01-15
L0080,2025-01-16
L0080,2025-01-17
L0080,2025-01-18
L0080,2025-01-19
L0080,2025-01-20
L0080,2025-01-21
L0080,2025-01-22
L0080,2025-01-23
L0080,2025-01-24
L0080,2025-01-25
L0080,2025-01-26
L0080,2025-01-27
L0080,2025-01-28
L0080,2025-01-29
L0080,2025-01-30
L0080,2025-01-31
L0080,2025-02-01
L0080,2025-02-02
L0080,2025-02-03
L0080,2025-02-04
L0080,2025-02-05
L0080,2025-02-06
L0080,2025-02-07
L0080,2025-02-08
L0080,2025-02-09
L0080,2025-02-10
L0080,2025-02-11
L0080,2025-02-12
L0080,2025-02-13
L0080,2025-02-14
L0080,2025-02-15
L0080,2025-02-16
L0080,2025-02-17
L0080,2025-02-18
L0080,2025-02-19
L0080,2025-02-20
L0080,2025-02-21
L0080,2025-02-22
L0080,2025-02-23
L0080,2025-02-24
L0080,2025-02-25
L0080,2025-02-26
L0080,2025-02-27
L0080,2025-02-28
L0080,2025-03-01
L0080,2025-03-02
L0080,2025-03-03
L0080,2025-03-04
L0080,2025-03-05
L0080,2025-03-06
L0080,2025-03-07
L0080,2025-03-08
L0080,2025-03-09
L0080,2025-03-10
L0080,2025-03-11
L0080,2025-03-12
L0080,2025-03-13
L0080,2025-03-14
L0080,2025-03-15
L0080,2025-03-16
L0080,2025-03-17
L0080,2025-03-18
L0080,2025-03-19
L0080,2025-03-20
L0080,2025-03-21
L0080,2025-03-22
L0080,2025-03-23
L0080,2025-03-24
L0080,2025-03-25
L0080,2025-03-26
L0080,2025-03-27
L0080,2025-03-28
L0080,2025-03-29
L0080,2025-03-30
L0080,2025-03-31
L0080,2025-04-01
L0080,2025-04-02
L0080,2025-04-03
L0080,2025-04-04
L0080,2025-04-05
L0080,2025-04-06
L0080,2025-04-07
L0080,2025-04-08
L0080,2025-04-09
L0080,2025-04-10
L0080,2025-04-11
L0080,2025-04-12
L0080,2025-04-13
L0080,2025-04-14
L0080,2025-04-15
L0080,2025-04-16
L0080,2025-04-17
L0080,2025-04-18
L0080,2025-04-19
L0080,2025-04-20
L0080,2025-04-21
L0080,2025-04-22
L0080,2025-04-23
L0080,2025-04-24
L0080,2025-04-25
L0080,2025-04-26
L0080,2025-04-27
L0080,2025-04-28
L0080,2025-04-29
L0080,2025-04-30
L0080,2025-05-01
L0080,2025-05-02
L0080,2025-05-03
L0080,2025-05-04
L0080,2025-05-05
L0080,2025-05-06
L0080,2025-05-07
L0080,2025-05-08
L0080,2025-05-09
L0080,2025-05-10
L0080,2025-05-11
L0080,2025-05-12
L0080,2025-05-13
L0080,2025-05-14
L0080,2025-05-15
L0080,2025-05-16
L0080,2025-05-17
L0080,2025-05-18
L0080,2025-05-19
L0080,2025-05-20
L0080,2025-05-21
L0080,2025-05-22
L0080,2025-05-23
L0080,2025-05-24
L0080,2025-05-25
L0080,2025-05-26
L0080,2025-05-27
L0080,2025-05-28
L0080,2025-05-29
L0080,2025-05-30
L0080,2025-05-31
L0080,2025-06-01
L0080,2025-06-02
L0080,2025-06-03
L0080,2025-06-04
L0080,2025-06-05
L0080,2025-06-06
L0080,2025-06-07
L0080,2025-06-08
L0080,2025-06-09
L0080,2025-06-10
L0080,2025-06-11
L0080,2025-06-12
L0080,2025-06-13
L0080,2025-06-14
L0080,2025-06-15
L0080,2025-06-16
L0080,2025-06-17
L0080,2025-06-18
L0080,2025-06-19
L0080,2025-06-20
L0080,2025-06-21
L0080,2025-06-22
L0080,2025-06-23
L0080,2025-06-24
L0080,2025-06-25
L0080,2025-06-26
L0080,2025-06-27
L0080,2025-06-28
L0080,2025-06-29
L0081,2025-01-01
L0081,2025-01-02
L0081,2025-01-03
L0081,2025-01-04
L0081,2025-01-05
L0081,2025-01-06
L0081,2025-01-07
L0081,2025-01-08
L0081,2025-01-09
L0081,2025-01-10
L0081,2025-01-11
L0081,2025-01-12
L0081,2025-01-13
L0081,2025-01-14
L0081,2025-01-15
L0081,2025-01-16
L0081,2025-01-17
L0081,2025-01-18
L0081,2025-01-19
L0081,2025-01-20
L0081,2025-01-21
L0081,2025-01-22
L0081,2025-01-23
L0081,2025-01-24
L0081,2025-01-25
L0081,2025-01-26
L0081,2025-01-27
L0081,2025-01-28
L0081,2025-01-29
L0081,2025-01-30
L0081,2025-01-31
L0081,2025-02-01
L0081,2025-02-02
L0081,2025-02-03
L0081,2025-02-04
L0081,2025-02-05
L0081,2025-02-06
L0081,2025-02-07
L0081,2025-02-08
L0081,2025-02-09
L0081,2025-02-10
L0081,2025-02-11
L0081,2025-02-12
L0081,2025-02-13
L0081,2025-02-14
L0081,2025-02-15
L0081,2025-02-16
L0081,2025-02-17
L0081,2025-02-18
L0081,2025-02-19
L0081,2025-02-20
L0081,2025-02-21
L0081,2025-02-22
L0081,2025-02-23
L0081,2025-02-24
L0081,2025-02-25
L0081,2025-02-26
L0081,2025-02-27
L0081,2025-02-28
L0081,2025-03-01
L0081,2025-03-02
L0081,2025-03-03
L0081,2025-03-04
L0081,2025-03-05
L0081,2025-03-06
L0081,2025-03-07
L0081,2025-03-08
L0081,2025-03-09
L0081,2025-03-10
L0081,2025-03-11
L0081,2025-03-12
L0081,2025-03-13
L0081,2025-03-14
L0081,2025-03-15
L0081,2025-03-16
L0081,2025-03-17
L0081,2025-03-18
L0081,2025-03-19
L0081,2025-03-20
L0081,2025-03-21
L0081,2025-03-22
L0081,2025-03-23
L0081,2025-03-24
L0081,2025-03-25
L0081,2025-03-26
L0081,2025-03-27
L0081,2025-03-28
L0081,2025-03-29
L0081,2025-03-30
L0081,2025-03-31
L0081,2025-04-01
L0081,2025-04-02
L0081,2025-04-03
L0081,2025-04-04
L0081,2025-04-05
L0081,2025-04-06
L0081,2025-04-07
L0081,2025-04-08
L0081,2025-04-09
L0081,2025-04-10
L0081,2025-04-11
L0081,2025-04-12
L0081,2025-04-13
L0081,2025-04-14
L0081,2025-04-15
L0081,2025-04-16
L0081,2025-04-17
L0081,2025-04-18
L0081,2025-04-19
L0081,2025-04-20
L0081,2025-04-21
L0081,2025-04-22
L0081,2025-04-23
L0081,2025-04-24
L0081,2025-04-25
L0081,2025-04-26
L0081,2025-04-27
L0081,2025-04-28
L0081,2025-04-29
L0081,2025-04-30
L0081,2025-05-01
L0081,2025-05-02
L0081,2025-05-03
L0081,2025-05-04
L0081,2025-05-05
L0081,2025-05-06
L0081,2025-05-07
L0081,2025-05-08
L0081,2025-05-09
L0081,2025-05-10
L0081,2025-05-11
L0081,2025-05-12
L0081,2025-05-13
L0081,2025-05-14
L0081,2025-05-15
L0081,2025-05-16
L0081,2025-05-17
L0081,2025-05-18
L0081,2025-05-19
L0081,2025-05-20
L0081,2025-05-21
L0081,2025-05-22
L0081,2025-05-23
L0081,2025-05-24
L0081,2025-05-25
L0081,2025-05-26
L0081,2025-05-27
L0081,2025-05-28
L0081,2025-05-29
L0081,2025-05-30
L0081,2025-05-31
L0081,2025-06-01
L0081,2025-06-02
L0081,2025-06-03
L0081,2025-06-04
L0081,2025-06-05
L0081,2025-06-06
L0081,2025-06-07
L0081,2025-06-08
L0081,2025-06-09
L0081,2025-06-10
L0081,2025-06-11
L0081,2025-06-12
L0081,2025-06-13
L0081,2025-06-14
L0081,2025-06-15
L0081,2025-06-16
L0081,2025-06-17
L0081,2025-06-18
L0081,2025-06-19
L0081,2025-06-20
L0081,2025-06-21
L0081,2025-06-22
L0081,2025-06-23
L0081,2025-06-24
L0081,2025-06-25
L0081,2025-06-26
L0081,2025-06-27
L0081,2025-06-28
L0081,2025-06-29
L0082,2025-01-01
L0082,2025-01-02
L0082,2025-01-03
L0082,2025-01-04
L0082,2025-01-05
L0082,2025-01-06
L0082,2025-01-07
L0082,2025-01-08
L0082,2025-01-09
L0082,2025-01-10
L0082,2025-01-11
L0082,2025-01-12
L0082,2025-01-13
L0082,2025-01-14
L0082,2025-01-15
L0082,2025-01-16
L0082,2025-01-17
L0082,2025-01-18
L0082,2025-01-19
L0082,2025-01-20
L0082,2025-01-21
L0082,2025-01-22
L0082,2025-01-23
L0082,2025-01-24
L0082,2025-01-25
L0082,2025-01-26
L0082,2025-01-27
L0082,2025-01-28
L0082,2025-01-29
L0082,2025-01-30
L0082,2025-01-31
L0082,2025-02-01
L0082,2025-02-02
L0082,2025-02-03
L0082,2025-02-04
L0082,2025-02-05
L0082,2025-02-06
L0082,2025-02-07
L0082,2025-02-08
L0082,2025-02-09
L0082,2025-02-10
L0082,2025-02-11
L0082,2025-02-12
L0082,2025-02-13
L0082,2025-02-14
L0082,2025-02-15
L0082,2025-02-16
L0082,2025-02-17
L0082,2025-02-18
L0082,2025-02-19
L0082,2025-02-20
L0082,2025-02-21
L0082,2025-02-22
L0082,2025-02-23
L0082,2025-02-24
L0082,2025-02-25
L0082,2025-02-26
L0082,2025-02-27
L0082,2025-02-28
L0082,2025-03-01
L0082,2025-03-02
L0082,2025-03-03
L0082,2025-03-04
L0082,2025-03-05
L0082,2025-03-06
L0082,2025-03-07
L0082,2025-03-08
L0082,2025-03-09
L0082,2025-03-10
L0082,2025-03-11
L0082,2025-03-12
L0082,2025-03-13
L0082,2025-03-14
L0082,2025-03-15
L0082,2025-03-16
L0082,2025-03-17
L0082,2025-03-18
L0082,2025-03-19
L0082,2025-03-20
L0082,2025-03-21
L0082,2025-03-22
L0082,2025-03-23
L0082,2025-03-24
L0082,2025-03-25
L0082,2025-03-26
L0082,2025-03-27
L0082,2025-03-28
L0082,2025-03-29
L0082,2025-03-30
L0082,2025-03-31
L0082,2025-04-01
L0082,2025-04-02
L0082,2025-04-03
L0082,2025-04-04
L0082,2025-04-05
L0082,2025-04-06
L0082,2025-04-07
L0082,2025-04-08
L0082,2025-04-09
L0082,2025-04-10
L0082,2025-04-11
L0082,2025-04-12
L0082,2025-04-13
L0082,2025-04-14
L0082,2025-04-15
L0082,2025-04-16
L0082,2025-04-17
L0082,2025-04-18
L0082,2025-04-19
L0082,2025-04-20
L0082,2025-04-21
L0082,2025-04-22
L0082,2025-04-23
L0082,2025-04-24
L0082,2025-04-25
L0082,2025-04-26
L0082,2025-04-27
L0082,2025-04-28
L0082,2025-04-29
L0082,2025-04-30
L0082,2025-05-01
L0082,2025-05-02
L0082,2025-05-03
L0082,2025-05-04
L0082,2025-05-05
L0082,2025-05-06
L0082,2025-05-07
L0082,2025-05-08
L0082,2025-05-09
L0082,2025-05-10
L0082,2025-05-11
L0082,2025-05-12
L0082,2025-05-13
L0082,2025-05-14
L0082,2025-05-15
L0082,2025-05-16
L0082,2025-05-17
L0082,2025-05-18
L0082,2025-05-19
L0082,2025-05-20
L0082,2025-05-21
L0082,2025-05-22
L0082,2025-05-23
L0082,2025-05-24
L0082,2025-05-25
L0082,2025-05-26
L0082,2025-05-27
L0082,2025-05-28
L0082,2025-05-29
L0082,2025-05-30
L0082,2025-05-31
L0082,2025-06-01
L0082,2025-06-02
L0082,2025-06-03
L0082,2025-06-04
L0082,2025-06-05
L0082,2025-06-06
L0082,2025-06-07
L0082,2025-06-08
L0082,2025-06-09
L0082,2025-06-10
L0082,2025-06-11
L0082,2025-06-12
L0082,2025-06-13
L0082,2025-06-14
L0082,2025-06-15
L0082,2025-06-16
L0082,2025-06-17
L0082,2025-06-18
L0082,2025-06-19
L0082,2025-06-20
L0082,2025-06-21
L0082,2025-06-22
L0082,2025-06-23
L0082,2025-06-24
L0082,2025-06-25
L0082,2025-06-26
L0082,2025-06-27
L0082,2025-06-28
L0082,2025-06-29
L0083,2025-01-01
L0083,2025-01-02
L0083,2025-01-03
L0083,2025-01-04
L0083,2025-01-05
L0083,2025-01-06
L0083,2025-01-07
L0083,2025-01-08
L0083,2025-01-09
L0083,2025-01-10
L0083,2025-01-11
L0083,2025-01-12
L0083,2025-01-13
L0083,2025-01-14
L0083,2025-01-15
L0083,2025-01-16
L0083,2025-01-17
L0083,2025-01-18
L0083,2025-01-19
L0083,2025-01-20
L0083,2025-01-21
L0083,2025-01-22
L0083,2025-01-23
L0083,2025-01-24
L0083,2025-01-25
L0083,2025-01-26
L0083,2025-01-27
L0083,2025-01-28
L0083,2025-01-29
L0083,2025-01-30
L0083,2025-01-31
L0083,2025-02-01
L0083,2025-02-02
L0083,2025-02-03
L0083,2025-02-04
L0083,2025-02-05
L0083,2025-02-06
L0083,2025-02-07
L0083,2025-02-08
L0083,2025-02-09
L0083,2025-02-10
L0083,2025-02-11
L0083,2025-02-12
L0083,2025-02-13
L0083,2025-02-14
L0083,2025-02-15
L0083,2025-02-16
L0083,2025-02-17
L0083,2025-02-18
L0083,2025-02-19
L0083,2025-02-20
L0083,2025-02-21
L0083,2025-02-22
L0083,2025-02-23
L0083,2025-02-24
L0083,2025-02-25
L0083,2025-02-26
L0083,2025-02-27
L0083,2025-02-28
L0083,2025-03-01
L0083,2025-03-02
L0083,2025-03-03
L0083,2025-03-04
L0083,2025-03-05
L0083,2025-03-06
L0083,2025-03-07
L0083,2025-03-08
L0083,2025-03-09
L0083,2025-03-10
L0083,2025-03-11
L0083,2025-03-12
L0083,2025-03-13
L0083,2025-03-14
L0083,2025-03-15
L0083,2025-03-16
L0083,2025-03-17
L0083,2025-03-18
L0083,2025-03-19
L0083,2025-03-20
L0083,2025-03-21
L0083,2025-03-22
L0083,2025-03-23
L0083,2025-03-24
L0083,2025-03-25
L0083,2025-03-26
L0083,2025-03-27
L0083,2025-03-28
L0083,2025-03-29
L0083,2025-03-30
L0083,2025-03-31
L0083,2025-04-01
L0083,2025-04-02
L0083,2025-04-03
L0083,2025-04-04
L0083,2025-04-05
L0083,2025-04-06
L0083,2025-04-07
L0083,2025-04-08
L0083,2025-04-09
L0083,2025-04-10
L0083,2025-04-11
L0083,2025-04-12
L0083,2025-04-13
L0083,2025-04-14
L0083,2025-04-15
L0083,2025-04-16
L0083,2025-04-17
L0083,2025-04-18
L0083,2025-04-19
L0083,2025-04-20
L0083,2025-04-21
L0083,2025-04-22
L0083,2025-04-23
L0083,2025-04-24
L0083,2025-04-25
L0083,2025-04-26
L0083,2025-04-27
L0083,2025-04-28
L0083,2025-04-29
L0083,2025-04-30
L0083,2025-05-01
L0083,2025-05-02
L0083,2025-05-03
L0083,2025-05-04
L0083,2025-05-05
L0083,2025-05-06
L0083,2025-05-07
L0083,2025-05-08
L0083,2025-05-09
L0083,2025-05-10
L0083,2025-05-11
L0083,2025-05-12
L0083,2025-05-13
L0083,2025-05-14
L0083,2025-05-15
L0083,2025-05-16
L0083,2025-05-17
L0083,2025-05-18
L0083,2025-05-19
L0083,2025-05-20
L0083,2025-05-21
L0083,2025-05-22
L0083,2025-05-23
L0083,2025-05-24
L0083,2025-05-25
L0083,2025-05-26
L0083,2025-05-27
L0083,2025-05-28
L0083,2025-05-29
L0083,2025-05-30
L0083,2025-05-31
L0083,2025-06-01
L0083,2025-06-02
L0083,2025-06-03
L0083,2025-06-04
L0083,2025-06-05
L0083,2025-06-06
L0083,2025-06-07
L0083,2025-06-08
L0083,2025-06-09
L0083,2025-06-10
L0083,2025-06-11
L0083,2025-06-12
L0083,2025-06-13
L0083,2025-06-14
L0083,2025-06-15
L0083,2025-06-16
L0083,2025-06-17
L0083,2025-06-18
L0083,2025-06-19
L0083,2025-06-20
L0083,2025-06-21
L0083,2025-06-22
L0083,2025-06-23
L0083,2025-06-24
L0083,2025-06-25
L0083,2025-06-26
L0083,2025-06-27
L0083,2025-06-28
L0083,2025-06-29
L0084,2025-01-01
L0084,2025-01-02
L0084,2025-01-03
L0084,2025-01-04
L0084,2025-01-05
L0084,2025-01-06
L0084,2025-01-07
L0084,2025-01-08
L0084,2025-01-09
L0084,2025-01-10
L0084,2025-01-11
L0084,2025-01-12
L0084,2025-01-13
L0084,2025-01-14
L0084,2025-01-15
L0084,2025-01-16
L0084,2025-01-17
L0084,2025-01-18
L0084,2025-01-19
L0084,2025-01-20
L0084,2025-01-21
L0084,2025-01-22
L0084,2025-01-23
L0084,2025-01-24
L0084,2025-01-25
L0084,2025-01-26
L0084,2025-01-27
L0084,2025-01-28
L0084,2025-01-29
L0084,2025-01-30
L0084,2025-01-31
L0084,2025-02-01
L0084,2025-02-02
L0084,2025-02-03
L0084,2025-02-04
L0084,2025-02-05
L0084,2025-02-06
L0084,2025-02-07
L0084,2025-02-08
L0084,2025-02-09
L0084,2025-02-10
L0084,2025-02-11
L0084,2025-02-12
L0084,2025-02-13
L0084,2025-02-14
L0084,2025-02-15
L0084,2025-02-16
L0084,2025-02-17
L0084,2025-02-18
L0084,2025-02-19
L0084,2025-02-20
L0084,2025-02-21
L0084,2025-02-22
L0084,2025-02-23
L0084,2025-02-24
L0084,2025-02-25
L0084,2025-02-26
L0084,2025-02-27
L0084,2025-02-28
L0084,2025-03-01
L0084,2025-03-02
L0084,2025-03-03
L0084,2025-03-04
L0084,2025-03-05
L0084,2025-03-06
L0084,2025-03-07
L0084,2025-03-08
L0084,2025-03-09
L0084,2025-03-10
L0084,2025-03-11
L0084,2025-03-12
L0084,2025-03-13
L0084,2025-03-14
L0084,2025-03-15
L0084,2025-03-16
L0084,2025-03-17
L0084,2025-03-18
L0084,2025-03-19
L0084,2025-03-20
L0084,2025-03-21
L0084,2025-03-22
L0084,2025-03-23
L0084,2025-03-24
L0084,2025-03-25
L0084,2025-03-26
L0084,2025-03-27
L0084,2025-03-28
L0084,2025-03-29
L0084,2025-03-30
L0084,2025-03-31
L0084,2025-04-01
L0084,2025-04-02
L0084,2025-04-03
L0084,2025-04-04
L0084,2025-04-05
L0084,2025-04-06
L0084,2025-04-07
L0084,2025-04-08
L0084,2025-04-09
L0084,2025-04-10
L0084,2025-04-11
L0084,2025-04-12
L0084,2025-04-13
L0084,2025-04-14
L0084,2025-04-15
L0084,2025-04-16
L0084,2025-04-17
L0084,2025-04-18
L0084,2025-04-19
L0084,2025-04-20
L0084,2025-04-21
L0084,2025-04-22
L0084,2025-04-23
L0084,2025-04-24
L0084,2025-04-25
L0084,2025-04-26
L0084,2025-04-27
L0084,2025-04-28
L0084,2025-04-29
L0084,2025-04-30
L0084,2025-05-01
L0084,2025-05-02
L0084,2025-05-03
L0084,2025-05-04
L0084,2025-05-05
L0084,2025-05-06
L0084,2025-05-07
L0084,2025-05-08
L0084,2025-05-09
L0084,2025-05-10
L0084,2025-05-11
L0084,2025-05-12
L0084,2025-05-13
L0084,2025-05-14
L0084,2025-05-15
L0084,2025-05-16
L0084,2025-05-17
L0084,2025-05-18
L0084,2025-05-19
L0084,2025-05-20
L0084,2025-05-21
L0084,2025-05-22
L0084,2025-05-23
L0084,2025-05-24
L0084,2025-05-25
L0084,2025-05-26
L0084,2025-05-27
L0084,2025-05-28
L0084,2025-05-29
L0084,2025-05-30
L0084,2025-05-31
L0084,2025-06-01
L0084,2025-06-02
L0084,2025-06-03
L0084,2025-06-04
L0084,2025-06-05
L0084,2025-06-06
L0084,2025-06-07
L0084,2025-06-08
L0084,2025-06-09
L0084,2025-06-10
L0084,2025-06-11
L0084,2025-06-12
L0084,2025-06-13
L0084,2025-06-14
L0084,2025-06-15
L0084,2025-06-16
L0084,2025-06-17
L0084,2025-06-18
L0084,2025-06-19
L0084,2025-06-20
L0084,2025-06-21
L0084,2025-06-22
L0084,2025-06-23
L0084,2025-06-24
L0084,2025-06-25
L0084,2025-06-26
L0084,2025-06-27
L0084,2025-06-28
L0084,2025-06-29
L0085,2025-01-01
L0085,2025-01-02
L0085,2025-01-03
L0085,2025-01-04
L0085,2025-01-05
L0085,2025-01-06
L0085,2025-01-07
L0085,2025-01-08
L0085,2025-01-09
L0085,2025-01-10
L0085,2025-01-11
L0085,2025-01-12
L0085,2025-01-13
L0085,2025-01-14
L0085,2025-01-15
L0085,2025-01-16
L0085,2025-01-17
L0085,2025-01-18
L0085,2025-01-19
L0085,2025-01-20
L0085,2025-01-21
L0085,2025-01-22
L0085,2025-01-23
L0085,2025-01-24
L0085,2025-01-25
L0085,2025-01-26
L0085,2025-01-27
L0085,2025-01-28
L0085,2025-01-29
L0085,2025-01-30
L0085,2025-01-31
L0085,2025-02-01
L0085,2025-02-02
L0085,2025-02-03
L0085,2025-02-04
L0085,2025-02-05
L0085,2025-02-06
L0085,2025-02-07
L0085,2025-02-08
L0085,2025-02-09
L0085,2025-02-10
L0085,2025-02-11
L0085,2025-02-12
L0085,2025-02-13
L0085,2025-02-14
L0085,2025-02-15
L0085,2025-02-16
L0085,2025-02-17
L0085,2025-02-18
L0085,2025-02-19
L0085,2025-02-20
L0085,2025-02-21
L0085,2025-02-22
L0085,2025-02-23
L0085,2025-02-24
L0085,2025-02-25
L0085,2025-02-26
L0085,2025-02-27
L0085,2025-02-28
L0085,2025-03-01
L0085,2025-03-02
L0085,2025-03-03
L0085,2025-03-04
L0085,2025-03-05
L0085,2025-03-06
L0085,2025-03-07
L0085,2025-03-08
L0085,2025-03-09
L0085,2025-03-10
L0085,2025-03-11
L0085,2025-03-12
L0085,2025-03-13
L0085,2025-03-14
L0085,2025-03-15
L0085,2025-03-16
L0085,2025-03-17
L0085,2025-03-18
L0085,2025-03-19
L0085,2025-03-20
L0085,2025-03-21
L0085,2025-03-22
L0085,2025-03-23
L0085,2025-03-24
L0085,2025-03-25
L0085,2025-03-26
L0085,2025-03-27
L0085,2025-03-28
L0085,2025-03-29
L0085,2025-03-30
L0085,2025-03-31
L0085,2025-04-01
L0085,2025-04-02
L0085,2025-04-03
L0085,2025-04-04
L0085,2025-04-05
L0085,2025-04-06
L0085,2025-04-07
L0085,2025-04-08
L0085,2025-04-09
L0085,2025-04-10
L0085,2025-04-11
L0085,2025-04-12
L0085,2025-04-13
L0085,2025-04-14
L0085,2025-04-15
L0085,2025-04-16
L0085,2025-04-17
L0085,2025-04-18
L0085,2025-04-19
L0085,2025-04-20
L0085,2025-04-21
L0085,2025-04-22
L0085,2025-04-23
L0085,2025-04-24
L0085,2025-04-25
L0085,2025-04-26
L0085,2025-04-27
L0085,2025-04-28
L0085,2025-04-29
L0085,2025-04-30
L0085,2025-05-01
L0085,2025-05-02
L0085,2025-05-03
L0085,2025-05-04
L0085,2025-05-05
L0085,2025-05-06
L0085,2025-05-07
L0085,2025-05-08
L0085,2025-05-09
L0085,2025-05-10
L0085,2025-05-11
L0085,2025-05-12
L0085,2025-05-13
L0085,2025-05-14
L0085,2025-05-15
L0085,2025-05-16
L0085,2025-05-17
L0085,2025-05-18
L0085,2025-05-19
L0085,2025-05-20
L0085,2025-05-21
L0085,2025-05-22
L0085,2025-05-23
L0085,2025-05-24
L0085,2025-05-25
L0085,2025-05-26
L0085,2025-05-27
L0085,2025-05-28
L0085,2025-05-29
L0085,2025-05-30
L0085,2025-05-31
L0085,2025-06-01
L0085,2025-06-02
L0085,2025-06-03
L0085,2025-06-04
L0085,2025-06-05
L0085,2025-06-06
L0085,2025-06-07
L0085,2025-06-08
L0085,2025-06-09
L0085,2025-06-10
L0085,2025-06-11
L0085,2025-06-12
L0085,2025-06-13
L0085,2025-06-14
L0085,2025-06-15
L0085,2025-06-16
L0085,2025-06-17
L0085,2025-06-18
L0085,2025-06-19
L0085,2025-06-20
L0085,2025-06-21
L0085,2025-06-22
L0085,2025-06-23
L0085,2025-06-24
L0085,2025-06-25
L0085,2025-06-26
L0085,2025-06-27
L0085,2025-06-28
L0085,2025-06-29
L0086,2025-01-01
L0086,2025-01-02
L0086,2025-01-03
L0086,2025-01-04
L0086,2025-01-05
L0086,2025-01-06
L0086,2025-01-07
L0086,2025-01-08
L0086,2025-01-09
L0086,2025-01-10
L0086,2025-01-11
L0086,2025-01-12
L0086,2025-01-13
L0086,2025-01-14
L0086,2025-01-15
L0086,2025-01-16
L0086,2025-01-17
L0086,2025-01-18
L0086,2025-01-19
L0086,2025-01-20
L0086,2025-01-21
L0086,2025-01-22
L0086,2025-01-23
L0086,2025-01-24
L0086,2025-01-25
L0086,2025-01-26
L0086,2025-01-27
L0086,2025-01-28
L0086,2025-01-29
L0086,2025-01-30
L0086,2025-01-31
L0086,2025-02-01
L0086,2025-02-02
L0086,2025-02-03
L0086,2025-02-04
L0086,2025-02-05
L0086,2025-02-06
L0086,2025-02-07
L0086,2025-02-08
L0086,2025-02-09
L0086,2025-02-10
L0086,2025-02-11
L0086,2025-02-12
L0086,2025-02-13
L0086,2025-02-14
L0086,2025-02-15
L0086,2025-02-16
L0086,2025-02-17
L0086,2025-02-18
L0086,2025-02-19
L0086,2025-02-20
L0086,2025-02-21
L0086,2025-02-22
L0086,2025-02-23
L0086,2025-02-24
L0086,2025-02-25
L0086,2025-02-26
L0086,2025-02-27
L0086,2025-02-28
L0086,2025-03-01
L0086,2025-03-02
L0086,2025-03-03
L0086,2025-03-04
L0086,2025-03-05
L0086,2025-03-06
L0086,2025-03-07
L0086,2025-03-08
L0086,2025-03-09
L0086,2025-03-10
L0086,2025-03-11
L0086,2025-03-12
L0086,2025-03-13
L0086,2025-03-14
L0086,2025-03-15
L0086,2025-03-16
L0086,2025-03-17
L0086,2025-03-18
L0086,2025-03-19
L0086,2025-03-20
L0086,2025-03-21
L0086,2025-03-22
L0086,2025-03-23
L0086,2025-03-24
L0086,2025-03-25
L0086,2025-03-26
L0086,2025-03-27
L0086,2025-03-28
L0086,2025-03-29
L0086,2025-03-30
L0086,2025-03-31
L0086,2025-04-01
L0086,2025-04-02
L0086,2025-04-03
L0086,2025-04-04
L0086,2025-04-05
L0086,2025-04-06
L0086,2025-04-07
L0086,2025-04-08
L0086,2025-04-09
L0086,2025-04-10
L0086,2025-04-11
L0086,2025-04-12
L0086,2025-04-13
L0086,2025-04-14
L0086,2025-04-15
L0086,2025-04-16
L0086,2025-04-17
L0086,2025-04-18
L0086,2025-04-19
L0086,2025-04-20
L0086,2025-04-21
L0086,2025-04-22
L0086,2025-04-23
L0086,2025-04-24
L0086,2025-04-25
L0086,2025-04-26
L0086,2025-04-27
L0086,2025-04-28
L0086,2025-04-29
L0086,2025-04-30
L0086,2025-05-01
L0086,2025-05-02
L0086,2025-05-03
L0086,2025-05-04
L0086,2025-05-05
L0086,2025-05-06
L0086,2025-05-07
L0086,2025-05-08
L0086,2025-05-09
L0086,2025-05-10
L0086,2025-05-11
L0086,2025-05-12
L0086,2025-05-13
L0086,2025-05-14
L0086,2025-05-15
L0086,2025-05-16
L0086,2025-05-17
L0086,2025-05-18
L0086,2025-05-19
L0086,2025-05-20
L0086,2025-05-21
L0086,2025-05-22
L0086,2025-05-23
L0086,2025-05-24
L0086,2025-05-25
L0086,2025-05-26
L0086,2025-05-27
L0086,2025-05-28
L0086,2025-05-29
L0086,2025-05-30
L0086,2025-05-31
L0086,2025-06-01
L0086,2025-06-02
L0086,2025-06-03
L0086,2025-06-04
L0086,2025-06-05
L0086,2025-06-06
L0086,2025-06-07
L0086,2025-06-08
L0086,2025-06-09
L0086,2025-06-10
L0086,2025-06-11
L0086,2025-06-12
L0086,2025-06-13
L0086,2025-06-14
L0086,2025-06-15
L0086,2025-06-16
L0086,2025-06-17
L0086,2025-06-18
L0086,2025-06-19
L0086,2025-06-20
L0086,2025-06-21
L0086,2025-06-22
L0086,2025-06-23
L0086,2025-06-24
L0086,2025-06-25
L0086,2025-06-26
L0086,2025-06-27
L0086,2025-06-28
L0086,2025-06-29
L0087,2025-01-01
L0087,2025-01-02
L0087,2025-01-03
L0087,2025-01-04
L0087,2025-01-05
L0087,2025-01-06
L0087,2025-01-07
L0087,2025-01-08
L0087,2025-01-09
L0087,2025-01-10
L0087,2025-01-11
L0087,2025-01-12
L0087,2025-01-13
L0087,2025-01-14
L0087,2025-01-15
L0087,2025-01-16
L0087,2025-01-17
L0087,2025-01-18
L0087,2025-01-19
L0087,2025-01-20
L0087,2025-01-21
L0087,2025-01-22
L0087,2025-01-23
L0087,2025-01-24
L0087,2025-01-25
L0087,2025-01-26
L0087,2025-01-27
L0087,2025-01-28
L0087,2025-01-29
L0087,2025-01-30
L0087,2025-01-31
L0087,2025-02-01
L0087,2025-02-02
L0087,2025-02-03
L0087,2025-02-04
L0087,2025-02-05
L0087,2025-02-06
L0087,2025-02-07
L0087,2025-02-08
L0087,2025-02-09
L0087,2025-02-10
L0087,2025-02-11
L0087,2025-02-12
L0087,2025-02-13
L0087,2025-02-14
L0087,2025-02-15
L0087,2025-02-16
L0087,2025-02-17
L0087,2025-02-18
L0087,2025-02-19
L0087,2025-02-20
L0087,2025-02-21
L0087,2025-02-22
L0087,2025-02-23
L0087,2025-02-24
L0087,2025-02-25
L0087,2025-02-26
L0087,2025-02-27
L0087,2025-02-28
L0087,2025-03-01
L0087,2025-03-02
L0087,2025-03-03
L0087,2025-03-04
L0087,2025-03-05
L0087,2025-03-06
L0087,2025-03-07
L0087,2025-03-08
L0087,2025-03-09
L0087,2025-03-10
L0087,2025-03-11
L0087,2025-03-12
L0087,2025-03-13
L0087,2025-03-14
L0087,2025-03-15
L0087,2025-03-16
L0087,2025-03-17
L0087,2025-03-18
L0087,2025-03-19
L0087,2025-03-20
L0087,2025-03-21
L0087,2025-03-22
L0087,2025-03-23
L0087,2025-03-24
L0087,2025-03-25
L0087,2025-03-26
L0087,2025-03-27
L0087,2025-03-28
L0087,2025-03-29
L0087,2025-03-30
L0087,2025-03-31
L0087,2025-04-01
L0087,2025-04-02
L0087,2025-04-03
L0087,2025-04-04
L0087,2025-04-05
L0087,2025-04-06
L0087,2025-04-07
L0087,2025-04-08
L0087,2025-04-09
L0087,2025-04-10
L0087,2025-04-11
L0087,2025-04-12
L0087,2025-04-13
L0087,2025-04-14
L0087,2025-04-15
L0087,2025-04-16
L0087,2025-04-17
L0087,2025-04-18
L0087,2025-04-19
L0087,2025-04-20
L0087,2025-04-21
L0087,2025-04-22
L0087,2025-04-23
L0087,2025-04-24
L0087,2025-04-25
L0087,2025-04-26
L0087,2025-04-27
L0087,2025-04-28
L0087,2025-04-29
L0087,2025-04-30
L0087,2025-05-01
L0087,2025-05-02
L0087,2025-05-03
L0087,2025-05-04
L0087,2025-05-05
L0087,2025-05-06
L0087,2025-05-07
L0087,2025-05-08
L0087,2025-05-09
L0087,2025-05-10
L0087,2025-05-11
L0087,2025-05-12
L0087,2025-05-13
L0087,2025-05-14
L0087,2025-05-15
L0087,2025-05-16
L0087,2025-05-17
L0087,2025-05-18
L0087,2025-05-19
L0087,2025-05-20
L0087,2025-05-21
L0087,2025-05-22
L0087,2025-05-23
L0087,2025-05-24
L0087,2025-05-25
L0087,2025-05-26
L0087,2025-05-27
L0087,2025-05-28
L0087,2025-05-29
L0087,2025-05-30
L0087,2025-05-31
L0087,2025-06-01
L0087,2025-06-02
L0087,2025-06-03
L0087,2025-06-04
L0087,2025-06-05
L0087,2025-06-06
L0087,2025-06-07
L0087,2025-06-08
L0087,2025-06-09
L0087,2025-06-10
L0087,2025-06-11
L0087,2025-06-12
L0087,2025-06-13
L0087,2025-06-14
L0087,2025-06-15
L0087,2025-06-16
L0087,2025-06-17
L0087,2025-06-18
L0087,2025-06-19
L0087,2025-06-20
L0087,2025-06-21
L0087,2025-06-22
L0087,2025-06-23
L0087,2025-06-24
L0087,2025-06-25
L0087,2025-06-26
L0087,2025-06-27
L0087,2025-06-28
L0087,2025-06-29
L0088,2025-01-01
L0088,2025-01-02
L0088,2025-01-03
L0088,2025-01-04
L0088,2025-01-05
L0088,2025-01-06
L0088,2025-01-07
L0088,2025-01-08
L0088,2025-01-09
L0088,2025-01-10
L0088,2025-01-11
L0088,2025-01-12
L0088,2025-01-13
L0088,2025-01-14
L0088,2025-01-15
L0088,2025-01-16
L0088,2025-01-17
L0088,2025-01-18
L0088,2025-01-19
L0088,2025-01-20
L0088,2025-01-21
L0088,2025-01-22
L0088,2025-01-23
L0088,2025-01-24
L0088,2025-01-25
L0088,2025-01-26
L0088,2025-01-27
L0088,2025-01-28
L0088,2025-01-29
L0088,2025-01-30
L0088,2025-01-31
L0088,2025-02-01
L0088,2025-02-02
L0088,2025-02-03
L0088,2025-02-04
L0088,2025-02-05
L0088,2025-02-06
L0088,2025-02-07
L0088,2025-02-08
L0088,2025-02-09
L0088,2025-02-10
L0088,2025-02-11
L0088,2025-02-12
L0088,2025-02-13
L0088,2025-02-14
L0088,2025-02-15
L0088,2025-02-16
L0088,2025-02-17
L0088,2025-02-18
L0088,2025-02-19
L0088,2025-02-20
L0088,2025-02-21
L0088,2025-02-22
L0088,2025-02-23
L0088,2025-02-24
L0088,2025-02-25
L0088,2025-02-26
L0088,2025-02-27
L0088,2025-02-28
L0088,2025-03-01
L0088,2025-03-02
L0088,2025-03-03
L0088,2025-03-04
L0088,2025-03-05
L0088,2025-03-06
L0088,2025-03-07
L0088,2025-03-08
L0088,2025-03-09
L0088,2025-03-10
L0088,2025-03-11
L0088,2025-03-12
L0088,2025-03-13
L0088,2025-03-14
L0088,2025-03-15
L0088,2025-03-16
L0088,2025-03-17
L0088,2025-03-18
L0088,2025-03-19
L0088,2025-03-20
L0088,2025-03-21
L0088,2025-03-22
L0088,2025-03-23
L0088,2025-03-24
L0088,2025-03-25
L0088,2025-03-26
L0088,2025-03-27
L0088,2025-03-28
L0088,2025-03-29
L0088,2025-03-30
L0088,2025-03-31
L0088,2025-04-01
L0088,2025-04-02
L0088,2025-04-03
L0088,2025-04-04
L0088,2025-04-05
L0088,2025-04-06
L0088,2025-04-07
L0088,2025-04-08
L0088,2025-04-09
L0088,2025-04-10
L0088,2025-04-11
L0088,2025-04-12
L0088,2025-04-13
L0088,2025-04-14
L0088,2025-04-15
L0088,2025-04-16
L0088,2025-04-17
L0088,2025-04-18
L0088,2025-04-19
L0088,2025-04-20
L0088,2025-04-21
L0088,2025-04-22
L0088,2025-04-23
L0088,2025-04-24
L0088,2025-04-25
L0088,2025-04-26
L0088,2025-04-27
L0088,2025-04-28
L0088,2025-04-29
L0088,2025-04-30
L0088,2025-05-01
L0088,2025-05-02
L0088,2025-05-03
L0088,2025-05-04
L0088,2025-05-05
L0088,2025-05-06
L0088,2025-05-07
L0088,2025-05-08
L0088,2025-05-09
L0088,2025-05-10
L0088,2025-05-11
L0088,2025-05-12
L0088,2025-05-13
L0088,2025-05-14
L0088,2025-05-15
L0088,2025-05-16
L0088,2025-05-17
L0088,2025-05-18
L0088,2025-05-19
L0088,2025-05-20
L0088,2025-05-21
L0088,2025-05-22
L0088,2025-05-23
L0088,2025-05-24
L0088,2025-05-25
L0088,2025-05-26
L0088,2025-05-27
L0088,2025-05-28
L0088,2025-05-29
L0088,2025-05-30
L0088,2025-05-31
L0088,2025-06-01
L0088,2025-06-02
L0088,2025-06-03
L0088,2025-06-04
L0088,2025-06-05
L0088,2025-06-06
L0088,2025-06-07
L0088,2025-06-08
L0088,2025-06-09
L0088,2025-06-10
L0088,2025-06-11
L0088,2025-06-12
L0088,2025-06-13
L0088,2025-06-14
L0088,2025-06-15
L0088,2025-06-16
L0088,2025-06-17
L0088,2025-06-18
L0088,2025-06-19
L0088,2025-06-20
L0088,2025-06-21
L0088,2025-06-22
L0088,2025-06-23
L0088,2025-06-24
L0088,2025-06-25
L0088,2025-06-26
L0088,2025-06-27
L0088,2025-06-28
L0088,2025-06-29
L0089,2025-01-01
L0089,2025-01-02
L0089,2025-01-03
L0089,2025-01-04
L0089,2025-01-05
L0089,2025-01-06
L0089,2025-01-07
L0089,2025-01-08
L0089,2025-01-09
L0089,2025-01-10
L0089,2025-01-11
L0089,2025-01-12
L0089,2025-01-13
L0089,2025-01-14
L0089,2025-01-15
L0089,2025-01-16
L0089,2025-01-17
L0089,2025-01-18
L0089,2025-01-19
L0089,2025-01-20
L0089,2025-01-21
L0089,2025-01-22
L0089,2025-01-23
L0089,2025-01-24
L0089,2025-01-25
L0089,2025-01-26
L0089,2025-01-27
L0089,2025-01-28
L0089,2025-01-29
L0089,2025-01-30
L0089,2025-01-31
L0089,2025-02-01
L0089,2025-02-02
L0089,2025-02-03
L0089,2025-02-04
L0089,2025-02-05
L0089,2025-02-06
L0089,2025-02-07
L0089,2025-02-08
L0089,2025-02-09
L0089,2025-02-10
L0089,2025-02-11
L0089,2025-02-12
L0089,2025-02-13
L0089,2025-02-14
L0089,2025-02-15
L0089,2025-02-16
L0089,2025-02-17
L0089,2025-02-18
L0089,2025-02-19
L0089,2025-02-20
L0089,2025-02-21
L0089,2025-02-22
L0089,2025-02-23
L0089,2025-02-24
L0089,2025-02-25
L0089,2025-02-26
L0089,2025-02-27
L0089,2025-02-28
L0089,2025-03-01
L0089,2025-03-02
L0089,2025-03-03
L0089,2025-03-04
L0089,2025-03-05
L0089,2025-03-06
L0089,2025-03-07
L0089,2025-03-08
L0089,2025-03-09
L0089,2025-03-10
L0089,2025-03-11
L0089,2025-03-12
L0089,2025-03-13
L0089,2025-03-14
L0089,2025-03-15
L0089,2025-03-16
L0089,2025-03-17
L0089,2025-03-18
L0089,2025-03-19
L0089,2025-03-20
L0089,2025-03-21
L0089,2025-03-22
L0089,2025-03-23
L0089,2025-03-24
L0089,2025-03-25
L0089,2025-03-26
L0089,2025-03-27
L0089,2025-03-28
L0089,2025-03-29
L0089,2025-03-30
L0089,2025-03-31
L0089,2025-04-01
L0089,2025-04-02
L0089,2025-04-03
L0089,2025-04-04
L0089,2025-04-05
L0089,2025-04-06
L0089,2025-04-07
L0089,2025-04-08
L0089,2025-04-09
L0089,2025-04-10
L0089,2025-04-11
L0089,2025-04-12
L0089,2025-04-13
L0089,2025-04-14
L0089,2025-04-15
L0089,2025-04-16
L0089,2025-04-17
L0089,2025-04-18
L0089,2025-04-19
L0089,2025-04-20
L0089,2025-04-21
L0089,2025-04-22
L0089,2025-04-23
L0089,2025-04-24
L0089,2025-04-25
L0089,2025-04-26
L0089,2025-04-27
L0089,2025-04-28
L0089,2025-04-29
L0089,2025-04-30
L0089,2025-05-01
L0089,2025-05-02
L0089,2025-05-03
L0089,2025-05-04
L0089,2025-05-05
L0089,2025-05-06
L0089,2025-05-07
L0089,2025-05-08
L0089,2025-05-09
L0089,2025-05-10
L0089,2025-05-11
L0089,2025-05-12
L0089,2025-05-13
L0089,2025-05-14
L0089,2025-05-15
L0089,2025-05-16
L0089,2025-05-17
L0089,2025-05-18
L0089,2025-05-19
L0089,2025-05-20
L0089,2025-05-21
L0089,2025-05-22
L0089,2025-05-23
L0089,2025-05-24
L0089,2025-05-25
L0089,2025-05-26
L0089,2025-05-27
L0089,2025-05-28
L0089,2025-05-29
L0089,2025-05-30
L0089,2025-05-31
L0089,2025-06-01
L0089,2025-06-02
L0089,2025-06-03
L0089,2025-06-04
L0089,2025-06-05
L0089,2025-06-06
L0089,2025-06-07
L0089,2025-06-08
L0089,2025-06-09
L0089,2025-06-10
L0089,2025-06-11
L0089,2025-06-12
L0089,2025-06-13
L0089,2025-06-14
L0089,2025-06-15
L0089,2025-06-16
L0089,2025-06-17
L0089,2025-06-18
L0089,2025-06-19
L0089,2025-06-20
L0089,2025-06-21
L0089,2025-06-22
L0089,2025-06-23
L0089,2025-06-24
L0089,2025-06-25
L0089,2025-06-26
L0089,2025-06-27
L0089,2025-06-28
L0089,2025-06-29
L0090,2025-01-01
L0090,2025-01-02
L0090,2025-01-03
L0090,2025-01-04
L0090,2025-01-05
L0090,2025-01-06
L0090,2025-01-07
L0090,2025-01-08
L0090,2025-01-09
L0090,2025-01-10
L0090,2025-01-11
L0090,2025-01-12
L0090,2025-01-13
L0090,2025-01-14
L0090,2025-01-15
L0090,2025-01-16
L0090,2025-01-17
L0090,2025-01-18
L0090,2025-01-19
L0090,2025-01-20
L0090,2025-01-21
L0090,2025-01-22
L0090,2025-01-23
L0090,2025-01-24
L0090,2025-01-25
L0090,2025-01-26
L0090,2025-01-27
L0090,2025-01-28
L0090,2025-01-29
L0090,2025-01-30
L0090,2025-01-31
L0090,2025-02-01
L0090,2025-02-02
L0090,2025-02-03
L0090,2025-02-04
L0090,2025-02-05
L0090,2025-02-06
L0090,2025-02-07
L0090,2025-02-08
L0090,2025-02-09
L0090,2025-02-10
L0090,2025-02-11
L0090,2025-02-12
L0090,2025-02-13
L0090,2025-02-14
L0090,2025-02-15
L0090,2025-02-16
L0090,2025-02-17
L0090,2025-02-18
L0090,2025-02-19
L0090,2025-02-20
L0090,2025-02-21
L0090,2025-02-22
L0090,2025-02-23
L0090,2025-02-24
L0090,2025-02-25
L0090,2025-02-26
L0090,2025-02-27
L0090,2025-02-28
L0090,2025-03-01
L0090,2025-03-02
L0090,2025-03-03
L0090,2025-03-04
L0090,2025-03-05
L0090,2025-03-06
L0090,2025-03-07
L0090,2025-03-08
L0090,2025-03-09
L0090,2025-03-10
L0090,2025-03-11
L0090,2025-03-12
L0090,2025-03-13
L0090,2025-03-14
L0090,2025-03-15
L0090,2025-03-16
L0090,2025-03-17
L0090,2025-03-18
L0090,2025-03-19
L0090,2025-03-20
L0090,2025-03-21
L0090,2025-03-22
L0090,2025-03-23
L0090,2025-03-24
L0090,2025-03-25
L0090,2025-03-26
L0090,2025-03-27
L0090,2025-03-28
L0090,2025-03-29
L0090,2025-03-30
L0090,2025-03-31
L0090,2025-04-01
L0090,2025-04-02
L0090,2025-04-03
L0090,2025-04-04
L0090,2025-04-05
L0090,2025-04-06
L0090,2025-04-07
L0090,2025-04-08
L0090,2025-04-09
L0090,2025-04-10
L0090,2025-04-11
L0090,2025-04-12
L0090,2025-04-13
L0090,2025-04-14
L0090,2025-04-15
L0090,2025-04-16
L0090,2025-04-17
L0090,2025-04-18
L0090,2025-04-19
L0090,2025-04-20
L0090,2025-04-21
L0090,2025-04-22
L0090,2025-04-23
L0090,2025-04-24
L0090,2025-04-25
L0090,2025-04-26
L0090,2025-04-27
L0090,2025-04-28
L0090,2025-04-29
L0090,2025-04-30
L0090,2025-05-01
L0090,2025-05-02
L0090,2025-05-03
L0090,2025-05-04
L0090,2025-05-05
L0090,2025-05-06
L0090,2025-05-07
L0090,2025-05-08
L0090,2025-05-09
L0090,2025-05-10
L0090,2025-05-11
L0090,2025-05-12
L0090,2025-05-13
L0090,2025-05-14
L0090,2025-05-15
L0090,2025-05-16
L0090,2025-05-17
L0090,2025-05-18
L0090,2025-05-19
L0090,2025-05-20
L0090,2025-05-21
L0090,2025-05-22
L0090,2025-05-23
L0090,2025-05-24
L0090,2025-05-25
L0090,2025-05-26
L0090,2025-05-27
L0090,2025-05-28
L0090,2025-05-29
L0090,2025-05-30
L0090,2025-05-31
L0090,2025-06-01
L0090,2025-06-02
L0090,2025-06-03
L0090,2025-06-04
L0090,2025-06-05
L0090,2025-06-06
L0090,2025-06-07
L0090,2025-06-08
L0090,2025-06-09
L0090,2025-06-10
L0090,2025-06-11
L0090,2025-06-12
L0090,2025-06-13
L0090,2025-06-14
L0090,2025-06-15
L0090,2025-06-16
L0090,2025-06-17
L0090,2025-06-18
L0090,2025-06-19
L0090,2025-06-20
L0090,2025-06-21
L0090,2025-06-22
L0090,2025-06-23
L0090,2025-06-24
L0090,2025-06-25
L0090,2025-06-26
L0090,2025-06-27
L0090,2025-06-28
L0090,2025-06-29
L0091,2025-01-01
L0091,2025-01-02
L0091,2025-01-03
L0091,2025-01-04
L0091,2025-01-05
L0091,2025-01-06
L0091,2025-01-07
L0091,2025-01-08
L0091,2025-01-09
L0091,2025-01-10
L0091,2025-01-11
L0091,2025-01-12
L0091,2025-01-13
L0091,2025-01-14
L0091,2025-01-15
L0091,2025-01-16
L0091,2025-01-17
L0091,2025-01-18
L0091,2025-01-19
L0091,2025-01-20
L0091,2025-01-21
L0091,2025-01-22
L0091,2025-01-23
L0091,2025-01-24
L0091,2025-01-25
L0091,2025-01-26
L0091,2025-01-27
L0091,2025-01-28
L0091,2025-01-29
L0091,2025-01-30
L0091,2025-01-31
L0091,2025-02-01
L0091,2025-02-02
L0091,2025-02-03
L0091,2025-02-04
L0091,2025-02-05
L0091,2025-02-06
L0091,2025-02-07
L0091,2025-02-08
L0091,2025-02-09
L0091,2025-02-10
L0091,2025-02-11
L0091,2025-02-12
L0091,2025-02-13
L0091,2025-02-14
L0091,2025-02-15
L0091,2025-02-16
L0091,2025-02-17
L0091,2025-02-18
L0091,2025-02-19
L0091,2025-02-20
L0091,2025-02-21
L0091,2025-02-22
L0091,2025-02-23
L0091,2025-02-24
L0091,2025-02-25
L0091,2025-02-26
L0091,2025-02-27
L0091,2025-02-28
L0091,2025-03-01
L0091,2025-03-02
L0091,2025-03-03
L0091,2025-03-04
L0091,2025-03-05
L0091,2025-03-06
L0091,2025-03-07
L0091,2025-03-08
L0091,2025-03-09
L0091,2025-03-10
L0091,2025-03-11
L0091,2025-03-12
L0091,2025-03-13
L0091,2025-03-14
L0091,2025-03-15
L0091,2025-03-16
L0091,2025-03-17
L0091,2025-03-18
L0091,2025-03-19
L0091,2025-03-20
L0091,2025-03-21
L0091,2025-03-22
L0091,2025-03-23
L0091,2025-03-24
L0091,2025-03-25
L0091,2025-03-26
L0091,2025-03-27
L0091,2025-03-28
L0091,2025-03-29
L0091,2025-03-30
L0091,2025-03-31
L0091,2025-04-01
L0091,2025-04-02
L0091,2025-04-03
L0091,2025-04-04
L0091,2025-04-05
L0091,2025-04-06
L0091,2025-04-07
L0091,2025-04-08
L0091,2025-04-09
L0091,2025-04-10
L0091,2025-04-11
L0091,2025-04-12
L0091,2025-04-13
L0091,2025-04-14
L0091,2025-04-15
L0091,2025-04-16
L0091,2025-04-17
L0091,2025-04-18
L0091,2025-04-19
L0091,2025-04-20
L0091,2025-04-21
L0091,2025-04-22
L0091,2025-04-23
L0091,2025-04-24
L0091,2025-04-25
L0091,2025-04-26
L0091,2025-04-27
L0091,2025-04-28
L0091,2025-04-29
L0091,2025-04-30
L0091,2025-05-01
L0091,2025-05-02
L0091,2025-05-03
L0091,2025-05-04
L0091,2025-05-05
L0091,2025-05-06
L0091,2025-05-07
L0091,2025-05-08
L0091,2025-05-09
L0091,2025-05-10
L0091,2025-05-11
L0091,2025-05-12
L0091,2025-05-13
L0091,2025-05-14
L0091,2025-05-15
L0091,2025-05-16
L0091,2025-05-17
L0091,2025-05-18
L0091,2025-05-19
L0091,2025-05-20
L0091,2025-05-21
L0091,2025-05-22
L0091,2025-05-23
L0091,2025-05-24
L0091,2025-05-25
L0091,2025-05-26
L0091,2025-05-27
L0091,2025-05-28
L0091,2025-05-29
L0091,2025-05-30
L0091,2025-05-31
L0091,2025-06-01
L0091,2025-06-02
L0091,2025-06-03
L0091,2025-06-04
L0091,2025-06-05
L0091,2025-06-06
L0091,2025-06-07
L0091,2025-06-08
L0091,2025-06-09
L0091,2025-06-10
L0091,2025-06-11
L0091,2025-06-12
L0091,2025-06-13
L0091,2025-06-14
L0091,2025-06-15
L0091,2025-06-16
L0091,2025-06-17
L0091,2025-06-18
L0091,2025-06-19
L0091,2025-06-20
L0091,2025-06-21
L0091,2025-06-22
L0091,2025-06-23
L0091,2025-06-24
L0091,2025-06-25
L0091,2025-06-26
L0091,2025-06-27
L0091,2025-06-28
L0091,2025-06-29
L0092,2025-01-01
L0092,2025-01-02
L0092,2025-01-03
L0092,2025-01-04
L0092,2025-01-05
L0092,2025-01-06
L0092,2025-01-07
L0092,2025-01-08
L0092,2025-01-09
L0092,2025-01-10
L0092,2025-01-11
L0092,2025-01-12
L0092,2025-01-13
L0092,2025-01-14
L0092,2025-01-15
L0092,2025-01-16
L0092,2025-01-17
L0092,2025-01-18
L0092,2025-01-19
L0092,2025-01-20
L0092,2025-01-21
L0092,2025-01-22
L0092,2025-01-23
L0092,2025-01-24
L0092,2025-01-25
L0092,2025-01-26
L0092,2025-01-27
L0092,2025-01-28
L0092,2025-01-29
L0092,2025-01-30
L0092,2025-01-31
L0092,2025-02-01
L0092,2025-02-02
L0092,2025-02-03
L0092,2025-02-04
L0092,2025-02-05
L0092,2025-02-06
L0092,2025-02-07
L0092,2025-02-08
L0092,2025-02-09
L0092,2025-02-10
L0092,2025-02-11
L0092,2025-02-12
L0092,2025-02-13
L0092,2025-02-14
L0092,2025-02-15
L0092,2025-02-16
L0092,2025-02-17
L0092,2025-02-18
L0092,2025-02-19
L0092,2025-02-20
L0092,2025-02-21
L0092,2025-02-22
L0092,2025-02-23
L0092,2025-02-24
L0092,2025-02-25
L0092,2025-02-26
L0092,2025-02-27
L0092,2025-02-28
L0092,2025-03-01
L0092,2025-03-02
L0092,2025-03-03
L0092,2025-03-04
L0092,2025-03-05
L0092,2025-03-06
L0092,2025-03-07
L0092,2025-03-08
L0092,2025-03-09
L0092,2025-03-10
L0092,2025-03-11
L0092,2025-03-12
L0092,2025-03-13
L0092,2025-03-14
L0092,2025-03-15
L0092,2025-03-16
L0092,2025-03-17
L0092,2025-03-18
L0092,2025-03-19
L0092,2025-03-20
L0092,2025-03-21
L0092,2025-03-22
L0092,2025-03-23
L0092,2025-03-24
L0092,2025-03-25
L0092,2025-03-26
L0092,2025-03-27
L0092,2025-03-28
L0092,2025-03-29
L0092,2025-03-30
L0092,2025-03-31
L0092,2025-04-01
L0092,2025-04-02
L0092,2025-04-03
L0092,2025-04-04
L0092,2025-04-05
L0092,2025-04-06
L0092,2025-04-07
L0092,2025-04-08
L0092,2025-04-09
L0092,2025-04-10
L0092,2025-04-11
L0092,2025-04-12
L0092,2025-04-13
L0092,2025-04-14
L0092,2025-04-15
L0092,2025-04-16
L0092,2025-04-17
L0092,2025-04-18
L0092,2025-04-19
L0092,2025-04-20
L0092,2025-04-21
L0092,2025-04-22
L0092,2025-04-23
L0092,2025-04-24
L0092,2025-04-25
L0092,2025-04-26
L0092,2025-04-27
L0092,2025-04-28
L0092,2025-04-29
L0092,2025-04-30
L0092,2025-05-01
L0092,2025-05-02
L0092,2025-05-03
L0092,2025-05-04
L0092,2025-05-05
L0092,2025-05-06
L0092,2025-05-07
L0092,2025-05-08
L0092,2025-05-09
L0092,2025-05-10
L0092,2025-05-11
L0092,2025-05-12
L0092,2025-05-13
L0092,2025-05-14
L0092,2025-05-15
L0092,2025-05-16
L0092,2025-05-17
L0092,2025-05-18
L0092,2025-05-19
L0092,2025-05-20
L0092,2025-05-21
L0092,2025-05-22
L0092,2025-05-23
L0092,2025-05-24
L0092,2025-05-25
L0092,2025-05-26
L0092,2025-05-27
L0092,2025-05-28
L0092,2025-05-29
L0092,2025-05-30
L0092,2025-05-31
L0092,2025-06-01
L0092,2025-06-02
L0092,2025-06-03
L0092,2025-06-04
L0092,2025-06-05
L0092,2025-06-06
L0092,2025-06-07
L0092,2025-06-08
L0092,2025-06-09
L0092,2025-06-10
L0092,2025-06-11
L0092,2025-06-12
L0092,2025-06-13
L0092,2025-06-14
L0092,2025-06-15
L0092,2025-06-16
L0092,2025-06-17
L0092,2025-06-18
L0092,2025-06-19
L0092,2025-06-20
L0092,2025-06-21
L0092,2025-06-22
L0092,2025-06-23
L0092,2025-06-24
L0092,2025-06-25
L0092,2025-06-26
L0092,2025-06-27
L0092,2025-06-28
L0092,2025-06-29
L0093,2025-01-01
L0093,2025-01-02
L0093,2025-01-03
L0093,2025-01-04
L0093,2025-01-05
L0093,2025-01-06
L0093,2025-01-07
L0093,2025-01-08
L0093,2025-01-09
L0093,2025-01-10
L0093,2025-01-11
L0093,2025-01-12
L0093,2025-01-13
L0093,2025-01-14
L0093,2025-01-15
L0093,2025-01-16
L0093,2025-01-17
L0093,2025-01-18
L0093,2025-01-19
L0093,2025-01-20
L0093,2025-01-21
L0093,2025-01-22
L0093,2025-01-23
L0093,2025-01-24
L0093,2025-01-25
L0093,2025-01-26
L0093,2025-01-27
L0093,2025-01-28
L0093,2025-01-29
L0093,2025-01-30
L0093,2025-01-31
L0093,2025-02-01
L0093,2025-02-02
L0093,2025-02-03
L0093,2025-02-04
L0093,2025-02-05
L0093,2025-02-06
L0093,2025-02-07
L0093,2025-02-08
L0093,2025-02-09
L0093,2025-02-10
L0093,2025-02-11
L0093,2025-02-12
L0093,2025-02-13
L0093,2025-02-14
L0093,2025-02-15
L0093,2025-02-16
L0093,2025-02-17
L0093,2025-02-18
L0093,2025-02-19
L0093,2025-02-20
L0093,2025-02-21
L0093,2025-02-22
L0093,2025-02-23
L0093,2025-02-24
L0093,2025-02-25
L0093,2025-02-26
L0093,2025-02-27
L0093,2025-02-28
L0093,2025-03-01
L0093,2025-03-02
L0093,2025-03-03
L0093,2025-03-04
L0093,2025-03-05
L0093,2025-03-06
L0093,2025-03-07
L0093,2025-03-08
L0093,2025-03-09
L0093,2025-03-10
L0093,2025-03-11
L0093,2025-03-12
L0093,2025-03-13
L0093,2025-03-14
L0093,2025-03-15
L0093,2025-03-16
L0093,2025-03-17
L0093,2025-03-18
L0093,2025-03-19
L0093,2025-03-20
L0093,2025-03-21
L0093,2025-03-22
L0093,2025-03-23
L0093,2025-03-24
L0093,2025-03-25
L0093,2025-03-26
L0093,2025-03-27
L0093,2025-03-28
L0093,2025-03-29
L0093,2025-03-30
L0093,2025-03-31
L0093,2025-04-01
L0093,2025-04-02
L0093,2025-04-03
L0093,2025-04-04
L0093,2025-04-05
L0093,2025-04-06
L0093,2025-04-07
L0093,2025-04-08
L0093,2025-04-09
L0093,2025-04-10
L0093,2025-04-11
L0093,2025-04-12
L0093,2025-04-13
L0093,2025-04-14
L0093,2025-04-15
L0093,2025-04-16
L0093,2025-04-17
L0093,2025-04-18
L0093,2025-04-19
L0093,2025-04-20
L0093,2025-04-21
L0093,2025-04-22
L0093,2025-04-23
L0093,2025-04-24
L0093,2025-04-25
L0093,2025-04-26
L0093,2025-04-27
L0093,2025-04-28
L0093,2025-04-29
L0093,2025-04-30
L0093,2025-05-01
L0093,2025-05-02
L0093,2025-05-03
L0093,2025-05-04
L0093,2025-05-05
L0093,2025-05-06
L0093,2025-05-07
L0093,2025-05-08
L0093,2025-05-09
L0093,2025-05-10
L0093,2025-05-11
L0093,2025-05-12
L0093,2025-05-13
L0093,2025-05-14
L0093,2025-05-15
L0093,2025-05-16
L0093,2025-05-17
L0093,2025-05-18
L0093,2025-05-19
L0093,2025-05-20
L0093,2025-05-21
L0093,2025-05-22
L0093,2025-05-23
L0093,2025-05-24
L0093,2025-05-25
L0093,2025-05-26
L0093,2025-05-27
L0093,2025-05-28
L0093,2025-05-29
L0093,2025-05-30
L0093,2025-05-31
L0093,2025-06-01
L0093,2025-06-02
L0093,2025-06-03
L0093,2025-06-04
L0093,2025-06-05
L0093,2025-06-06
L0093,2025-06-07
L0093,2025-06-08
L0093,2025-06-09
L0093,2025-06-10
L0093,2025-06-11
L0093,2025-06-12
L0093,2025-06-13
L0093,2025-06-14
L0093,2025-06-15
L0093,2025-06-16
L0093,2025-06-17
L0093,2025-06-18
L0093,2025-06-19
L0093,2025-06-20
L0093,2025-06-21
L0093,2025-06-22
L0093,2025-06-23
L0093,2025-06-24
L0093,2025-06-25
L0093,2025-06-26
L0093,2025-06-27
L0093,2025-06-28
L0093,2025-06-29
L0094,2025-01-01
L0094,2025-01-02
L0094,2025-01-03
L0094,2025-01-04
L0094,2025-01-05
L0094,2025-01-06
L0094,2025-01-07
L0094,2025-01-08
L0094,2025-01-09
L0094,2025-01-10
L0094,2025-01-11
L0094,2025-01-12
L0094,2025-01-13
L0094,2025-01-14
L0094,2025-01-15
L0094,2025-01-16
L0094,2025-01-17
L0094,2025-01-18
L0094,2025-01-19
L0094,2025-01-20
L0094,2025-01-21
L0094,2025-01-22
L0094,2025-01-23
L0094,2025-01-24
L0094,2025-01-25
L0094,2025-01-26
L0094,2025-01-27
L0094,2025-01-28
L0094,2025-01-29
L0094,2025-01-30
L0094,2025-01-31
L0094,2025-02-01
L0094,2025-02-02
L0094,2025-02-03
L0094,2025-02-04
L0094,2025-02-05
L0094,2025-02-06
L0094,2025-02-07
L0094,2025-02-08
L0094,2025-02-09
L0094,2025-02-10
L0094,2025-02-11
L0094,2025-02-12
L0094,2025-02-13
L0094,2025-02-14
L0094,2025-02-15
L0094,2025-02-16
L0094,2025-02-17
L0094,2025-02-18
L0094,2025-02-19
L0094,2025-02-20
L0094,2025-02-21
L0094,2025-02-22
L0094,2025-02-23
L0094,2025-02-24
L0094,2025-02-25
L0094,2025-02-26
L0094,2025-02-27
L0094,2025-02-28
L0094,2025-03-01
L0094,2025-03-02
L0094,2025-03-03
L0094,2025-03-04
L0094,2025-03-05
L0094,2025-03-06
L0094,2025-03-07
L0094,2025-03-08
L0094,2025-03-09
L0094,2025-03-10
L0094,2025-03-11
L0094,2025-03-12
L0094,2025-03-13
L0094,2025-03-14
L0094,2025-03-15
L0094,2025-03-16
L0094,2025-03-17
L0094,2025-03-18
L0094,2025-03-19
L0094,2025-03-20
L0094,2025-03-21
L0094,2025-03-22
L0094,2025-03-23
L0094,2025-03-24
L0094,2025-03-25
L0094,2025-03-26
L0094,2025-03-27
L0094,2025-03-28
L0094,2025-03-29
L0094,2025-03-30
L0094,2025-03-31
L0094,2025-04-01
L0094,2025-04-02
L0094,2025-04-03
L0094,2025-04-04
L0094,2025-04-05
L0094,2025-04-06
L0094,2025-04-07
L0094,2025-04-08
L0094,2025-04-09
L0094,2025-04-10
L0094,2025-04-11
L0094,2025-04-12
L0094,2025-04-13
L0094,2025-04-14
L0094,2025-04-15
L0094,2025-04-16
L0094,2025-04-17
L0094,2025-04-18
L0094,2025-04-19
L0094,2025-04-20
L0094,2025-04-21
L0094,2025-04-22
L0094,2025-04-23
L0094,2025-04-24
L0094,2025-04-25
L0094,2025-04-26
L0094,2025-04-27
L0094,2025-04-28
L0094,2025-04-29
L0094,2025-04-30
L0094,2025-05-01
L0094,2025-05-02
L0094,2025-05-03
L0094,2025-05-04
L0094,2025-05-05
L0094,2025-05-06
L0094,2025-05-07
L0094,2025-05-08
L0094,2025-05-09
L0094,2025-05-10
L0094,2025-05-11
L0094,2025-05-12
L0094,2025-05-13
L0094,2025-05-14
L0094,2025-05-15
L0094,2025-05-16
L0094,2025-05-17
L0094,2025-05-18
L0094,2025-05-19
L0094,2025-05-20
L0094,2025-05-21
L0094,2025-05-22
L0094,2025-05-23
L0094,2025-05-24
L0094,2025-05-25
L0094,2025-05-26
L0094,2025-05-27
L0094,2025-05-28
L0094,2025-05-29
L0094,2025-05-30
L0094,2025-05-31
L0094,2025-06-01
L0094,2025-06-02
L0094,2025-06-03
L0094,2025-06-04
L0094,2025-06-05
L0094,2025-06-06
L0094,2025-06-07
L0094,2025-06-08
L0094,2025-06-09
L0094,2025-06-10
L0094,2025-06-11
L0094,2025-06-12
L0094,2025-06-13
L0094,2025-06-14
L0094,2025-06-15
L0094,2025-06-16
L0094,2025-06-17
L0094,2025-06-18
L0094,2025-06-19
L0094,2025-06-20
L0094,2025-06-21
L0094,2025-06-22
L0094,2025-06-23
L0094,2025-06-24
L0094,2025-06-25
L0094,2025-06-26
L0094,2025-06-27
L0094,2025-06-28
L0094,2025-06-29
L0095,2025-01-01
L0095,2025-01-02
L0095,2025-01-03
L0095,2025-01-04
L0095,2025-01-05
L0095,2025-01-06
L0095,2025-01-07
L0095,2025-01-08
L0095,2025-01-09
L0095,2025-01-10
L0095,2025-01-11
L0095,2025-01-12
L0095,2025-01-13
L0095,2025-01-14
L0095,2025-01-15
L0095,2025-01-16
L0095,2025-01-17
L0095,2025-01-18
L0095,2025-01-19
L0095,2025-01-20
L0095,2025-01-21
L0095,2025-01-22
L0095,2025-01-23
L0095,2025-01-24
L0095,2025-01-25
L0095,2025-01-26
L0095,2025-01-27
L0095,2025-01-28
L0095,2025-01-29
L0095,2025-01-30
L0095,2025-01-31
L0095,2025-02-01
L0095,2025-02-02
L0095,2025-02-03
L0095,2025-02-04
L0095,2025-02-05
L0095,2025-02-06
L0095,2025-02-07
L0095,2025-02-08
L0095,2025-02-09
L0095,2025-02-10
L0095,2025-02-11
L0095,2025-02-12
L0095,2025-02-13
L0095,2025-02-14
L0095,2025-02-15
L0095,2025-02-16
L0095,2025-02-17
L0095,2025-02-18
L0095,2025-02-19
L0095,2025-02-20
L0095,2025-02-21
L0095,2025-02-22
L0095,2025-02-23
L0095,2025-02-24
L0095,2025-02-25
L0095,2025-02-26
L0095,2025-02-27
L0095,2025-02-28
L0095,2025-03-01
L0095,2025-03-02
L0095,2025-03-03
L0095,2025-03-04
L0095,2025-03-05
L0095,2025-03-06
L0095,2025-03-07
L0095,2025-03-08
L0095,2025-03-09
L0095,2025-03-10
L0095,2025-03-11
L0095,2025-03-12
L0095,2025-03-13
L0095,2025-03-14
L0095,2025-03-15
L0095,2025-03-16
L0095,2025-03-17
L0095,2025-03-18
L0095,2025-03-19
L0095,2025-03-20
L0095,2025-03-21
L0095,2025-03-22
L0095,2025-03-23
L0095,2025-03-24
L0095,2025-03-25
L0095,2025-03-26
L0095,2025-03-27
L0095,2025-03-28
L0095,2025-03-29
L0095,2025-03-30
L0095,2025-03-31
L0095,2025-04-01
L0095,2025-04-02
L0095,2025-04-03
L0095,2025-04-04
L0095,2025-04-05
L0095,2025-04-06
L0095,2025-04-07
L0095,2025-04-08
L0095,2025-04-09
L0095,2025-04-10
L0095,2025-04-11
L0095,2025-04-12
L0095,2025-04-13
L0095,2025-04-14
L0095,2025-04-15
L0095,2025-04-16
L0095,2025-04-17
L0095,2025-04-18
L0095,2025-04-19
L0095,2025-04-20
L0095,2025-04-21
L0095,2025-04-22
L0095,2025-04-23
L0095,2025-04-24
L0095,2025-04-25
L0095,2025-04-26
L0095,2025-04-27
L0095,2025-04-28
L0095,2025-04-29
L0095,2025-04-30
L0095,2025-05-01
L0095,2025-05-02
L0095,2025-05-03
L0095,2025-05-04
L0095,2025-05-05
L0095,2025-05-06
L0095,2025-05-07
L0095,2025-05-08
L0095,2025-05-09
L0095,2025-05-10
L0095,2025-05-11
L0095,2025-05-12
L0095,2025-05-13
L0095,2025-05-14
L0095,2025-05-15
L0095,2025-05-16
L0095,2025-05-17
L0095,2025-05-18
L0095,2025-05-19
L0095,2025-05-20
L0095,2025-05-21
L0095,2025-05-22
L0095,2025-05-23
L0095,2025-05-24
L0095,2025-05-25
L0095,2025-05-26
L0095,2025-05-27
L0095,2025-05-28
L0095,2025-05-29
L0095,2025-05-30
L0095,2025-05-31
L0095,2025-06-01
L0095,2025-06-02
L0095,2025-06-03
L0095,2025-06-04
L0095,2025-06-05
L0095,2025-06-06
L0095,2025-06-07
L0095,2025-06-08
L0095,2025-06-09
L0095,2025-06-10
L0095,2025-06-11
L0095,2025-06-12
L0095,2025-06-13
L0095,2025-06-14
L0095,2025-06-15
L0095,2025-06-16
L0095,2025-06-17
L0095,2025-06-18
L0095,2025-06-19
L0095,2025-06-20
L0095,2025-06-21
L0095,2025-06-22
L0095,2025-06-23
L0095,2025-06-24
L0095,2025-06-25
L0095,2025-06-26
L0095,2025-06-27
L0095,2025-06-28
L0095,2025-06-29
L0096,2025-01-01
L0096,2025-01-02
L0096,2025-01-03
L0096,2025-01-04
L0096,2025-01-05
L0096,2025-01-06
L0096,2025-01-07
L0096,2025-01-08
L0096,2025-01-09
L0096,2025-01-10
L0096,2025-01-11
L0096,2025-01-12
L0096,2025-01-13
L0096,2025-01-14
L0096,2025-01-15
L0096,2025-01-16
L0096,2025-01-17
L0096,2025-01-18
L0096,2025-01-19
L0096,2025-01-20
L0096,2025-01-21
L0096,2025-01-22
L0096,2025-01-23
L0096,2025-01-24
L0096,2025-01-25
L0096,2025-01-26
L0096,2025-01-27
L0096,2025-01-28
L0096,2025-01-29
L0096,2025-01-30
L0096,2025-01-31
L0096,2025-02-01
L0096,2025-02-02
L0096,2025-02-03
L0096,2025-02-04
L0096,2025-02-05
L0096,2025-02-06
L0096,2025-02-07
L0096,2025-02-08
L0096,2025-02-09
L0096,2025-02-10
L0096,2025-02-11
L0096,2025-02-12
L0096,2025-02-13
L0096,2025-02-14
L0096,2025-02-15
L0096,2025-02-16
L0096,2025-02-17
L0096,2025-02-18
L0096,2025-02-19
L0096,2025-02-20
L0096,2025-02-21
L0096,2025-02-22
L0096,2025-02-23
L0096,2025-02-24
L0096,2025-02-25
L0096,2025-02-26
L0096,2025-02-27
L0096,2025-02-28
L0096,2025-03-01
L0096,2025-03-02
L0096,2025-03-03
L0096,2025-03-04
L0096,2025-03-05
L0096,2025-03-06
L0096,2025-03-07
L0096,2025-03-08
L0096,2025-03-09
L0096,2025-03-10
L0096,2025-03-11
L0096,2025-03-12
L0096,2025-03-13
L0096,2025-03-14
L0096,2025-03-15
L0096,2025-03-16
L0096,2025-03-17
L0096,2025-03-18
L0096,2025-03-19
L0096,2025-03-20
L0096,2025-03-21
L0096,2025-03-22
L0096,2025-03-23
L0096,2025-03-24
L0096,2025-03-25
L0096,2025-03-26
L0096,2025-03-27
L0096,2025-03-28
L0096,2025-03-29
L0096,2025-03-30
L0096,2025-03-31
L0096,2025-04-01
L0096,2025-04-02
L0096,2025-04-03
L0096,2025-04-04
L0096,2025-04-05
L0096,2025-04-06
L0096,2025-04-07
L0096,2025-04-08
L0096,2025-04-09
L0096,2025-04-10
L0096,2025-04-11
L0096,2025-04-12
L0096,2025-04-13
L0096,2025-04-14
L0096,2025-04-15
L0096,2025-04-16
L0096,2025-04-17
L0096,2025-04-18
L0096,2025-04-19
L0096,2025-04-20
L0096,2025-04-21
L0096,2025-04-22
L0096,2025-04-23
L0096,2025-04-24
L0096,2025-04-25
L0096,2025-04-26
L0096,2025-04-27
L0096,2025-04-28
L0096,2025-04-29
L0096,2025-04-30
L0096,2025-05-01
L0096,2025-05-02
L0096,2025-05-03
L0096,2025-05-04
L0096,2025-05-05
L0096,2025-05-06
L0096,2025-05-07
L0096,2025-05-08
L0096,2025-05-09
L0096,2025-05-10
L0096,2025-05-11
L0096,2025-05-12
L0096,2025-05-13
L0096,2025-05-14
L0096,2025-05-15
L0096,2025-05-16
L0096,2025-05-17
L0096,2025-05-18
L0096,2025-05-19
L0096,2025-05-20
L0096,2025-05-21
L0096,2025-05-22
L0096,2025-05-23
L0096,2025-05-24
L0096,2025-05-25
L0096,2025-05-26
L0096,2025-05-27
L0096,2025-05-28
L0096,2025-05-29
L0096,2025-05-30
L0096,2025-05-31
L0096,2025-06-01
L0096,2025-06-02
L0096,2025-06-03
L0096,2025-06-04
L0096,2025-06-05
L0096,2025-06-06
L0096,2025-06-07
L0096,2025-06-08
L0096,2025-06-09
L0096,2025-06-10
L0096,2025-06-11
L0096,2025-06-12
L0096,2025-06-13
L0096,2025-06-14
L0096,2025-06-15
L0096,2025-06-16
L0096,2025-06-17
L0096,2025-06-18
L0096,2025-06-19
L0096,2025-06-20
L0096,2025-06-21
L0096,2025-06-22
L0096,2025-06-23
L0096,2025-06-24
L0096,2025-06-25
L0096,2025-06-26
L0096,2025-06-27
L0096,2025-06-28
L0096,2025-06-29
L0097,2025-01-01
L0097,2025-01-02
L0097,2025-01-03
L0097,2025-01-04
L0097,2025-01-05
L0097,2025-01-06
L0097,2025-01-07
L0097,2025-01-08
L0097,2025-01-09
L0097,2025-01-10
L0097,2025-01-11
L0097,2025-01-12
L0097,2025-01-13
L0097,2025-01-14
L0097,2025-01-15
L0097,2025-01-16
L0097,2025-01-17
L0097,2025-01-18
L0097,2025-01-19
L0097,2025-01-20
L0097,2025-01-21
L0097,2025-01-22
L0097,2025-01-23
L0097,2025-01-24
L0097,2025-01-25
L0097,2025-01-26
L0097,2025-01-27
L0097,2025-01-28
L0097,2025-01-29
L0097,2025-01-30
L0097,2025-01-31
L0097,2025-02-01
L0097,2025-02-02
L0097,2025-02-03
L0097,2025-02-04
L0097,2025-02-05
L0097,2025-02-06
L0097,2025-02-07
L0097,2025-02-08
L0097,2025-02-09
L0097,2025-02-10
L0097,2025-02-11
L0097,2025-02-12
L0097,2025-02-13
L0097,2025-02-14
L0097,2025-02-15
L0097,2025-02-16
L0097,2025-02-17
L0097,2025-02-18
L0097,2025-02-19
L0097,2025-02-20
L0097,2025-02-21
L0097,2025-02-22
L0097,2025-02-23
L0097,2025-02-24
L0097,2025-02-25
L0097,2025-02-26
L0097,2025-02-27
L0097,2025-02-28
L0097,2025-03-01
L0097,2025-03-02
L0097,2025-03-03
L0097,2025-03-04
L0097,2025-03-05
L0097,2025-03-06
L0097,2025-03-07
L0097,2025-03-08
L0097,2025-03-09
L0097,2025-03-10
L0097,2025-03-11
L0097,2025-03-12
L0097,2025-03-13
L0097,2025-03-14
L0097,2025-03-15
L0097,2025-03-16
L0097,2025-03-17
L0097,2025-03-18
L0097,2025-03-19
L0097,2025-03-20
L0097,2025-03-21
L0097,2025-03-22
L0097,2025-03-23
L0097,2025-03-24
L0097,2025-03-25
L0097,2025-03-26
L0097,2025-03-27
L0097,2025-03-28
L0097,2025-03-29
L0097,2025-03-30
L0097,2025-03-31
L0097,2025-04-01
L0097,2025-04-02
L0097,2025-04-03
L0097,2025-04-04
L0097,2025-04-05
L0097,2025-04-06
L0097,2025-04-07
L0097,2025-04-08
L0097,2025-04-09
L0097,2025-04-10
L0097,2025-04-11
L0097,2025-04-12
L0097,2025-04-13
L0097,2025-04-14
L0097,2025-04-15
L0097,2025-04-16
L0097,2025-04-17
L0097,2025-04-18
L0097,2025-04-19
L0097,2025-04-20
L0097,2025-04-21
L0097,2025-04-22
L0097,2025-04-23
L0097,2025-04-24
L0097,2025-04-25
L0097,2025-04-26
L0097,2025-04-27
L0097,2025-04-28
L0097,2025-04-29
L0097,2025-04-30
L0097,2025-05-01
L0097,2025-05-02
L0097,2025-05-03
L0097,2025-05-04
L0097,2025-05-05
L0097,2025-05-06
L0097,2025-05-07
L0097,2025-05-08
L0097,2025-05-09
L0097,2025-05-10
L0097,2025-05-11
L0097,2025-05-12
L0097,2025-05-13
L0097,2025-05-14
L0097,2025-05-15
L0097,2025-05-16
L0097,2025-05-17
L0097,2025-05-18
L0097,2025-05-19
L0097,2025-05-20
L0097,2025-05-21
L0097,2025-05-22
L0097,2025-05-23
L0097,2025-05-24
L0097,2025-05-25
L0097,2025-05-26
L0097,2025-05-27
L0097,2025-05-28
L0097,2025-05-29
L0097,2025-05-30
L0097,2025-05-31
L0097,2025-06-01
L0097,2025-06-02
L0097,2025-06-03
L0097,2025-06-04
L0097,2025-06-05
L0097,2025-06-06
L0097,2025-06-07
L0097,2025-06-08
L0097,2025-06-09
L0097,2025-06-10
L0097,2025-06-11
L0097,2025-06-12
L0097,2025-06-13
L0097,2025-06-14
L0097,2025-06-15
L0097,2025-06-16
L0097,2025-06-17
L0097,2025-06-18
L0097,2025-06-19
L0097,2025-06-20
L0097,2025-06-21
L0097,2025-06-22
L0097,2025-06-23
L0097,2025-06-24
L0097,2025-06-25
L0097,2025-06-26
L0097,2025-06-27
L0097,2025-06-28
L0097,2025-06-29
L0098,2025-01-01
L0098,2025-01-02
L0098,2025-01-03
L0098,2025-01-04
L0098,2025-01-05
L0098,2025-01-06
L0098,2025-01-07
L0098,2025-01-08
L0098,2025-01-09
L0098,2025-01-10
L0098,2025-01-11
L0098,2025-01-12
L0098,2025-01-13
L0098,2025-01-14
L0098,2025-01-15
L0098,2025-01-16
L0098,2025-01-17
L0098,2025-01-18
L0098,2025-01-19
L0098,2025-01-20
L0098,2025-01-21
L0098,2025-01-22
L0098,2025-01-23
L0098,2025-01-24
L0098,2025-01-25
L0098,2025-01-26
L0098,2025-01-27
L0098,2025-01-28
L0098,2025-01-29
L0098,2025-01-30
L0098,2025-01-31
L0098,2025-02-01
L0098,2025-02-02
L0098,2025-02-03
L0098,2025-02-04
L0098,2025-02-05
L0098,2025-02-06
L0098,2025-02-07
L0098,2025-02-08
L0098,2025-02-09
L0098,2025-02-10
L0098,2025-02-11
L0098,2025-02-12
L0098,2025-02-13
L0098,2025-02-14
L0098,2025-02-15
L0098,2025-02-16
L0098,2025-02-17
L0098,2025-02-18
L0098,2025-02-19
L0098,2025-02-20
L0098,2025-02-21
L0098,2025-02-22
L0098,2025-02-23
L0098,2025-02-24
L0098,2025-02-25
L0098,2025-02-26
L0098,2025-02-27
L0098,2025-02-28
L0098,2025-03-01
L0098,2025-03-02
L0098,2025-03-03
L0098,2025-03-04
L0098,2025-03-05
L0098,2025-03-06
L0098,2025-03-07
L0098,2025-03-08
L0098,2025-03-09
L0098,2025-03-10
L0098,2025-03-11
L0098,2025-03-12
L0098,2025-03-13
L0098,2025-03-14
L0098,2025-03-15
L0098,2025-03-16
L0098,2025-03-17
L0098,2025-03-18
L0098,2025-03-19
L0098,2025-03-20
L0098,2025-03-21
L0098,2025-03-22
L0098,2025-03-23
L0098,2025-03-24
L0098,2025-03-25
L0098,2025-03-26
L0098,2025-03-27
L0098,2025-03-28
L0098,2025-03-29
L0098,2025-03-30
L0098,2025-03-31
L0098,2025-04-01
L0098,2025-04-02
L0098,2025-04-03
L0098,2025-04-04
L0098,2025-04-05
L0098,2025-04-06
L0098,2025-04-07
L0098,2025-04-08
L0098,2025-04-09
L0098,2025-04-10
L0098,2025-04-11
L0098,2025-04-12
L0098,2025-04-13
L0098,2025-04-14
L0098,2025-04-15
L0098,2025-04-16
L0098,2025-04-17
L0098,2025-04-18
L0098,2025-04-19
L0098,2025-04-20
L0098,2025-04-21
L0098,2025-04-22
L0098,2025-04-23
L0098,2025-04-24
L0098,2025-04-25
L0098,2025-04-26
L0098,2025-04-27
L0098,2025-04-28
L0098,2025-04-29
L0098,2025-04-30
L0098,2025-05-01
L0098,2025-05-02
L0098,2025-05-03
L0098,2025-05-04
L0098,2025-05-05
L0098,2025-05-06
L0098,2025-05-07
L0098,2025-05-08
L0098,2025-05-09
L0098,2025-05-10
L0098,2025-05-11
L0098,2025-05-12
L0098,2025-05-13
L0098,2025-05-14
L0098,2025-05-15
L0098,2025-05-16
L0098,2025-05-17
L0098,2025-05-18
L0098,2025-05-19
L0098,2025-05-20
L0098,2025-05-21
L0098,2025-05-22
L0098,2025-05-23
L0098,2025-05-24
L0098,2025-05-25
L0098,2025-05-26
L0098,2025-05-27
L0098,2025-05-28
L0098,2025-05-29
L0098,2025-05-30
L0098,2025-05-31
L0098,2025-06-01
L0098,2025-06-02
L0098,2025-06-03
L0098,2025-06-04
L0098,2025-06-05
L0098,2025-06-06
L0098,2025-06-07
L0098,2025-06-08
L0098,2025-06-09
L0098,2025-06-10
L0098,2025-06-11
L0098,2025-06-12
L0098,2025-06-13
L0098,2025-06-14
L0098,2025-06-15
L0098,2025-06-16
L0098,2025-06-17
L0098,2025-06-18
L0098,2025-06-19
L0098,2025-06-20
L0098,2025-06-21
L0098,2025-06-22
L0098,2025-06-23
L0098,2025-06-24
L0098,2025-06-25
L0098,2025-06-26
L0098,2025-06-27
L0098,2025-06-28
L0098,2025-06-29
L0099,2025-01-01
L0099,2025-01-02
L0099,2025-01-03
L0099,2025-01-04
L0099,2025-01-05
L0099,2025-01-06
L0099,2025-01-07
L0099,2025-01-08
L0099,2025-01-09
L0099,2025-01-10
L0099,2025-01-11
L0099,2025-01-12
L0099,2025-01-13
L0099,2025-01-14
L0099,2025-01-15
L0099,2025-01-16
L0099,2025-01-17
L0099,2025-01-18
L0099,2025-01-19
L0099,2025-01-20
L0099,2025-01-21
L0099,2025-01-22
L0099,2025-01-23
L0099,2025-01-24
L0099,2025-01-25
L0099,2025-01-26
L0099,2025-01-27
L0099,2025-01-28
L0099,2025-01-29
L0099,2025-01-30
L0099,2025-01-31
L0099,2025-02-01
L0099,2025-02-02
L0099,2025-02-03
L0099,2025-02-04
L0099,2025-02-05
L0099,2025-02-06
L0099,2025-02-07
L0099,2025-02-08
L0099,2025-02-09
L0099,2025-02-10
L0099,2025-02-11
L0099,2025-02-12
L0099,2025-02-13
L0099,2025-02-14
L0099,2025-02-15
L0099,2025-02-16
L0099,2025-02-17
L0099,2025-02-18
L0099,2025-02-19
L0099,2025-02-20
L0099,2025-02-21
L0099,2025-02-22
L0099,2025-02-23
L0099,2025-02-24
L0099,2025-02-25
L0099,2025-02-26
L0099,2025-02-27
L0099,2025-02-28
L0099,2025-03-01
L0099,2025-03-02
L0099,2025-03-03
L0099,2025-03-04
L0099,2025-03-05
L0099,2025-03-06
L0099,2025-03-07
L0099,2025-03-08
L0099,2025-03-09
L0099,2025-03-10
L0099,2025-03-11
L0099,2025-03-12
L0099,2025-03-13
L0099,2025-03-14
L0099,2025-03-15
L0099,2025-03-16
L0099,2025-03-17
L0099,2025-03-18
L0099,2025-03-19
L0099,2025-03-20
L0099,2025-03-21
L0099,2025-03-22
L0099,2025-03-23
L0099,2025-03-24
L0099,2025-03-25
L0099,2025-03-26
L0099,2025-03-27
L0099,2025-03-28
L0099,2025-03-29
L0099,2025-03-30
L0099,2025-03-31
L0099,2025-04-01
L0099,2025-04-02
L0099,2025-04-03
L0099,2025-04-04
L0099,2025-04-05
L0099,2025-04-06
L0099,2025-04-07
L0099,2025-04-08
L0099,2025-04-09
L0099,2025-04-10
L0099,2025-04-11
L0099,2025-04-12
L0099,2025-04-13
L0099,2025-04-14
L0099,2025-04-15
L0099,2025-04-16
L0099,2025-04-17
L0099,2025-04-18
L0099,2025-04-19
L0099,2025-04-20
L0099,2025-04-21
L0099,2025-04-22
L0099,2025-04-23
L0099,2025-04-24
L0099,2025-04-25
L0099,2025-04-26
L0099,2025-04-27
L0099,2025-04-28
L0099,2025-04-29
L0099,2025-04-30
L0099,2025-05-01
L0099,2025-05-02
L0099,2025-05-03
L0099,2025-05-04
L0099,2025-05-05
L0099,2025-05-06
L0099,2025-05-07
L0099,2025-05-08
L0099,2025-05-09
L0099,2025-05-10
L0099,2025-05-11
L0099,2025-05-12
L0099,2025-05-13
L0099,2025-05-14
L0099,2025-05-15
L0099,2025-05-16
L0099,2025-05-17
L0099,2025-05-18
L0099,2025-05-19
L0099,2025-05-20
L0099,2025-05-21
L0099,2025-05-22
L0099,2025-05-23
L0099,2025-05-24
L0099,2025-05-25
L0099,2025-05-26
L0099,2025-05-27
L0099,2025-05-28
L0099,2025-05-29
L0099,2025-05-30
L0099,2025-05-31
L0099,2025-06-01
L0099,2025-06-02
L0099,2025-06-03
L0099,2025-06-04
L0099,2025-06-05
L0099,2025-06-06
L0099,2025-06-07
L0099,2025-06-08
L0099,2025-06-09
L0099,2025-06-10
L0099,2025-06-11
L0099,2025-06-12
L0099,2025-06-13
L0099,2025-06-14
L0099,2025-06-15
L0099,2025-06-16
L0099,2025-06-17
L0099,2025-06-18
L0099,2025-06-19
L0099,2025-06-20
L0099,2025-06-21
L0099,2025-06-22
L0099,2025-06-23
L0099,2025-06-24
L0099,2025-06-25
L0099,2025-06-26
L0099,2025-06-27
L0099,2025-06-28
L0099,2025-06-29
L0100,2025-01-01
L0100,2025-01-02
L0100,2025-01-03
L0100,2025-01-04
L0100,2025-01-05
L0100,2025-01-06
L0100,2025-01-07
L0100,2025-01-08
L0100,2025-01-09
L0100,2025-01-10
L0100,2025-01-11
L0100,2025-01-12
L0100,2025-01-13
L0100,2025-01-14
L0100,2025-01-15
L0100,2025-01-16
L0100,2025-01-17
L0100,2025-01-18
L0100,2025-01-19
L0100,2025-01-20
L0100,2025-01-21
L0100,2025-01-22
L0100,2025-01-23
L0100,2025-01-24
L0100,2025-01-25
L0100,2025-01-26
L0100,2025-01-27
L0100,2025-01-28
L0100,2025-01-29
L0100,2025-01-30
L0100,2025-01-31
L0100,2025-02-01
L0100,2025-02-02
L0100,2025-02-03
L0100,2025-02-04
L0100,2025-02-05
L0100,2025-02-06
L0100,2025-02-07
L0100,2025-02-08
L0100,2025-02-09
L0100,2025-02-10
L0100,2025-02-11
L0100,2025-02-12
L0100,2025-02-13
L0100,2025-02-14
L0100,2025-02-15
L0100,2025-02-16
L0100,2025-02-17
L0100,2025-02-18
L0100,2025-02-19
L0100,2025-02-20
L0100,2025-02-21
L0100,2025-02-22
L0100,2025-02-23
L0100,2025-02-24
L0100,2025-02-25
L0100,2025-02-26
L0100,2025-02-27
L0100,2025-02-28
L0100,2025-03-01
L0100,2025-03-02
L0100,2025-03-03
L0100,2025-03-04
L0100,2025-03-05
L0100,2025-03-06
L0100,2025-03-07
L0100,2025-03-08
L0100,2025-03-09
L0100,2025-03-10
L0100,2025-03-11
L0100,2025-03-12
L0100,2025-03-13
L0100,2025-03-14
L0100,2025-03-15
L0100,2025-03-16
L0100,2025-03-17
L0100,2025-03-18
L0100,2025-03-19
L0100,2025-03-20
L0100,2025-03-21
L0100,2025-03-22
L0100,2025-03-23
L0100,2025-03-24
L0100,2025-03-25
L0100,2025-03-26
L0100,2025-03-27
L0100,2025-03-28
L0100,2025-03-29
L0100,2025-03-30
L0100,2025-03-31
L0100,2025-04-01
L0100,2025-04-02
L0100,2025-04-03
L0100,2025-04-04
L0100,2025-04-05
L0100,2025-04-06
L0100,2025-04-07
L0100,2025-04-08
L0100,2025-04-09
L0100,2025-04-10
L0100,2025-04-11
L0100,2025-04-12
L0100,2025-04-13
L0100,2025-04-14
L0100,2025-04-15
L0100,2025-04-16
L0100,2025-04-17
L0100,2025-04-18
L0100,2025-04-19
L0100,2025-04-20
L0100,2025-04-21
L0100,2025-04-22
L0100,2025-04-23
L0100,2025-04-24
L0100,2025-04-25
L0100,2025-04-26
L0100,2025-04-27
L0100,2025-04-28
L0100,2025-04-29
L0100,2025-04-30
L0100,2025-05-01
L0100,2025-05-02
L0100,2025-05-03
L0100,2025-05-04
L0100,2025-05-05
L0100,2025-05-06
L0100,2025-05-07
L0100,2025-05-08
L0100,2025-05-09
L0100,2025-05-10
L0100,2025-05-11
L0100,2025-05-12
L0100,2025-05-13
L0100,2025-05-14
L0100,2025-05-15
L0100,2025-05-16
L0100,2025-05-17
L0100,2025-05-18
L0100,2025-05-19
L0100,2025-05-20
L0100,2025-05-21
L0100,2025-05-22
L0100,2025-05-23
L0100,2025-05-24
L0100,2025-05-25
L0100,2025-05-26
L0100,2025-05-27
L0100,2025-05-28
L0100,2025-05-29
L0100,2025-05-30
L0100,2025-05-31
L0100,2025-06-01
L0100,2025-06-02
L0100,2025-06-03
L0100,2025-06-04
L0100,2025-06-05
L0100,2025-06-06
L0100,2025-06-07
L0100,2025-06-08
L0100,2025-06-09
L0100,2025-06-10
L0100,2025-06-11
L0100,2025-06-12
L0100,2025-06-13
L0100,2025-06-14
L0100,2025-06-15
L0100,2025-06-16
L0100,2025-06-17
L0100,2025-06-18
L0100,2025-06-19
L0100,2025-06-20
L0100,2025-06-21
L0100,2025-06-22
L0100,2025-06-23
L0100,2025-06-24
L0100,2025-06-25
L0100,2025-06-26
L0100,2025-06-27
L0100,2025-06-28
L0100,2025-06-29
L0101,2025-01-01
L0101,2025-01-02
L0101,2025-01-03
L0101,2025-01-04
L0101,2025-01-05
L0101,2025-01-06
L0101,2025-01-07
L0101,2025-01-08
L0101,2025-01-09
L0101,2025-01-10
L0101,2025-01-11
L0101,2025-01-12
L0101,2025-01-13
L0101,2025-01-14
L0101,2025-01-15
L0101,2025-01-16
L0101,2025-01-17
L0101,2025-01-18
L0101,2025-01-19
L0101,2025-01-20
L0101,2025-01-21
L0101,2025-01-22
L0101,2025-01-23
L0101,2025-01-24
L0101,2025-01-25
L0101,2025-01-26
L0101,2025-01-27
L0101,2025-01-28
L0101,2025-01-29
L0101,2025-01-30
L0101,2025-01-31
L0101,2025-02-01
L0101,2025-02-02
L0101,2025-02-03
L0101,2025-02-04
L0101,2025-02-05
L0101,2025-02-06
L0101,2025-02-07
L0101,2025-02-08
L0101,2025-02-09
L0101,2025-02-10
L0101,2025-02-11
L0101,2025-02-12
L0101,2025-02-13
L0101,2025-02-14
L0101,2025-02-15
L0101,2025-02-16
L0101,2025-02-17
L0101,2025-02-18
L0101,2025-02-19
L0101,2025-02-20
L0101,2025-02-21
L0101,2025-02-22
L0101,2025-02-23
L0101,2025-02-24
L0101,2025-02-25
L0101,2025-02-26
L0101,2025-02-27
L0101,2025-02-28
L0101,2025-03-01
L0101,2025-03-02
L0101,2025-03-03
L0101,2025-03-04
L0101,2025-03-05
L0101,2025-03-06
L0101,2025-03-07
L0101,2025-03-08
L0101,2025-03-09
L0101,2025-03-10
L0101,2025-03-11
L0101,2025-03-12
L0101,2025-03-13
L0101,2025-03-14
L0101,2025-03-15
L0101,2025-03-16
L0101,2025-03-17
L0101,2025-03-18
L0101,2025-03-19
L0101,2025-03-20
L0101,2025-03-21
L0101,2025-03-22
L0101,2025-03-23
L0101,2025-03-24
L0101,2025-03-25
L0101,2025-03-26
L0101,2025-03-27
L0101,2025-03-28
L0101,2025-03-29
L0101,2025-03-30
L0101,2025-03-31
L0101,2025-04-01
L0101,2025-04-02
L0101,2025-04-03
L0101,2025-04-04
L0101,2025-04-05
L0101,2025-04-06
L0101,2025-04-07
L0101,2025-04-08
L0101,2025-04-09
L0101,2025-04-10
L0101,2025-04-11
L0101,2025-04-12
L0101,2025-04-13
L0101,2025-04-14
L0101,2025-04-15
L0101,2025-04-16
L0101,2025-04-17
L0101,2025-04-18
L0101,2025-04-19
L0101,2025-04-20
L0101,2025-04-21
L0101,2025-04-22
L0101,2025-04-23
L0101,2025-04-24
L0101,2025-04-25
L0101,2025-04-26
L0101,2025-04-27
L0101,2025-04-28
L0101,2025-04-29
L0101,2025-04-30
L0101,2025-05-01
L0101,2025-05-02
L0101,2025-05-03
L0101,2025-05-04
L0101,2025-05-05
L0101,2025-05-06
L0101,2025-05-07
L0101,2025-05-08
L0101,2025-05-09
L0101,2025-05-10
L0101,2025-05-11
L0101,2025-05-12
L0101,2025-05-13
L0101,2025-05-14
L0101,2025-05-15
L0101,2025-05-16
L0101,2025-05-17
L0101,2025-05-18
L0101,2025-05-19
L0101,2025-05-20
L0101,2025-05-21
L0101,2025-05-22
L0101,2025-05-23
L0101,2025-05-24
L0101,2025-05-25
L0101,2025-05-26
L0101,2025-05-27
L0101,2025-05-28
L0101,2025-05-29
L0101,2025-05-30
L0101,2025-05-31
L0101,2025-06-01
L0101,2025-06-02
L0101,2025-06-03
L0101,2025-06-04
L0101,2025-06-05
L0101,2025-06-06
L0101,2025-06-07
L0101,2025-06-08
L0101,2025-06-09
L0101,2025-06-10
L0101,2025-06-11
L0101,2025-06-12
L0101,2025-06-13
L0101,2025-06-14
L0101,2025-06-15
L0101,2025-06-16
L0101,2025-06-17
L0101,2025-06-18
L0101,2025-06-19
L0101,2025-06-20
L0101,2025-06-21
L0101,2025-06-22
L0101,2025-06-23
L0101,2025-06-24
L0101,2025-06-25
L0101,2025-06-26
L0101,2025-06-27
L0101,2025-06-28
L0101,2025-06-29
L0102,2025-01-01
L0102,2025-01-02
L0102,2025-01-03
L0102,2025-01-04
L0102,2025-01-05
L0102,2025-01-06
L0102,2025-01-07
L0102,2025-01-08
L0102,2025-01-09
L0102,2025-01-10
L0102,2025-01-11
L0102,2025-01-12
L0102,2025-01-13
L0102,2025-01-14
L0102,2025-01-15
L0102,2025-01-16
L0102,2025-01-17
L0102,2025-01-18
L0102,2025-01-19
L0102,2025-01-20
L0102,2025-01-21
L0102,2025-01-22
L0102,2025-01-23
L0102,2025-01-24
L0102,2025-01-25
L0102,2025-01-26
L0102,2025-01-27
L0102,2025-01-28
L0102,2025-01-29
L0102,2025-01-30
L0102,2025-01-31
L0102,2025-02-01
L0102,2025-02-02
L0102,2025-02-03
L0102,2025-02-04
L0102,2025-02-05
L0102,2025-02-06
L0102,2025-02-07
L0102,2025-02-08
L0102,2025-02-09
L0102,2025-02-10
L0102,2025-02-11
L0102,2025-02-12
L0102,2025-02-13
L0102,2025-02-14
L0102,2025-02-15
L0102,2025-02-16
L0102,2025-02-17
L0102,2025-02-18
L0102,2025-02-19
L0102,2025-02-20
L0102,2025-02-21
L0102,2025-02-22
L0102,2025-02-23
L0102,2025-02-24
L0102,2025-02-25
L0102,2025-02-26
L0102,2025-02-27
L0102,2025-02-28
L0102,2025-03-01
L0102,2025-03-02
L0102,2025-03-03
L0102,2025-03-04
L0102,2025-03-05
L0102,2025-03-06
L0102,2025-03-07
L0102,2025-03-08
L0102,2025-03-09
L0102,2025-03-10
L0102,2025-03-11
L0102,2025-03-12
L0102,2025-03-13
L0102,2025-03-14
L0102,2025-03-15
L0102,2025-03-16
L0102,2025-03-17
L0102,2025-03-18
L0102,2025-03-19
L0102,2025-03-20
L0102,2025-03-21
L0102,2025-03-22
L0102,2025-03-23
L0102,2025-03-24
L0102,2025-03-25
L0102,2025-03-26
L0102,2025-03-27
L0102,2025-03-28
L0102,2025-03-29
L0102,2025-03-30
L0102,2025-03-31
L0102,2025-04-01
L0102,2025-04-02
L0102,2025-04-03
L0102,2025-04-04
L0102,2025-04-05
L0102,2025-04-06
L0102,2025-04-07
L0102,2025-04-08
L0102,2025-04-09
L0102,2025-04-10
L0102,2025-04-11
L0102,2025-04-12
L0102,2025-04-13
L0102,2025-04-14
L0102,2025-04-15
L0102,2025-04-16
L0102,2025-04-17
L0102,2025-04-18
L0102,2025-04-19
L0102,2025-04-20
L0102,2025-04-21
L0102,2025-04-22
L0102,2025-04-23
L0102,2025-04-24
L0102,2025-04-25
L0102,2025-04-26
L0102,2025-04-27
L0102,2025-04-28
L0102,2025-04-29
L0102,2025-04-30
L0102,2025-05-01
L0102,2025-05-02
L0102,2025-05-03
L0102,2025-05-04
L0102,2025-05-05
L0102,2025-05-06
L0102,2025-05-07
L0102,2025-05-08
L0102,2025-05-09
L0102,2025-05-10
L0102,2025-05-11
L0102,2025-05-12
L0102,2025-05-13
L0102,2025-05-14
L0102,2025-05-15
L0102,2025-05-16
L0102,2025-05-17
L0102,2025-05-18
L0102,2025-05-19
L0102,2025-05-20
L0102,2025-05-21
L0102,2025-05-22
L0102,2025-05-23
L0102,2025-05-24
L0102,2025-05-25
L0102,2025-05-26
L0102,2025-05-27
L0102,2025-05-28
L0102,2025-05-29
L0102,2025-05-30
L0102,2025-05-31
L0102,2025-06-01
L0102,2025-06-02
L0102,2025-06-03
L0102,2025-06-04
L0102,2025-06-05
L0102,2025-06-06
L0102,2025-06-07
L0102,2025-06-08
L0102,2025-06-09
L0102,2025-06-10
L0102,2025-06-11
L0102,2025-06-12
L0102,2025-06-13
L0102,2025-06-14
L0102,2025-06-15
L0102,2025-06-16
L0102,2025-06-17
L0102,2025-06-18
L0102,2025-06-19
L0102,2025-06-20
L0102,2025-06-21
L0102,2025-06-22
L0102,2025-06-23
L0102,2025-06-24
L0102,2025-06-25
L0102,2025-06-26
L0102,2025-06-27
L0102,2025-06-28
L0102,2025-06-29
L0103,2025-01-01
L0103,2025-01-02
L0103,2025-01-03
L0103,2025-01-04
L0103,2025-01-05
L0103,2025-01-06
L0103,2025-01-07
L0103,2025-01-08
L0103,2025-01-09
L0103,2025-01-10
L0103,2025-01-11
L0103,2025-01-12
L0103,2025-01-13
L0103,2025-01-14
L0103,2025-01-15
L0103,2025-01-16
L0103,2025-01-17
L0103,2025-01-18
L0103,2025-01-19
L0103,2025-01-20
L0103,2025-01-21
L0103,2025-01-22
L0103,2025-01-23
L0103,2025-01-24
L0103,2025-01-25
L0103,2025-01-26
L0103,2025-01-27
L0103,2025-01-28
L0103,2025-01-29
L0103,2025-01-30
L0103,2025-01-31
L0103,2025-02-01
L0103,2025-02-02
L0103,2025-02-03
L0103,2025-02-04
L0103,2025-02-05
L0103,2025-02-06
L0103,2025-02-07
L0103,2025-02-08
L0103,2025-02-09
L0103,2025-02-10
L0103,2025-02-11
L0103,2025-02-12
L0103,2025-02-13
L0103,2025-02-14
L0103,2025-02-15
L0103,2025-02-16
L0103,2025-02-17
L0103,2025-02-18
L0103,2025-02-19
L0103,2025-02-20
L0103,2025-02-21
L0103,2025-02-22
L0103,2025-02-23
L0103,2025-02-24
L0103,2025-02-25
L0103,2025-02-26
L0103,2025-02-27
L0103,2025-02-28
L0103,2025-03-01
L0103,2025-03-02
L0103,2025-03-03
L0103,2025-03-04
L0103,2025-03-05
L0103,2025-03-06
L0103,2025-03-07
L0103,2025-03-08
L0103,2025-03-09
L0103,2025-03-10
L0103,2025-03-11
L0103,2025-03-12
L0103,2025-03-13
L0103,2025-03-14
L0103,2025-03-15
L0103,2025-03-16
L0103,2025-03-17
L0103,2025-03-18
L0103,2025-03-19
L0103,2025-03-20
L0103,2025-03-21
L0103,2025-03-22
L0103,2025-03-23
L0103,2025-03-24
L0103,2025-03-25
L0103,2025-03-26
L0103,2025-03-27
L0103,2025-03-28
L0103,2025-03-29
L0103,2025-03-30
L0103,2025-03-31
L0103,2025-04-01
L0103,2025-04-02
L0103,2025-04-03
L0103,2025-04-04
L0103,2025-04-05
L0103,2025-04-06
L0103,2025-04-07
L0103,2025-04-08
L0103,2025-04-09
L0103,2025-04-10
L0103,2025-04-11
L0103,2025-04-12
L0103,2025-04-13
L0103,2025-04-14
L0103,2025-04-15
L0103,2025-04-16
L0103,2025-04-17
L0103,2025-04-18
L0103,2025-04-19
L0103,2025-04-20
L0103,2025-04-21
L0103,2025-04-22
L0103,2025-04-23
L0103,2025-04-24
L0103,2025-04-25
L0103,2025-04-26
L0103,2025-04-27
L0103,2025-04-28
L0103,2025-04-29
L0103,2025-04-30
L0103,2025-05-01
L0103,2025-05-02
L0103,2025-05-03
L0103,2025-05-04
L0103,2025-05-05
L0103,2025-05-06
L0103,2025-05-07
L0103,2025-05-08
L0103,2025-05-09
L0103,2025-05-10
L0103,2025-05-11
L0103,2025-05-12
L0103,2025-05-13
L0103,2025-05-14
L0103,2025-05-15
L0103,2025-05-16
L0103,2025-05-17
L0103,2025-05-18
L0103,2025-05-19
L0103,2025-05-20
L0103,2025-05-21
L0103,2025-05-22
L0103,2025-05-23
L0103,2025-05-24
L0103,2025-05-25
L0103,2025-05-26
L0103,2025-05-27
L0103,2025-05-28
L0103,2025-05-29
L0103,2025-05-30
L0103,2025-05-31
L0103,2025-06-01
L0103,2025-06-02
L0103,2025-06-03
L0103,2025-06-04
L0103,2025-06-05
L0103,2025-06-06
L0103,2025-06-07
L0103,2025-06-08
L0103,2025-06-09
L0103,2025-06-10
L0103,2025-06-11
L0103,2025-06-12
L0103,2025-06-13
L0103,2025-06-14
L0103,2025-06-15
L0103,2025-06-16
L0103,2025-06-17
L0103,2025-06-18
L0103,2025-06-19
L0103,2025-06-20
L0103,2025-06-21
L0103,2025-06-22
L0103,2025-06-23
L0103,2025-06-24
L0103,2025-06-25
L0103,2025-06-26
L0103,2025-06-27
L0103,2025-06-28
L0103,2025-06-29
L0104,2025-01-01
L0104,2025-01-02
L0104,2025-01-03
L0104,2025-01-04
L0104,2025-01-05
L0104,2025-01-06
L0104,2025-01-07
L0104,2025-01-08
L0104,2025-01-09
L0104,2025-01-10
L0104,2025-01-11
L0104,2025-01-12
L0104,2025-01-13
L0104,2025-01-14
L0104,2025-01-15
L0104,2025-01-16
L0104,2025-01-17
L0104,2025-01-18
L0104,2025-01-19
L0104,2025-01-20
L0104,2025-01-21
L0104,2025-01-22
L0104,2025-01-23
L0104,2025-01-24
L0104,2025-01-25
L0104,2025-01-26
L0104,2025-01-27
L0104,2025-01-28
L0104,2025-01-29
L0104,2025-01-30
L0104,2025-01-31
L0104,2025-02-01
L0104,2025-02-02
L0104,2025-02-03
L0104,2025-02-04
L0104,2025-02-05
L0104,2025-02-06
L0104,2025-02-07
L0104,2025-02-08
L0104,2025-02-09
L0104,2025-02-10
L0104,2025-02-11
L0104,2025-02-12
L0104,2025-02-13
L0104,2025-02-14
L0104,2025-02-15
L0104,2025-02-16
L0104,2025-02-17
L0104,2025-02-18
L0104,2025-02-19
L0104,2025-02-20
L0104,2025-02-21
L0104,2025-02-22
L0104,2025-02-23
L0104,2025-02-24
L0104,2025-02-25
L0104,2025-02-26
L0104,2025-02-27
L0104,2025-02-28
L0104,2025-03-01
L0104,2025-03-02
L0104,2025-03-03
L0104,2025-03-04
L0104,2025-03-05
L0104,2025-03-06
L0104,2025-03-07
L0104,2025-03-08
L0104,2025-03-09
L0104,2025-03-10
L0104,2025-03-11
L0104,2025-03-12
L0104,2025-03-13
L0104,2025-03-14
L0104,2025-03-15
L0104,2025-03-16
L0104,2025-03-17
L0104,2025-03-18
L0104,2025-03-19
L0104,2025-03-20
L0104,2025-03-21
L0104,2025-03-22
L0104,2025-03-23
L0104,2025-03-24
L0104,2025-03-25
L0104,2025-03-26
L0104,2025-03-27
L0104,2025-03-28
L0104,2025-03-29
L0104,2025-03-30
L0104,2025-03-31
L0104,2025-04-01
L0104,2025-04-02
L0104,2025-04-03
L0104,2025-04-04
L0104,2025-04-05
L0104,2025-04-06
L0104,2025-04-07
L0104,2025-04-08
L0104,2025-04-09
L0104,2025-04-10
L0104,2025-04-11
L0104,2025-04-12
L0104,2025-04-13
L0104,2025-04-14
L0104,2025-04-15
L0104,2025-04-16
L0104,2025-04-17
L0104,2025-04-18
L0104,2025-04-19
L0104,2025-04-20
L0104,2025-04-21
L0104,2025-04-22
L0104,2025-04-23
L0104,2025-04-24
L0104,2025-04-25
L0104,2025-04-26
L0104,2025-04-27
L0104,2025-04-28
L0104,2025-04-29
L0104,2025-04-30
L0104,2025-05-01
L0104,2025-05-02
L0104,2025-05-03
L0104,2025-05-04
L0104,2025-05-05
L0104,2025-05-06
L0104,2025-05-07
L0104,2025-05-08
L0104,2025-05-09
L0104,2025-05-10
L0104,2025-05-11
L0104,2025-05-12
L0104,2025-05-13
L0104,2025-05-14
L0104,2025-05-15
L0104,2025-05-16
L0104,2025-05-17
L0104,2025-05-18
L0104,2025-05-19
L0104,2025-05-20
L0104,2025-05-21
L0104,2025-05-22
L0104,2025-05-23
L0104,2025-05-24
L0104,2025-05-25
L0104,2025-05-26
L0104,2025-05-27
L0104,2025-05-28
L0104,2025-05-29
L0104,2025-05-30
L0104,2025-05-31
L0104,2025-06-01
L0104,2025-06-02
L0104,2025-06-03
L0104,2025-06-04
L0104,2025-06-05
L0104,2025-06-06
L0104,2025-06-07
L0104,2025-06-08
L0104,2025-06-09
L0104,2025-06-10
L0104,2025-06-11
L0104,2025-06-12
L0104,2025-06-13
L0104,2025-06-14
L0104,2025-06-15
L0104,2025-06-16
L0104,2025-06-17
L0104,2025-06-18
L0104,2025-06-19
L0104,2025-06-20
L0104,2025-06-21
L0104,2025-06-22
L0104,2025-06-23
L0104,2025-06-24
L0104,2025-06-25
L0104,2025-06-26
L0104,2025-06-27
L0104,2025-06-28
L0104,2025-06-29
L0105,2025-01-01
L0105,2025-01-02
L0105,2025-01-03
L0105,2025-01-04
L0105,2025-01-05
L0105,2025-01-06
L0105,2025-01-07
L0105,2025-01-08
L0105,2025-01-09
L0105,2025-01-10
L0105,2025-01-11
L0105,2025-01-12
L0105,2025-01-13
L0105,2025-01-14
L0105,2025-01-15
L0105,2025-01-16
L0105,2025-01-17
L0105,2025-01-18
L0105,2025-01-19
L0105,2025-01-20
L0105,2025-01-21
L0105,2025-01-22
L0105,2025-01-23
L0105,2025-01-24
L0105,2025-01-25
L0105,2025-01-26
L0105,2025-01-27
L0105,2025-01-28
L0105,2025-01-29
L0105,2025-01-30
L0105,2025-01-31
L0105,2025-02-01
L0105,2025-02-02
L0105,2025-02-03
L0105,2025-02-04
L0105,2025-02-05
L0105,2025-02-06
L0105,2025-02-07
L0105,2025-02-08
L0105,2025-02-09
L0105,2025-02-10
L0105,2025-02-11
L0105,2025-02-12
L0105,2025-02-13
L0105,2025-02-14
L0105,2025-02-15
L0105,2025-02-16
L0105,2025-02-17
L0105,2025-02-18
L0105,2025-02-19
L0105,2025-02-20
L0105,2025-02-21
L0105,2025-02-22
L0105,2025-02-23
L0105,2025-02-24
L0105,2025-02-25
L0105,2025-02-26
L0105,2025-02-27
L0105,2025-02-28
L0105,2025-03-01
L0105,2025-03-02
L0105,2025-03-03
L0105,2025-03-04
L0105,2025-03-05
L0105,2025-03-06
L0105,2025-03-07
L0105,2025-03-08
L0105,2025-03-09
L0105,2025-03-10
L0105,2025-03-11
L0105,2025-03-12
L0105,2025-03-13
L0105,2025-03-14
L0105,2025-03-15
L0105,2025-03-16
L0105,2025-03-17
L0105,2025-03-18
L0105,2025-03-19
L0105,2025-03-20
L0105,2025-03-21
L0105,2025-03-22
L0105,2025-03-23
L0105,2025-03-24
L0105,2025-03-25
L0105,2025-03-26
L0105,2025-03-27
L0105,2025-03-28
L0105,2025-03-29
L0105,2025-03-30
L0105,2025-03-31
L0105,2025-04-01
L0105,2025-04-02
L0105,2025-04-03
L0105,2025-04-04
L0105,2025-04-05
L0105,2025-04-06
L0105,2025-04-07
L0105,2025-04-08
L0105,2025-04-09
L0105,2025-04-10
L0105,2025-04-11
L0105,2025-04-12
L0105,2025-04-13
L0105,2025-04-14
L0105,2025-04-15
L0105,2025-04-16
L0105,2025-04-17
L0105,2025-04-18
L0105,2025-04-19
L0105,2025-04-20
L0105,2025-04-21
L0105,2025-04-22
L0105,2025-04-23
L0105,2025-04-24
L0105,2025-04-25
L0105,2025-04-26
L0105,2025-04-27
L0105,2025-04-28
L0105,2025-04-29
L0105,2025-04-30
L0105,2025-05-01
L0105,2025-05-02
L0105,2025-05-03
L0105,2025-05-04
L0105,2025-05-05
L0105,2025-05-06
L0105,2025-05-07
L0105,2025-05-08
L0105,2025-05-09
L0105,2025-05-10
L0105,2025-05-11
L0105,2025-05-12
L0105,2025-05-13
L0105,2025-05-14
L0105,2025-05-15
L0105,2025-05-16
L0105,2025-05-17
L0105,2025-05-18
L0105,2025-05-19
L0105,2025-05-20
L0105,2025-05-21
L0105,2025-05-22
L0105,2025-05-23
L0105,2025-05-24
L0105,2025-05-25
L0105,2025-05-26
L0105,2025-05-27
L0105,2025-05-28
L0105,2025-05-29
L0105,2025-05-30
L0105,2025-05-31
L0105,2025-06-01
L0105,2025-06-02
L0105,2025-06-03
L0105,2025-06-04
L0105,2025-06-05
L0105,2025-06-06
L0105,2025-06-07
L0105,2025-06-08
L0105,2025-06-09
L0105,2025-06-10
L0105,2025-06-11
L0105,2025-06-12
L0105,2025-06-13
L0105,2025-06-14
L0105,2025-06-15
L0105,2025-06-16
L0105,2025-06-17
L0105,2025-06-18
L0105,2025-06-19
L0105,2025-06-20
L0105,2025-06-21
L0105,2025-06-22
L0105,2025-06-23
L0105,2025-06-24
L0105,2025-06-25
L0105,2025-06-26
L0105,2025-06-27
L0105,2025-06-28
L0105,2025-06-29
L0106,2025-01-01
L0106,2025-01-02
L0106,2025-01-03
L0106,2025-01-04
L0106,2025-01-05
L0106,2025-01-06
L0106,2025-01-07
L0106,2025-01-08
L0106,2025-01-09
L0106,2025-01-10
L0106,2025-01-11
L0106,2025-01-12
L0106,2025-01-13
L0106,2025-01-14
L0106,2025-01-15
L0106,2025-01-16
L0106,2025-01-17
L0106,2025-01-18
L0106,2025-01-19
L0106,2025-01-20
L0106,2025-01-21
L0106,2025-01-22
L0106,2025-01-23
L0106,2025-01-24
L0106,2025-01-25
L0106,2025-01-26
L0106,2025-01-27
L0106,2025-01-28
L0106,2025-01-29
L0106,2025-01-30
L0106,2025-01-31
L0106,2025-02-01
L0106,2025-02-02
L0106,2025-02-03
L0106,2025-02-04
L0106,2025-02-05
L0106,2025-02-06
L0106,2025-02-07
L0106,2025-02-08
L0106,2025-02-09
L0106,2025-02-10
L0106,2025-02-11
L0106,2025-02-12
L0106,2025-02-13
L0106,2025-02-14
L0106,2025-02-15
L0106,2025-02-16
L0106,2025-02-17
L0106,2025-02-18
L0106,2025-02-19
L0106,2025-02-20
L0106,2025-02-21
L0106,2025-02-22
L0106,2025-02-23
L0106,2025-02-24
L0106,2025-02-25
L0106,2025-02-26
L0106,2025-02-27
L0106,2025-02-28
L0106,2025-03-01
L0106,2025-03-02
L0106,2025-03-03
L0106,2025-03-04
L0106,2025-03-05
L0106,2025-03-06
L0106,2025-03-07
L0106,2025-03-08
L0106,2025-03-09
L0106,2025-03-10
L0106,2025-03-11
L0106,2025-03-12
L0106,2025-03-13
L0106,2025-03-14
L0106,2025-03-15
L0106,2025-03-16
L0106,2025-03-17
L0106,2025-03-18
L0106,2025-03-19
L0106,2025-03-20
L0106,2025-03-21
L0106,2025-03-22
L0106,2025-03-23
L0106,2025-03-24
L0106,2025-03-25
L0106,2025-03-26
L0106,2025-03-27
L0106,2025-03-28
L0106,2025-03-29
L0106,2025-03-30
L0106,2025-03-31
L0106,2025-04-01
L0106,2025-04-02
L0106,2025-04-03
L0106,2025-04-04
L0106,2025-04-05
L0106,2025-04-06
L0106,2025-04-07
L0106,2025-04-08
L0106,2025-04-09
L0106,2025-04-10
L0106,2025-04-11
L0106,2025-04-12
L0106,2025-04-13
L0106,2025-04-14
L0106,2025-04-15
L0106,2025-04-16
L0106,2025-04-17
L0106,2025-04-18
L0106,2025-04-19
L0106,2025-04-20
L0106,2025-04-21
L0106,2025-04-22
L0106,2025-04-23
L0106,2025-04-24
L0106,2025-04-25
L0106,2025-04-26
L0106,2025-04-27
L0106,2025-04-28
L0106,2025-04-29
L0106,2025-04-30
L0106,2025-05-01
L0106,2025-05-02
L0106,2025-05-03
L0106,2025-05-04
L0106,2025-05-05
L0106,2025-05-06
L0106,2025-05-07
L0106,2025-05-08
L0106,2025-05-09
L0106,2025-05-10
L0106,2025-05-11
L0106,2025-05-12
L0106,2025-05-13
L0106,2025-05-14
L0106,2025-05-15
L0106,2025-05-16
L0106,2025-05-17
L0106,2025-05-18
L0106,2025-05-19
L0106,2025-05-20
L0106,2025-05-21
L0106,2025-05-22
L0106,2025-05-23
L0106,2025-05-24
L0106,2025-05-25
L0106,2025-05-26
L0106,2025-05-27
L0106,2025-05-28
L0106,2025-05-29
L0106,2025-05-30
L0106,2025-05-31
L0106,2025-06-01
L0106,2025-06-02
L0106,2025-06-03
L0106,2025-06-04
L0106,2025-06-05
L0106,2025-06-06
L0106,2025-06-07
L0106,2025-06-08
L0106,2025-06-09
L0106,2025-06-10
L0106,2025-06-11
L0106,2025-06-12
L0106,2025-06-13
L0106,2025-06-14
L0106,2025-06-15
L0106,2025-06-16
L0106,2025-06-17
L0106,2025-06-18
L0106,2025-06-19
L0106,2025-06-20
L0106,2025-06-21
L0106,2025-06-22
L0106,2025-06-23
L0106,2025-06-24
L0106,2025-06-25
L0106,2025-06-26
L0106,2025-06-27
L0106,2025-06-28
L0106,2025-06-29
L0107,2025-01-01
L0107,2025-01-02
L0107,2025-01-03
L0107,2025-01-04
L0107,2025-01-05
L0107,2025-01-06
L0107,2025-01-07
L0107,2025-01-08
L0107,2025-01-09
L0107,2025-01-10
L0107,2025-01-11
L0107,2025-01-12
L0107,2025-01-13
L0107,2025-01-14
L0107,2025-01-15
L0107,2025-01-16
L0107,2025-01-17
L0107,2025-01-18
L0107,2025-01-19
L0107,2025-01-20
L0107,2025-01-21
L0107,2025-01-22
L0107,2025-01-23
L0107,2025-01-24
L0107,2025-01-25
L0107,2025-01-26
L0107,2025-01-27
L0107,2025-01-28
L0107,2025-01-29
L0107,2025-01-30
L0107,2025-01-31
L0107,2025-02-01
L0107,2025-02-02
L0107,2025-02-03
L0107,2025-02-04
L0107,2025-02-05
L0107,2025-02-06
L0107,2025-02-07
L0107,2025-02-08
L0107,2025-02-09
L0107,2025-02-10
L0107,2025-02-11
L0107,2025-02-12
L0107,2025-02-13
L0107,2025-02-14
L0107,2025-02-15
L0107,2025-02-16
L0107,2025-02-17
L0107,2025-02-18
L0107,2025-02-19
L0107,2025-02-20
L0107,2025-02-21
L0107,2025-02-22
L0107,2025-02-23
L0107,2025-02-24
L0107,2025-02-25
L0107,2025-02-26
L0107,2025-02-27
L0107,2025-02-28
L0107,2025-03-01
L0107,2025-03-02
L0107,2025-03-03
L0107,2025-03-04
L0107,2025-03-05
L0107,2025-03-06
L0107,2025-03-07
L0107,2025-03-08
L0107,2025-03-09
L0107,2025-03-10
L0107,2025-03-11
L0107,2025-03-12
L0107,2025-03-13
L0107,2025-03-14
L0107,2025-03-15
L0107,2025-03-16
L0107,2025-03-17
L0107,2025-03-18
L0107,2025-03-19
L0107,2025-03-20
L0107,2025-03-21
L0107,2025-03-22
L0107,2025-03-23
L0107,2025-03-24
L0107,2025-03-25
L0107,2025-03-26
L0107,2025-03-27
L0107,2025-03-28
L0107,2025-03-29
L0107,2025-03-30
L0107,2025-03-31
L0107,2025-04-01
L0107,2025-04-02
L0107,2025-04-03
L0107,2025-04-04
L0107,2025-04-05
L0107,2025-04-06
L0107,2025-04-07
L0107,2025-04-08
L0107,2025-04-09
L0107,2025-04-10
L0107,2025-04-11
L0107,2025-04-12
L0107,2025-04-13
L0107,2025-04-14
L0107,2025-04-15
L0107,2025-04-16
L0107,2025-04-17
L0107,2025-04-18
L0107,2025-04-19
L0107,2025-04-20
L0107,2025-04-21
L0107,2025-04-22
L0107,2025-04-23
L0107,2025-04-24
L0107,2025-04-25
L0107,2025-04-26
L0107,2025-04-27
L0107,2025-04-28
L0107,2025-04-29
L0107,2025-04-30
L0107,2025-05-01
L0107,2025-05-02
L0107,2025-05-03
L0107,2025-05-04
L0107,2025-05-05
L0107,2025-05-06
L0107,2025-05-07
L0107,2025-05-08
L0107,2025-05-09
L0107,2025-05-10
L0107,2025-05-11
L0107,2025-05-12
L0107,2025-05-13
L0107,2025-05-14
L0107,2025-05-15
L0107,2025-05-16
L0107,2025-05-17
L0107,2025-05-18
L0107,2025-05-19
L0107,2025-05-20
L0107,2025-05-21
L0107,2025-05-22
L0107,2025-05-23
L0107,2025-05-24
L0107,2025-05-25
L0107,2025-05-26
L0107,2025-05-27
L0107,2025-05-28
L0107,2025-05-29
L0107,2025-05-30
L0107,2025-05-31
L0107,2025-06-01
L0107,2025-06-02
L0107,2025-06-03
L0107,2025-06-04
L0107,2025-06-05
L0107,2025-06-06
L0107,2025-06-07
L0107,2025-06-08
L0107,2025-06-09
L0107,2025-06-10
L0107,2025-06-11
L0107,2025-06-12
L0107,2025-06-13
L0107,2025-06-14
L0107,2025-06-15
L0107,2025-06-16
L0107,2025-06-17
L0107,2025-06-18
L0107,2025-06-19
L0107,2025-06-20
L0107,2025-06-21
L0107,2025-06-22
L0107,2025-06-23
L0107,2025-06-24
L0107,2025-06-25
L0107,2025-06-26
L0107,2025-06-27
L0107,2025-06-28
L0107,2025-06-29
L0108,2025-01-01
L0108,2025-01-02
L0108,2025-01-03
L0108,2025-01-04
L0108,2025-01-05
L0108,2025-01-06
L0108,2025-01-07
L0108,2025-01-08
L0108,2025-01-09
L0108,2025-01-10
L0108,2025-01-11
L0108,2025-01-12
L0108,2025-01-13
L0108,2025-01-14
L0108,2025-01-15
L0108,2025-01-16
L0108,2025-01-17
L0108,2025-01-18
L0108,2025-01-19
L0108,2025-01-20
L0108,2025-01-21
L0108,2025-01-22
L0108,2025-01-23
L0108,2025-01-24
L0108,2025-01-25
L0108,2025-01-26
L0108,2025-01-27
L0108,2025-01-28
L0108,2025-01-29
L0108,2025-01-30
L0108,2025-01-31
L0108,2025-02-01
L0108,2025-02-02
L0108,2025-02-03
L0108,2025-02-04
L0108,2025-02-05
L0108,2025-02-06
L0108,2025-02-07
L0108,2025-02-08
L0108,2025-02-09
L0108,2025-02-10
L0108,2025-02-11
L0108,2025-02-12
L0108,2025-02-13
L0108,2025-02-14
L0108,2025-02-15
L0108,2025-02-16
L0108,2025-02-17
L0108,2025-02-18
L0108,2025-02-19
L0108,2025-02-20
L0108,2025-02-21
L0108,2025-02-22
L0108,2025-02-23
L0108,2025-02-24
L0108,2025-02-25
L0108,2025-02-26
L0108,2025-02-27
L0108,2025-02-28
L0108,2025-03-01
L0108,2025-03-02
L0108,2025-03-03
L0108,2025-03-04
L0108,2025-03-05
L0108,2025-03-06
L0108,2025-03-07
L0108,2025-03-08
L0108,2025-03-09
L0108,2025-03-10
L0108,2025-03-11
L0108,2025-03-12
L0108,2025-03-13
L0108,2025-03-14
L0108,2025-03-15
L0108,2025-03-16
L0108,2025-03-17
L0108,2025-03-18
L0108,2025-03-19
L0108,2025-03-20
L0108,2025-03-21
L0108,2025-03-22
L0108,2025-03-23
L0108,2025-03-24
L0108,2025-03-25
L0108,2025-03-26
L0108,2025-03-27
L0108,2025-03-28
L0108,2025-03-29
L0108,2025-03-30
L0108,2025-03-31
L0108,2025-04-01
L0108,2025-04-02
L0108,2025-04-03
L0108,2025-04-04
L0108,2025-04-05
L0108,2025-04-06
L0108,2025-04-07
L0108,2025-04-08
L0108,2025-04-09
L0108,2025-04-10
L0108,2025-04-11
L0108,2025-04-12
L0108,2025-04-13
L0108,2025-04-14
L0108,2025-04-15
L0108,2025-04-16
L0108,2025-04-17
L0108,2025-04-18
L0108,2025-04-19
L0108,2025-04-20
L0108,2025-04-21
L0108,2025-04-22
L0108,2025-04-23
L0108,2025-04-24
L0108,2025-04-25
L0108,2025-04-26
L0108,2025-04-27
L0108,2025-04-28
L0108,2025-04-29
L0108,2025-04-30
L0108,2025-05-01
L0108,2025-05-02
L0108,2025-05-03
L0108,2025-05-04
L0108,2025-05-05
L0108,2025-05-06
L0108,2025-05-07
L0108,2025-05-08
L0108,2025-05-09
L0108,2025-05-10
L0108,2025-05-11
L0108,2025-05-12
L0108,2025-05-13
L0108,2025-05-14
L0108,2025-05-15
L0108,2025-05-16
L0108,2025-05-17
L0108,2025-05-18
L0108,2025-05-19
L0108,2025-05-20
L0108,2025-05-21
L0108,2025-05-22
L0108,2025-05-23
L0108,2025-05-24
L0108,2025-05-25
L0108,2025-05-26
L0108,2025-05-27
L0108,2025-05-28
L0108,2025-05-29
L0108,2025-05-30
L0108,2025-05-31
L0108,2025-06-01
L0108,2025-06-02
L0108,2025-06-03
L0108,2025-06-04
L0108,2025-06-05
L0108,2025-06-06
L0108,2025-06-07
L0108,2025-06-08
L0108,2025-06-09
L0108,2025-06-10
L0108,2025-06-11
L0108,2025-06-12
L0108,2025-06-13
L0108,2025-06-14
L0108,2025-06-15
L0108,2025-06-16
L0108,2025-06-17
L0108,2025-06-18
L0108,2025-06-19
L0108,2025-06-20
L0108,2025-06-21
L0108,2025-06-22
L0108,2025-06-23
L0108,2025-06-24
L0108,2025-06-25
L0108,2025-06-26
L0108,2025-06-27
L0108,2025-06-28
L0108,2025-06-29
L0109,2025-01-01
L0109,2025-01-02
L0109,2025-01-03
L0109,2025-01-04
L0109,2025-01-05
L0109,2025-01-06
L0109,2025-01-07
L0109,2025-01-08
L0109,2025-01-09
L0109,2025-01-10
L0109,2025-01-11
L0109,2025-01-12
L0109,2025-01-13
L0109,2025-01-14
L0109,2025-01-15
L0109,2025-01-16
L0109,2025-01-17
L0109,2025-01-18
L0109,2025-01-19
L0109,2025-01-20
L0109,2025-01-21
L0109,2025-01-22
L0109,2025-01-23
L0109,2025-01-24
L0109,2025-01-25
L0109,2025-01-26
L0109,2025-01-27
L0109,2025-01-28
L0109,2025-01-29
L0109,2025-01-30
L0109,2025-01-31
L0109,2025-02-01
L0109,2025-02-02
L0109,2025-02-03
L0109,2025-02-04
L0109,2025-02-05
L0109,2025-02-06
L0109,2025-02-07
L0109,2025-02-08
L0109,2025-02-09
L0109,2025-02-10
L0109,2025-02-11
L0109,2025-02-12
L0109,2025-02-13
L0109,2025-02-14
L0109,2025-02-15
L0109,2025-02-16
L0109,2025-02-17
L0109,2025-02-18
L0109,2025-02-19
L0109,2025-02-20
L0109,2025-02-21
L0109,2025-02-22
L0109,2025-02-23
L0109,2025-02-24
L0109,2025-02-25
L0109,2025-02-26
L0109,2025-02-27
L0109,2025-02-28
L0109,2025-03-01
L0109,2025-03-02
L0109,2025-03-03
L0109,2025-03-04
L0109,2025-03-05
L0109,2025-03-06
L0109,2025-03-07
L0109,2025-03-08
L0109,2025-03-09
L0109,2025-03-10
L0109,2025-03-11
L0109,2025-03-12
L0109,2025-03-13
L0109,2025-03-14
L0109,2025-03-15
L0109,2025-03-16
L0109,2025-03-17
L0109,2025-03-18
L0109,2025-03-19
L0109,2025-03-20
L0109,2025-03-21
L0109,2025-03-22
L0109,2025-03-23
L0109,2025-03-24
L0109,2025-03-25
L0109,2025-03-26
L0109,2025-03-27
L0109,2025-03-28
L0109,2025-03-29
L0109,2025-03-30
L0109,2025-03-31
L0109,2025-04-01
L0109,2025-04-02
L0109,2025-04-03
L0109,2025-04-04
L0109,2025-04-05
L0109,2025-04-06
L0109,2025-04-07
L0109,2025-04-08
L0109,2025-04-09
L0109,2025-04-10
L0109,2025-04-11
L0109,2025-04-12
L0109,2025-04-13
L0109,2025-04-14
L0109,2025-04-15
L0109,2025-04-16
L0109,2025-04-17
L0109,2025-04-18
L0109,2025-04-19
L0109,2025-04-20
L0109,2025-04-21
L0109,2025-04-22
L0109,2025-04-23
L0109,2025-04-24
L0109,2025-04-25
L0109,2025-04-26
L0109,2025-04-27
L0109,2025-04-28
L0109,2025-04-29
L0109,2025-04-30
L0109,2025-05-01
L0109,2025-05-02
L0109,2025-05-03
L0109,2025-05-04
L0109,2025-05-05
L0109,2025-05-06
L0109,2025-05-07
L0109,2025-05-08
L0109,2025-05-09
L0109,2025-05-10
L0109,2025-05-11
L0109,2025-05-12
L0109,2025-05-13
L0109,2025-05-14
L0109,2025-05-15
L0109,2025-05-16
L0109,2025-05-17
L0109,2025-05-18
L0109,2025-05-19
L0109,2025-05-20
L0109,2025-05-21
L0109,2025-05-22
L0109,2025-05-23
L0109,2025-05-24
L0109,2025-05-25
L0109,2025-05-26
L0109,2025-05-27
L0109,2025-05-28
L0109,2025-05-29
L0109,2025-05-30
L0109,2025-05-31
L0109,2025-06-01
L0109,2025-06-02
L0109,2025-06-03
L0109,2025-06-04
L0109,2025-06-05
L0109,2025-06-06
L0109,2025-06-07
L0109,2025-06-08
L0109,2025-06-09
L0109,2025-06-10
L0109,2025-06-11
L0109,2025-06-12
L0109,2025-06-13
L0109,2025-06-14
L0109,2025-06-15
L0109,2025-06-16
L0109,2025-06-17
L0109,2025-06-18
L0109,2025-06-19
L0109,2025-06-20
L0109,2025-06-21
L0109,2025-06-22
L0109,2025-06-23
L0109,2025-06-24
L0109,2025-06-25
L0109,2025-06-26
L0109,2025-06-27
L0109,2025-06-28
L0109,2025-06-29
L0110,2025-01-01
L0110,2025-01-02
L0110,2025-01-03
L0110,2025-01-04
L0110,2025-01-05
L0110,2025-01-06
L0110,2025-01-07
L0110,2025-01-08
L0110,2025-01-09
L0110,2025-01-10
L0110,2025-01-11
L0110,2025-01-12
L0110,2025-01-13
L0110,2025-01-14
L0110,2025-01-15
L0110,2025-01-16
L0110,2025-01-17
L0110,2025-01-18
L0110,2025-01-19
L0110,2025-01-20
L0110,2025-01-21
L0110,2025-01-22
L0110,2025-01-23
L0110,2025-01-24
L0110,2025-01-25
L0110,2025-01-26
L0110,2025-01-27
L0110,2025-01-28
L0110,2025-01-29
L0110,2025-01-30
L0110,2025-01-31
L0110,2025-02-01
L0110,2025-02-02
L0110,2025-02-03
L0110,2025-02-04
L0110,2025-02-05
L0110,2025-02-06
L0110,2025-02-07
L0110,2025-02-08
L0110,2025-02-09
L0110,2025-02-10
L0110,2025-02-11
L0110,2025-02-12
L0110,2025-02-13
L0110,2025-02-14
L0110,2025-02-15
L0110,2025-02-16
L0110,2025-02-17
L0110,2025-02-18
L0110,2025-02-19
L0110,2025-02-20
L0110,2025-02-21
L0110,2025-02-22
L0110,2025-02-23
L0110,2025-02-24
L0110,2025-02-25
L0110,2025-02-26
L0110,2025-02-27
L0110,2025-02-28
L0110,2025-03-01
L0110,2025-03-02
L0110,2025-03-03
L0110,2025-03-04
L0110,2025-03-05
L0110,2025-03-06
L0110,2025-03-07
L0110,2025-03-08
L0110,2025-03-09
L0110,2025-03-10
L0110,2025-03-11
L0110,2025-03-12
L0110,2025-03-13
L0110,2025-03-14
L0110,2025-03-15
L0110,2025-03-16
L0110,2025-03-17
L0110,2025-03-18
L0110,2025-03-19
L0110,2025-03-20
L0110,2025-03-21
L0110,2025-03-22
L0110,2025-03-23
L0110,2025-03-24
L0110,2025-03-25
L0110,2025-03-26
L0110,2025-03-27
L0110,2025-03-28
L0110,2025-03-29
L0110,2025-03-30
L0110,2025-03-31
L0110,2025-04-01
L0110,2025-04-02
L0110,2025-04-03
L0110,2025-04-04
L0110,2025-04-05
L0110,2025-04-06
L0110,2025-04-07
L0110,2025-04-08
L0110,2025-04-09
L0110,2025-04-10
L0110,2025-04-11
L0110,2025-04-12
L0110,2025-04-13
L0110,2025-04-14
L0110,2025-04-15
L0110,2025-04-16
L0110,2025-04-17
L0110,2025-04-18
L0110,2025-04-19
L0110,2025-04-20
L0110,2025-04-21
L0110,2025-04-22
L0110,2025-04-23
L0110,2025-04-24
L0110,2025-04-25
L0110,2025-04-26
L0110,2025-04-27
L0110,2025-04-28
L0110,2025-04-29
L0110,2025-04-30
L0110,2025-05-01
L0110,2025-05-02
L0110,2025-05-03
L0110,2025-05-04
L0110,2025-05-05
L0110,2025-05-06
L0110,2025-05-07
L0110,2025-05-08
L0110,2025-05-09
L0110,2025-05-10
L0110,2025-05-11
L0110,2025-05-12
L0110,2025-05-13
L0110,2025-05-14
L0110,2025-05-15
L0110,2025-05-16
L0110,2025-05-17
L0110,2025-05-18
L0110,2025-05-19
L0110,2025-05-20
L0110,2025-05-21
L0110,2025-05-22
L0110,2025-05-23
L0110,2025-05-24
L0110,2025-05-25
L0110,2025-05-26
L0110,2025-05-27
L0110,2025-05-28
L0110,2025-05-29
L0110,2025-05-30
L0110,2025-05-31
L0110,2025-06-01
L0110,2025-06-02
L0110,2025-06-03
L0110,2025-06-04
L0110,2025-06-05
L0110,2025-06-06
L0110,2025-06-07
L0110,2025-06-08
L0110,2025-06-09
L0110,2025-06-10
L0110,2025-06-11
L0110,2025-06-12
L0110,2025-06-13
L0110,2025-06-14
L0110,2025-06-15
L0110,2025-06-16
L0110,2025-06-17
L0110,2025-06-18
L0110,2025-06-19
L0110,2025-06-20
L0110,2025-06-21
L0110,2025-06-22
L0110,2025-06-23
L0110,2025-06-24
L0110,2025-06-25
L0110,2025-06-26
L0110,2025-06-27
L0110,2025-06-28
L0110,2025-06-29
L0111,2025-01-01
L0111,2025-01-02
L0111,2025-01-03
L0111,2025-01-04
L0111,2025-01-05
L0111,2025-01-06
L0111,2025-01-07
L0111,2025-01-08
L0111,2025-01-09
L0111,2025-01-10
L0111,2025-01-11
L0111,2025-01-12
L0111,2025-01-13
L0111,2025-01-14
L0111,2025-01-15
L0111,2025-01-16
L0111,2025-01-17
L0111,2025-01-18
L0111,2025-01-19
L0111,2025-01-20
L0111,2025-01-21
L0111,2025-01-22
L0111,2025-01-23
L0111,2025-01-24
L0111,2025-01-25
L0111,2025-01-26
L0111,2025-01-27
L0111,2025-01-28
L0111,2025-01-29
L0111,2025-01-30
L0111,2025-01-31
L0111,2025-02-01
L0111,2025-02-02
L0111,2025-02-03
L0111,2025-02-04
L0111,2025-02-05
L0111,2025-02-06
L0111,2025-02-07
L0111,2025-02-08
L0111,2025-02-09
L0111,2025-02-10
L0111,2025-02-11
L0111,2025-02-12
L0111,2025-02-13
L0111,2025-02-14
L0111,2025-02-15
L0111,2025-02-16
L0111,2025-02-17
L0111,2025-02-18
L0111,2025-02-19
L0111,2025-02-20
L0111,2025-02-21
L0111,2025-02-22
L0111,2025-02-23
L0111,2025-02-24
L0111,2025-02-25
L0111,2025-02-26
L0111,2025-02-27
L0111,2025-02-28
L0111,2025-03-01
L0111,2025-03-02
L0111,2025-03-03
L0111,2025-03-04
L0111,2025-03-05
L0111,2025-03-06
L0111,2025-03-07
L0111,2025-03-08
L0111,2025-03-09
L0111,2025-03-10
L0111,2025-03-11
L0111,2025-03-12
L0111,2025-03-13
L0111,2025-03-14
L0111,2025-03-15
L0111,2025-03-16
L0111,2025-03-17
L0111,2025-03-18
L0111,2025-03-19
L0111,2025-03-20
L0111,2025-03-21
L0111,2025-03-22
L0111,2025-03-23
L0111,2025-03-24
L0111,2025-03-25
L0111,2025-03-26
L0111,2025-03-27
L0111,2025-03-28
L0111,2025-03-29
L0111,2025-03-30
L0111,2025-03-31
L0111,2025-04-01
L0111,2025-04-02
L0111,2025-04-03
L0111,2025-04-04
L0111,2025-04-05
L0111,2025-04-06
L0111,2025-04-07
L0111,2025-04-08
L0111,2025-04-09
L0111,2025-04-10
L0111,2025-04-11
L0111,2025-04-12
L0111,2025-04-13
L0111,2025-04-14
L0111,2025-04-15
L0111,2025-04-16
L0111,2025-04-17
L0111,2025-04-18
L0111,2025-04-19
L0111,2025-04-20
L0111,2025-04-21
L0111,2025-04-22
L0111,2025-04-23
L0111,2025-04-24
L0111,2025-04-25
L0111,2025-04-26
L0111,2025-04-27
L0111,2025-04-28
L0111,2025-04-29
L0111,2025-04-30
L0111,2025-05-01
L0111,2025-05-02
L0111,2025-05-03
L0111,2025-05-04
L0111,2025-05-05
L0111,2025-05-06
L0111,2025-05-07
L0111,2025-05-08
L0111,2025-05-09
L0111,2025-05-10
L0111,2025-05-11
L0111,2025-05-12
L0111,2025-05-13
L0111,2025-05-14
L0111,2025-05-15
L0111,2025-05-16
L0111,2025-05-17
L0111,2025-05-18
L0111,2025-05-19
L0111,2025-05-20
L0111,2025-05-21
L0111,2025-05-22
L0111,2025-05-23
L0111,2025-05-24
L0111,2025-05-25
L0111,2025-05-26
L0111,2025-05-27
L0111,2025-05-28
L0111,2025-05-29
L0111,2025-05-30
L0111,2025-05-31
L0111,2025-06-01
L0111,2025-06-02
L0111,2025-06-03
L0111,2025-06-04
L0111,2025-06-05
L0111,2025-06-06
L0111,2025-06-07
L0111,2025-06-08
L0111,2025-06-09
L0111,2025-06-10
L0111,2025-06-11
L0111,2025-06-12
L0111,2025-06-13
L0111,2025-06-14
L0111,2025-06-15
L0111,2025-06-16
L0111,2025-06-17
L0111,2025-06-18
L0111,2025-06-19
L0111,2025-06-20
L0111,2025-06-21
L0111,2025-06-22
L0111,2025-06-23
L0111,2025-06-24
L0111,2025-06-25
L0111,2025-06-26
L0111,2025-06-27
L0111,2025-06-28
L0111,2025-06-29
L0112,2025-01-01
L0112,2025-01-02
L0112,2025-01-03
L0112,2025-01-04
L0112,2025-01-05
L0112,2025-01-06
L0112,2025-01-07
L0112,2025-01-08
L0112,2025-01-09
L0112,2025-01-10
L0112,2025-01-11
L0112,2025-01-12
L0112,2025-01-13
L0112,2025-01-14
L0112,2025-01-15
L0112,2025-01-16
L0112,2025-01-17
L0112,2025-01-18
L0112,2025-01-19
L0112,2025-01-20
L0112,2025-01-21
L0112,2025-01-22
L0112,2025-01-23
L0112,2025-01-24
L0112,2025-01-25
L0112,2025-01-26
L0112,2025-01-27
L0112,2025-01-28
L0112,2025-01-29
L0112,2025-01-30
L0112,2025-01-31
L0112,2025-02-01
L0112,2025-02-02
L0112,2025-02-03
L0112,2025-02-04
L0112,2025-02-05
L0112,2025-02-06
L0112,2025-02-07
L0112,2025-02-08
L0112,2025-02-09
L0112,2025-02-10
L0112,2025-02-11
L0112,2025-02-12
L0112,2025-02-13
L0112,2025-02-14
L0112,2025-02-15
L0112,2025-02-16
L0112,2025-02-17
L0112,2025-02-18
L0112,2025-02-19
L0112,2025-02-20
L0112,2025-02-21
L0112,2025-02-22
L0112,2025-02-23
L0112,2025-02-24
L0112,2025-02-25
L0112,2025-02-26
L0112,2025-02-27
L0112,2025-02-28
L0112,2025-03-01
L0112,2025-03-02
L0112,2025-03-03
L0112,2025-03-04
L0112,2025-03-05
L0112,2025-03-06
L0112,2025-03-07
L0112,2025-03-08
L0112,2025-03-09
L0112,2025-03-10
L0112,2025-03-11
L0112,2025-03-12
L0112,2025-03-13
L0112,2025-03-14
L0112,2025-03-15
L0112,2025-03-16
L0112,2025-03-17
L0112,2025-03-18
L0112,2025-03-19
L0112,2025-03-20
L0112,2025-03-21
L0112,2025-03-22
L0112,2025-03-23
L0112,2025-03-24
L0112,2025-03-25
L0112,2025-03-26
L0112,2025-03-27
L0112,2025-03-28
L0112,2025-03-29
L0112,2025-03-30
L0112,2025-03-31
L0112,2025-04-01
L0112,2025-04-02
L0112,2025-04-03
L0112,2025-04-04
L0112,2025-04-05
L0112,2025-04-06
L0112,2025-04-07
L0112,2025-04-08
L0112,2025-04-09
L0112,2025-04-10
L0112,2025-04-11
L0112,2025-04-12
L0112,2025-04-13
L0112,2025-04-14
L0112,2025-04-15
L0112,2025-04-16
L0112,2025-04-17
L0112,2025-04-18
L0112,2025-04-19
L0112,2025-04-20
L0112,2025-04-21
L0112,2025-04-22
L0112,2025-04-23
L0112,2025-04-24
L0112,2025-04-25
L0112,2025-04-26
L0112,2025-04-27
L0112,2025-04-28
L0112,2025-04-29
L0112,2025-04-30
L0112,2025-05-01
L0112,2025-05-02
L0112,2025-05-03
L0112,2025-05-04
L0112,2025-05-05
L0112,2025-05-06
L0112,2025-05-07
L0112,2025-05-08
L0112,2025-05-09
L0112,2025-05-10
L0112,2025-05-11
L0112,2025-05-12
L0112,2025-05-13
L0112,2025-05-14
L0112,2025-05-15
L0112,2025-05-16
L0112,2025-05-17
L0112,2025-05-18
L0112,2025-05-19
L0112,2025-05-20
L0112,2025-05-21
L0112,2025-05-22
L0112,2025-05-23
L0112,2025-05-24
L0112,2025-05-25
L0112,2025-05-26
L0112,2025-05-27
L0112,2025-05-28
L0112,2025-05-29
L0112,2025-05-30
L0112,2025-05-31
L0112,2025-06-01
L0112,2025-06-02
L0112,2025-06-03
L0112,2025-06-04
L0112,2025-06-05
L0112,2025-06-06
L0112,2025-06-07
L0112,2025-06-08
L0112,2025-06-09
L0112,2025-06-10
L0112,2025-06-11
L0112,2025-06-12
L0112,2025-06-13
L0112,2025-06-14
L0112,2025-06-15
L0112,2025-06-16
L0112,2025-06-17
L0112,2025-06-18
L0112,2025-06-19
L0112,2025-06-20
L0112,2025-06-21
L0112,2025-06-22
L0112,2025-06-23
L0112,2025-06-24
L0112,2025-06-25
L0112,2025-06-26
L0112,2025-06-27
L0112,2025-06-28
L0112,2025-06-29
L0113,2025-01-01
L0113,2025-01-02
L0113,2025-01-03
L0113,2025-01-04
L0113,2025-01-05
L0113,2025-01-06
L0113,2025-01-07
L0113,2025-01-08
L0113,2025-01-09
L0113,2025-01-10
L0113,2025-01-11
L0113,2025-01-12
L0113,2025-01-13
L0113,2025-01-14
L0113,2025-01-15
L0113,2025-01-16
L0113,2025-01-17
L0113,2025-01-18
L0113,2025-01-19
L0113,2025-01-20
L0113,2025-01-21
L0113,2025-01-22
L0113,2025-01-23
L0113,2025-01-24
L0113,2025-01-25
L0113,2025-01-26
L0113,2025-01-27
L0113,2025-01-28
L0113,2025-01-29
L0113,2025-01-30
L0113,2025-01-31
L0113,2025-02-01
L0113,2025-02-02
L0113,2025-02-03
L0113,2025-02-04
L0113,2025-02-05
L0113,2025-02-06
L0113,2025-02-07
L0113,2025-02-08
L0113,2025-02-09
L0113,2025-02-10
L0113,2025-02-11
L0113,2025-02-12
L0113,2025-02-13
L0113,2025-02-14
L0113,2025-02-15
L0113,2025-02-16
L0113,2025-02-17
L0113,2025-02-18
L0113,2025-02-19
L0113,2025-02-20
L0113,2025-02-21
L0113,2025-02-22
L0113,2025-02-23
L0113,2025-02-24
L0113,2025-02-25
L0113,2025-02-26
L0113,2025-02-27
L0113,2025-02-28
L0113,2025-03-01
L0113,2025-03-02
L0113,2025-03-03
L0113,2025-03-04
L0113,2025-03-05
L0113,2025-03-06
L0113,2025-03-07
L0113,2025-03-08
L0113,2025-03-09
L0113,2025-03-10
L0113,2025-03-11
L0113,2025-03-12
L0113,2025-03-13
L0113,2025-03-14
L0113,2025-03-15
L0113,2025-03-16
L0113,2025-03-17
L0113,2025-03-18
L0113,2025-03-19
L0113,2025-03-20
L0113,2025-03-21
L0113,2025-03-22
L0113,2025-03-23
L0113,2025-03-24
L0113,2025-03-25
L0113,2025-03-26
L0113,2025-03-27
L0113,2025-03-28
L0113,2025-03-29
L0113,2025-03-30
L0113,2025-03-31
L0113,2025-04-01
L0113,2025-04-02
L0113,2025-04-03
L0113,2025-04-04
L0113,2025-04-05
L0113,2025-04-06
L0113,2025-04-07
L0113,2025-04-08
L0113,2025-04-09
L0113,2025-04-10
L0113,2025-04-11
L0113,2025-04-12
L0113,2025-04-13
L0113,2025-04-14
L0113,2025-04-15
L0113,2025-04-16
L0113,2025-04-17
L0113,2025-04-18
L0113,2025-04-19
L0113,2025-04-20
L0113,2025-04-21
L0113,2025-04-22
L0113,2025-04-23
L0113,2025-04-24
L0113,2025-04-25
L0113,2025-04-26
L0113,2025-04-27
L0113,2025-04-28
L0113,2025-04-29
L0113,2025-04-30
L0113,2025-05-01
L0113,2025-05-02
L0113,2025-05-03
L0113,2025-05-04
L0113,2025-05-05
L0113,2025-05-06
L0113,2025-05-07
L0113,2025-05-08
L0113,2025-05-09
L0113,2025-05-10
L0113,2025-05-11
L0113,2025-05-12
L0113,2025-05-13
L0113,2025-05-14
L0113,2025-05-15
L0113,2025-05-16
L0113,2025-05-17
L0113,2025-05-18
L0113,2025-05-19
L0113,2025-05-20
L0113,2025-05-21
L0113,2025-05-22
L0113,2025-05-23
L0113,2025-05-24
L0113,2025-05-25
L0113,2025-05-26
L0113,2025-05-27
L0113,2025-05-28
L0113,2025-05-29
L0113,2025-05-30
L0113,2025-05-31
L0113,2025-06-01
L0113,2025-06-02
L0113,2025-06-03
L0113,2025-06-04
L0113,2025-06-05
L0113,2025-06-06
L0113,2025-06-07
L0113,2025-06-08
L0113,2025-06-09
L0113,2025-06-10
L0113,2025-06-11
L0113,2025-06-12
L0113,2025-06-13
L0113,2025-06-14
L0113,2025-06-15
L0113,2025-06-16
L0113,2025-06-17
L0113,2025-06-18
L0113,2025-06-19
L0113,2025-06-20
L0113,2025-06-21
L0113,2025-06-22
L0113,2025-06-23
L0113,2025-06-24
L0113,2025-06-25
L0113,2025-06-26
L0113,2025-06-27
L0113,2025-06-28
L0113,2025-06-29
L0114,2025-01-01
L0114,2025-01-02
L0114,2025-01-03
L0114,2025-01-04
L0114,2025-01-05
L0114,2025-01-06
L0114,2025-01-07
L0114,2025-01-08
L0114,2025-01-09
L0114,2025-01-10
L0114,2025-01-11
L0114,2025-01-12
L0114,2025-01-13
L0114,2025-01-14
L0114,2025-01-15
L0114,2025-01-16
L0114,2025-01-17
L0114,2025-01-18
L0114,2025-01-19
L0114,2025-01-20
L0114,2025-01-21
L0114,2025-01-22
L0114,2025-01-23
L0114,2025-01-24
L0114,2025-01-25
L0114,2025-01-26
L0114,2025-01-27
L0114,2025-01-28
L0114,2025-01-29
L0114,2025-01-30
L0114,2025-01-31
L0114,2025-02-01
L0114,2025-02-02
L0114,2025-02-03
L0114,2025-02-04
L0114,2025-02-05
L0114,2025-02-06
L0114,2025-02-07
L0114,2025-02-08
L0114,2025-02-09
L0114,2025-02-10
L0114,2025-02-11
L0114,2025-02-12
L0114,2025-02-13
L0114,2025-02-14
L0114,2025-02-15
L0114,2025-02-16
L0114,2025-02-17
L0114,2025-02-18
L0114,2025-02-19
L0114,2025-02-20
L0114,2025-02-21
L0114,2025-02-22
L0114,2025-02-23
L0114,2025-02-24
L0114,2025-02-25
L0114,2025-02-26
L0114,2025-02-27
L0114,2025-02-28
L0114,2025-03-01
L0114,2025-03-02
L0114,2025-03-03
L0114,2025-03-04
L0114,2025-03-05
L0114,2025-03-06
L0114,2025-03-07
L0114,2025-03-08
L0114,2025-03-09
L0114,2025-03-10
L0114,2025-03-11
L0114,2025-03-12
L0114,2025-03-13
L0114,2025-03-14
L0114,2025-03-15
L0114,2025-03-16
L0114,2025-03-17
L0114,2025-03-18
L0114,2025-03-19
L0114,2025-03-20
L0114,2025-03-21
L0114,2025-03-22
L0114,2025-03-23
L0114,2025-03-24
L0114,2025-03-25
L0114,2025-03-26
L0114,2025-03-27
L0114,2025-03-28
L0114,2025-03-29
L0114,2025-03-30
L0114,2025-03-31
L0114,2025-04-01
L0114,2025-04-02
L0114,2025-04-03
L0114,2025-04-04
L0114,2025-04-05
L0114,2025-04-06
L0114,2025-04-07
L0114,2025-04-08
L0114,2025-04-09
L0114,2025-04-10
L0114,2025-04-11
L0114,2025-04-12
L0114,2025-04-13
L0114,2025-04-14
L0114,2025-04-15
L0114,2025-04-16
L0114,2025-04-17
L0114,2025-04-18
L0114,2025-04-19
L0114,2025-04-20
L0114,2025-04-21
L0114,2025-04-22
L0114,2025-04-23
L0114,2025-04-24
L0114,2025-04-25
L0114,2025-04-26
L0114,2025-04-27
L0114,2025-04-28
L0114,2025-04-29
L0114,2025-04-30
L0114,2025-05-01
L0114,2025-05-02
L0114,2025-05-03
L0114,2025-05-04
L0114,2025-05-05
L0114,2025-05-06
L0114,2025-05-07
L0114,2025-05-08
L0114,2025-05-09
L0114,2025-05-10
L0114,2025-05-11
L0114,2025-05-12
L0114,2025-05-13
L0114,2025-05-14
L0114,2025-05-15
L0114,2025-05-16
L0114,2025-05-17
L0114,2025-05-18
L0114,2025-05-19
L0114,2025-05-20
L0114,2025-05-21
L0114,2025-05-22
L0114,2025-05-23
L0114,2025-05-24
L0114,2025-05-25
L0114,2025-05-26
L0114,2025-05-27
L0114,2025-05-28
L0114,2025-05-29
L0114,2025-05-30
L0114,2025-05-31
L0114,2025-06-01
L0114,2025-06-02
L0114,2025-06-03
L0114,2025-06-04
L0114,2025-06-05
L0114,2025-06-06
L0114,2025-06-07
L0114,2025-06-08
L0114,2025-06-09
L0114,2025-06-10
L0114,2025-06-11
L0114,2025-06-12
L0114,2025-06-13
L0114,2025-06-14
L0114,2025-06-15
L0114,2025-06-16
L0114,2025-06-17
L0114,2025-06-18
L0114,2025-06-19
L0114,2025-06-20
L0114,2025-06-21
L0114,2025-06-22
L0114,2025-06-23
L0114,2025-06-24
L0114,2025-06-25
L0114,2025-06-26
L0114,2025-06-27
L0114,2025-06-28
L0114,2025-06-29
L0115,2025-01-01
L0115,2025-01-02
L0115,2025-01-03
L0115,2025-01-04
L0115,2025-01-05
L0115,2025-01-06
L0115,2025-01-07
L0115,2025-01-08
L0115,2025-01-09
L0115,2025-01-10
L0115,2025-01-11
L0115,2025-01-12
L0115,2025-01-13
L0115,2025-01-14
L0115,2025-01-15
L0115,2025-01-16
L0115,2025-01-17
L0115,2025-01-18
L0115,2025-01-19
L0115,2025-01-20
L0115,2025-01-21
L0115,2025-01-22
L0115,2025-01-23
L0115,2025-01-24
L0115,2025-01-25
L0115,2025-01-26
L0115,2025-01-27
L0115,2025-01-28
L0115,2025-01-29
L0115,2025-01-30
L0115,2025-01-31
L0115,2025-02-01
L0115,2025-02-02
L0115,2025-02-03
L0115,2025-02-04
L0115,2025-02-05
L0115,2025-02-06
L0115,2025-02-07
L0115,2025-02-08
L0115,2025-02-09
L0115,2025-02-10
L0115,2025-02-11
L0115,2025-02-12
L0115,2025-02-13
L0115,2025-02-14
L0115,2025-02-15
L0115,2025-02-16
L0115,2025-02-17
L0115,2025-02-18
L0115,2025-02-19
L0115,2025-02-20
L0115,2025-02-21
L0115,2025-02-22
L0115,2025-02-23
L0115,2025-02-24
L0115,2025-02-25
L0115,2025-02-26
L0115,2025-02-27
L0115,2025-02-28
L0115,2025-03-01
L0115,2025-03-02
L0115,2025-03-03
L0115,2025-03-04
L0115,2025-03-05
L0115,2025-03-06
L0115,2025-03-07
L0115,2025-03-08
L0115,2025-03-09
L0115,2025-03-10
L0115,2025-03-11
L0115,2025-03-12
L0115,2025-03-13
L0115,2025-03-14
L0115,2025-03-15
L0115,2025-03-16
L0115,2025-03-17
L0115,2025-03-18
L0115,2025-03-19
L0115,2025-03-20
L0115,2025-03-21
L0115,2025-03-22
L0115,2025-03-23
L0115,2025-03-24
L0115,2025-03-25
L0115,2025-03-26
L0115,2025-03-27
L0115,2025-03-28
L0115,2025-03-29
L0115,2025-03-30
L0115,2025-03-31
L0115,2025-04-01
L0115,2025-04-02
L0115,2025-04-03
L0115,2025-04-04
L0115,2025-04-05
L0115,2025-04-06
L0115,2025-04-07
L0115,2025-04-08
L0115,2025-04-09
L0115,2025-04-10
L0115,2025-04-11
L0115,2025-04-12
L0115,2025-04-13
L0115,2025-04-14
L0115,2025-04-15
L0115,2025-04-16
L0115,2025-04-17
L0115,2025-04-18
L0115,2025-04-19
L0115,2025-04-20
L0115,2025-04-21
L0115,2025-04-22
L0115,2025-04-23
L0115,2025-04-24
L0115,2025-04-25
L0115,2025-04-26
L0115,2025-04-27
L0115,2025-04-28
L0115,2025-04-29
L0115,2025-04-30
L0115,2025-05-01
L0115,2025-05-02
L0115,2025-05-03
L0115,2025-05-04
L0115,2025-05-05
L0115,2025-05-06
L0115,2025-05-07
L0115,2025-05-08
L0115,2025-05-09
L0115,2025-05-10
L0115,2025-05-11
L0115,2025-05-12
L0115,2025-05-13
L0115,2025-05-14
L0115,2025-05-15
L0115,2025-05-16
L0115,2025-05-17
L0115,2025-05-18
L0115,2025-05-19
L0115,2025-05-20
L0115,2025-05-21
L0115,2025-05-22
L0115,2025-05-23
L0115,2025-05-24
L0115,2025-05-25
L0115,2025-05-26
L0115,2025-05-27
L0115,2025-05-28
L0115,2025-05-29
L0115,2025-05-30
L0115,2025-05-31
L0115,2025-06-01
L0115,2025-06-02
L0115,2025-06-03
L0115,2025-06-04
L0115,2025-06-05
L0115,2025-06-06
L0115,2025-06-07
L0115,2025-06-08
L0115,2025-06-09
L0115,2025-06-10
L0115,2025-06-11
L0115,2025-06-12
L0115,2025-06-13
L0115,2025-06-14
L0115,2025-06-15
L0115,2025-06-16
L0115,2025-06-17
L0115,2025-06-18
L0115,2025-06-19
L0115,2025-06-20
L0115,2025-06-21
L0115,2025-06-22
L0115,2025-06-23
L0115,2025-06-24
L0115,2025-06-25
L0115,2025-06-26
L0115,2025-06-27
L0115,2025-06-28
L0115,2025-06-29
L0116,2025-01-01
L0116,2025-01-02
L0116,2025-01-03
L0116,2025-01-04
L0116,2025-01-05
L0116,2025-01-06
L0116,2025-01-07
L0116,2025-01-08
L0116,2025-01-09
L0116,2025-01-10
L0116,2025-01-11
L0116,2025-01-12
L0116,2025-01-13
L0116,2025-01-14
L0116,2025-01-15
L0116,2025-01-16
L0116,2025-01-17
L0116,2025-01-18
L0116,2025-01-19
L0116,2025-01-20
L0116,2025-01-21
L0116,2025-01-22
L0116,2025-01-23
L0116,2025-01-24
L0116,2025-01-25
L0116,2025-01-26
L0116,2025-01-27
L0116,2025-01-28
L0116,2025-01-29
L0116,2025-01-30
L0116,2025-01-31
L0116,2025-02-01
L0116,2025-02-02
L0116,2025-02-03
L0116,2025-02-04
L0116,2025-02-05
L0116,2025-02-06
L0116,2025-02-07
L0116,2025-02-08
L0116,2025-02-09
L0116,2025-02-10
L0116,2025-02-11
L0116,2025-02-12
L0116,2025-02-13
L0116,2025-02-14
L0116,2025-02-15
L0116,2025-02-16
L0116,2025-02-17
L0116,2025-02-18
L0116,2025-02-19
L0116,2025-02-20
L0116,2025-02-21
L0116,2025-02-22
L0116,2025-02-23
L0116,2025-02-24
L0116,2025-02-25
L0116,2025-02-26
L0116,2025-02-27
L0116,2025-02-28
L0116,2025-03-01
L0116,2025-03-02
L0116,2025-03-03
L0116,2025-03-04
L0116,2025-03-05
L0116,2025-03-06
L0116,2025-03-07
L0116,2025-03-08
L0116,2025-03-09
L0116,2025-03-10
L0116,2025-03-11
L0116,2025-03-12
L0116,2025-03-13
L0116,2025-03-14
L0116,2025-03-15
L0116,2025-03-16
L0116,2025-03-17
L0116,2025-03-18
L0116,2025-03-19
L0116,2025-03-20
L0116,2025-03-21
L0116,2025-03-22
L0116,2025-03-23
L0116,2025-03-24
L0116,2025-03-25
L0116,2025-03-26
L0116,2025-03-27
L0116,2025-03-28
L0116,2025-03-29
L0116,2025-03-30
L0116,2025-03-31
L0116,2025-04-01
L0116,2025-04-02
L0116,2025-04-03
L0116,2025-04-04
L0116,2025-04-05
L0116,2025-04-06
L0116,2025-04-07
L0116,2025-04-08
L0116,2025-04-09
L0116,2025-04-10
L0116,2025-04-11
L0116,2025-04-12
L0116,2025-04-13
L0116,2025-04-14
L0116,2025-04-15
L0116,2025-04-16
L0116,2025-04-17
L0116,2025-04-18
L0116,2025-04-19
L0116,2025-04-20
L0116,2025-04-21
L0116,2025-04-22
L0116,2025-04-23
L0116,2025-04-24
L0116,2025-04-25
L0116,2025-04-26
L0116,2025-04-27
L0116,2025-04-28
L0116,2025-04-29
L0116,2025-04-30
L0116,2025-05-01
L0116,2025-05-02
L0116,2025-05-03
L0116,2025-05-04
L0116,2025-05-05
L0116,2025-05-06
L0116,2025-05-07
L0116,2025-05-08
L0116,2025-05-09
L0116,2025-05-10
L0116,2025-05-11
L0116,2025-05-12
L0116,2025-05-13
L0116,2025-05-14
L0116,2025-05-15
L0116,2025-05-16
L0116,2025-05-17
L0116,2025-05-18
L0116,2025-05-19
L0116,2025-05-20
L0116,2025-05-21
L0116,2025-05-22
L0116,2025-05-23
L0116,2025-05-24
L0116,2025-05-25
L0116,2025-05-26
L0116,2025-05-27
L0116,2025-05-28
L0116,2025-05-29
L0116,2025-05-30
L0116,2025-05-31
L0116,2025-06-01
L0116,2025-06-02
L0116,2025-06-03
L0116,2025-06-04
L0116,2025-06-05
L0116,2025-06-06
L0116,2025-06-07
L0116,2025-06-08
L0116,2025-06-09
L0116,2025-06-10
L0116,2025-06-11
L0116,2025-06-12
L0116,2025-06-13
L0116,2025-06-14
L0116,2025-06-15
L0116,2025-06-16
L0116,2025-06-17
L0116,2025-06-18
L0116,2025-06-19
L0116,2025-06-20
L0116,2025-06-21
L0116,2025-06-22
L0116,2025-06-23
L0116,2025-06-24
L0116,2025-06-25
L0116,2025-06-26
L0116,2025-06-27
L0116,2025-06-28
L0116,2025-06-29
L0117,2025-01-01
L0117,2025-01-02
L0117,2025-01-03
L0117,2025-01-04
L0117,2025-01-05
L0117,2025-01-06
L0117,2025-01-07
L0117,2025-01-08
L0117,2025-01-09
L0117,2025-01-10
L0117,2025-01-11
L0117,2025-01-12
L0117,2025-01-13
L0117,2025-01-14
L0117,2025-01-15
L0117,2025-01-16
L0117,2025-01-17
L0117,2025-01-18
L0117,2025-01-19
L0117,2025-01-20
L0117,2025-01-21
L0117,2025-01-22
L0117,2025-01-23
L0117,2025-01-24
L0117,2025-01-25
L0117,2025-01-26
L0117,2025-01-27
L0117,2025-01-28
L0117,2025-01-29
L0117,2025-01-30
L0117,2025-01-31
L0117,2025-02-01
L0117,2025-02-02
L0117,2025-02-03
L0117,2025-02-04
L0117,2025-02-05
L0117,2025-02-06
L0117,2025-02-07
L0117,2025-02-08
L0117,2025-02-09
L0117,2025-02-10
L0117,2025-02-11
L0117,2025-02-12
L0117,2025-02-13
L0117,2025-02-14
L0117,2025-02-15
L0117,2025-02-16
L0117,2025-02-17
L0117,2025-02-18
L0117,2025-02-19
L0117,2025-02-20
L0117,2025-02-21
L0117,2025-02-22
L0117,2025-02-23
L0117,2025-02-24
L0117,2025-02-25
L0117,2025-02-26
L0117,2025-02-27
L0117,2025-02-28
L0117,2025-03-01
L0117,2025-03-02
L0117,2025-03-03
L0117,2025-03-04
L0117,2025-03-05
L0117,2025-03-06
L0117,2025-03-07
L0117,2025-03-08
L0117,2025-03-09
L0117,2025-03-10
L0117,2025-03-11
L0117,2025-03-12
L0117,2025-03-13
L0117,2025-03-14
L0117,2025-03-15
L0117,2025-03-16
L0117,2025-03-17
L0117,2025-03-18
L0117,2025-03-19
L0117,2025-03-20
L0117,2025-03-21
L0117,2025-03-22
L0117,2025-03-23
L0117,2025-03-24
L0117,2025-03-25
L0117,2025-03-26
L0117,2025-03-27
L0117,2025-03-28
L0117,2025-03-29
L0117,2025-03-30
L0117,2025-03-31
L0117,2025-04-01
L0117,2025-04-02
L0117,2025-04-03
L0117,2025-04-04
L0117,2025-04-05
L0117,2025-04-06
L0117,2025-04-07
L0117,2025-04-08
L0117,2025-04-09
L0117,2025-04-10
L0117,2025-04-11
L0117,2025-04-12
L0117,2025-04-13
L0117,2025-04-14
L0117,2025-04-15
L0117,2025-04-16
L0117,2025-04-17
L0117,2025-04-18
L0117,2025-04-19
L0117,2025-04-20
L0117,2025-04-21
L0117,2025-04-22
L0117,2025-04-23
L0117,2025-04-24
L0117,2025-04-25
L0117,2025-04-26
L0117,2025-04-27
L0117,2025-04-28
L0117,2025-04-29
L0117,2025-04-30
L0117,2025-05-01
L0117,2025-05-02
L0117,2025-05-03
L0117,2025-05-04
L0117,2025-05-05
L0117,2025-05-06
L0117,2025-05-07
L0117,2025-05-08
L0117,2025-05-09
L0117,2025-05-10
L0117,2025-05-11
L0117,2025-05-12
L0117,2025-05-13
L0117,2025-05-14
L0117,2025-05-15
L0117,2025-05-16
L0117,2025-05-17
L0117,2025-05-18
L0117,2025-05-19
L0117,2025-05-20
L0117,2025-05-21
L0117,2025-05-22
L0117,2025-05-23
L0117,2025-05-24
L0117,2025-05-25
L0117,2025-05-26
L0117,2025-05-27
L0117,2025-05-28
L0117,2025-05-29
L0117,2025-05-30
L0117,2025-05-31
L0117,2025-06-01
L0117,2025-06-02
L0117,2025-06-03
L0117,2025-06-04
L0117,2025-06-05
L0117,2025-06-06
L0117,2025-06-07
L0117,2025-06-08
L0117,2025-06-09
L0117,2025-06-10
L0117,2025-06-11
L0117,2025-06-12
L0117,2025-06-13
L0117,2025-06-14
L0117,2025-06-15
L0117,2025-06-16
L0117,2025-06-17
L0117,2025-06-18
L0117,2025-06-19
L0117,2025-06-20
L0117,2025-06-21
L0117,2025-06-22
L0117,2025-06-23
L0117,2025-06-24
L0117,2025-06-25
L0117,2025-06-26
L0117,2025-06-27
L0117,2025-06-28
L0117,2025-06-29
L0118,2025-01-01
L0118,2025-01-02
L0118,2025-01-03
L0118,2025-01-04
L0118,2025-01-05
L0118,2025-01-06
L0118,2025-01-07
L0118,2025-01-08
L0118,2025-01-09
L0118,2025-01-10
L0118,2025-01-11
L0118,2025-01-12
L0118,2025-01-13
L0118,2025-01-14
L0118,2025-01-15
L0118,2025-01-16
L0118,2025-01-17
L0118,2025-01-18
L0118,2025-01-19
L0118,2025-01-20
L0118,2025-01-21
L0118,2025-01-22
L0118,2025-01-23
L0118,2025-01-24
L0118,2025-01-25
L0118,2025-01-26
L0118,2025-01-27
L0118,2025-01-28
L0118,2025-01-29
L0118,2025-01-30
L0118,2025-01-31
L0118,2025-02-01
L0118,2025-02-02
L0118,2025-02-03
L0118,2025-02-04
L0118,2025-02-05
L0118,2025-02-06
L0118,2025-02-07
L0118,2025-02-08
L0118,2025-02-09
L0118,2025-02-10
L0118,2025-02-11
L0118,2025-02-12
L0118,2025-02-13
L0118,2025-02-14
L0118,2025-02-15
L0118,2025-02-16
L0118,2025-02-17
L0118,2025-02-18
L0118,2025-02-19
L0118,2025-02-20
L0118,2025-02-21
L0118,2025-02-22
L0118,2025-02-23
L0118,2025-02-24
L0118,2025-02-25
L0118,2025-02-26
L0118,2025-02-27
L0118,2025-02-28
L0118,2025-03-01
L0118,2025-03-02
L0118,2025-03-03
L0118,2025-03-04
L0118,2025-03-05
L0118,2025-03-06
L0118,2025-03-07
L0118,2025-03-08
L0118,2025-03-09
L0118,2025-03-10
L0118,2025-03-11
L0118,2025-03-12
L0118,2025-03-13
L0118,2025-03-14
L0118,2025-03-15
L0118,2025-03-16
L0118,2025-03-17
L0118,2025-03-18
L0118,2025-03-19
L0118,2025-03-20
L0118,2025-03-21
L0118,2025-03-22
L0118,2025-03-23
L0118,2025-03-24
L0118,2025-03-25
L0118,2025-03-26
L0118,2025-03-27
L0118,2025-03-28
L0118,2025-03-29
L0118,2025-03-30
L0118,2025-03-31
L0118,2025-04-01
L0118,2025-04-02
L0118,2025-04-03
L0118,2025-04-04
L0118,2025-04-05
L0118,2025-04-06
L0118,2025-04-07
L0118,2025-04-08
L0118,2025-04-09
L0118,2025-04-10
L0118,2025-04-11
L0118,2025-04-12
L0118,2025-04-13
L0118,2025-04-14
L0118,2025-04-15
L0118,2025-04-16
L0118,2025-04-17
L0118,2025-04-18
L0118,2025-04-19
L0118,2025-04-20
L0118,2025-04-21
L0118,2025-04-22
L0118,2025-04-23
L0118,2025-04-24
L0118,2025-04-25
L0118,2025-04-26
L0118,2025-04-27
L0118,2025-04-28
L0118,2025-04-29
L0118,2025-04-30
L0118,2025-05-01
L0118,2025-05-02
L0118,2025-05-03
L0118,2025-05-04
L0118,2025-05-05
L0118,2025-05-06
L0118,2025-05-07
L0118,2025-05-08
L0118,2025-05-09
L0118,2025-05-10
L0118,2025-05-11
L0118,2025-05-12
L0118,2025-05-13
L0118,2025-05-14
L0118,2025-05-15
L0118,2025-05-16
L0118,2025-05-17
L0118,2025-05-18
L0118,2025-05-19
L0118,2025-05-20
L0118,2025-05-21
L0118,2025-05-22
L0118,2025-05-23
L0118,2025-05-24
L0118,2025-05-25
L0118,2025-05-26
L0118,2025-05-27
L0118,2025-05-28
L0118,2025-05-29
L0118,2025-05-30
L0118,2025-05-31
L0118,2025-06-01
L0118,2025-06-02
L0118,2025-06-03
L0118,2025-06-04
L0118,2025-06-05
L0118,2025-06-06
L0118,2025-06-07
L0118,2025-06-08
L0118,2025-06-09
L0118,2025-06-10
L0118,2025-06-11
L0118,2025-06-12
L0118,2025-06-13
L0118,2025-06-14
L0118,2025-06-15
L0118,2025-06-16
L0118,2025-06-17
L0118,2025-06-18
L0118,2025-06-19
L0118,2025-06-20
L0118,2025-06-21
L0118,2025-06-22
L0118,2025-06-23
L0118,2025-06-24
L0118,2025-06-25
L0118,2025-06-26
L0118,2025-06-27
L0118,2025-06-28
L0118,2025-06-29
L0119,2025-01-01
L0119,2025-01-02
L0119,2025-01-03
L0119,2025-01-04
L0119,2025-01-05
L0119,2025-01-06
L0119,2025-01-07
L0119,2025-01-08
L0119,2025-01-09
L0119,2025-01-10
L0119,2025-01-11
L0119,2025-01-12
L0119,2025-01-13
L0119,2025-01-14
L0119,2025-01-15
L0119,2025-01-16
L0119,2025-01-17
L0119,2025-01-18
L0119,2025-01-19
L0119,2025-01-20
L0119,2025-01-21
L0119,2025-01-22
L0119,2025-01-23
L0119,2025-01-24
L0119,2025-01-25
L0119,2025-01-26
L0119,2025-01-27
L0119,2025-01-28
L0119,2025-01-29
L0119,2025-01-30
L0119,2025-01-31
L0119,2025-02-01
L0119,2025-02-02
L0119,2025-02-03
L0119,2025-02-04
L0119,2025-02-05
L0119,2025-02-06
L0119,2025-02-07
L0119,2025-02-08
L0119,2025-02-09
L0119,2025-02-10
L0119,2025-02-11
L0119,2025-02-12
L0119,2025-02-13
L0119,2025-02-14
L0119,2025-02-15
L0119,2025-02-16
L0119,2025-02-17
L0119,2025-02-18
L0119,2025-02-19
L0119,2025-02-20
L0119,2025-02-21
L0119,2025-02-22
L0119,2025-02-23
L0119,2025-02-24
L0119,2025-02-25
L0119,2025-02-26
L0119,2025-02-27
L0119,2025-02-28
L0119,2025-03-01
L0119,2025-03-02
L0119,2025-03-03
L0119,2025-03-04
L0119,2025-03-05
L0119,2025-03-06
L0119,2025-03-07
L0119,2025-03-08
L0119,2025-03-09
L0119,2025-03-10
L0119,2025-03-11
L0119,2025-03-12
L0119,2025-03-13
L0119,2025-03-14
L0119,2025-03-15
L0119,2025-03-16
L0119,2025-03-17
L0119,2025-03-18
L0119,2025-03-19
L0119,2025-03-20
L0119,2025-03-21
L0119,2025-03-22
L0119,2025-03-23
L0119,2025-03-24
L0119,2025-03-25
L0119,2025-03-26
L0119,2025-03-27
L0119,2025-03-28
L0119,2025-03-29
L0119,2025-03-30
L0119,2025-03-31
L0119,2025-04-01
L0119,2025-04-02
L0119,2025-04-03
L0119,2025-04-04
L0119,2025-04-05
L0119,2025-04-06
L0119,2025-04-07
L0119,2025-04-08
L0119,2025-04-09
L0119,2025-04-10
L0119,2025-04-11
L0119,2025-04-12
L0119,2025-04-13
L0119,2025-04-14
L0119,2025-04-15
L0119,2025-04-16
L0119,2025-04-17
L0119,2025-04-18
L0119,2025-04-19
L0119,2025-04-20
L0119,2025-04-21
L0119,2025-04-22
L0119,2025-04-23
L0119,2025-04-24
L0119,2025-04-25
L0119,2025-04-26
L0119,2025-04-27
L0119,2025-04-28
L0119,2025-04-29
L0119,2025-04-30
L0119,2025-05-01
L0119,2025-05-02
L0119,2025-05-03
L0119,2025-05-04
L0119,2025-05-05
L0119,2025-05-06
L0119,2025-05-07
L0119,2025-05-08
L0119,2025-05-09
L0119,2025-05-10
L0119,2025-05-11
L0119,2025-05-12
L0119,2025-05-13
L0119,2025-05-14
L0119,2025-05-15
L0119,2025-05-16
L0119,2025-05-17
L0119,2025-05-18
L0119,2025-05-19
L0119,2025-05-20
L0119,2025-05-21
L0119,2025-05-22
L0119,2025-05-23
L0119,2025-05-24
L0119,2025-05-25
L0119,2025-05-26
L0119,2025-05-27
L0119,2025-05-28
L0119,2025-05-29
L0119,2025-05-30
L0119,2025-05-31
L0119,2025-06-01
L0119,2025-06-02
L0119,2025-06-03
L0119,2025-06-04
L0119,2025-06-05
L0119,2025-06-06
L0119,2025-06-07
L0119,2025-06-08
L0119,2025-06-09
L0119,2025-06-10
L0119,2025-06-11
L0119,2025-06-12
L0119,2025-06-13
L0119,2025-06-14
L0119,2025-06-15
L0119,2025-06-16
L0119,2025-06-17
L0119,2025-06-18
L0119,2025-06-19
L0119,2025-06-20
L0119,2025-06-21
L0119,2025-06-22
L0119,2025-06-23
L0119,2025-06-24
L0119,2025-06-25
L0119,2025-06-26
L0119,2025-06-27
L0119,2025-06-28
L0119,2025-06-29
L0120,2025-01-01
L0120,2025-01-02
L0120,2025-01-03
L0120,2025-01-04
L0120,2025-01-05
L0120,2025-01-06
L0120,2025-01-07
L0120,2025-01-08
L0120,2025-01-09
L0120,2025-01-10
L0120,2025-01-11
L0120,2025-01-12
L0120,2025-01-13
L0120,2025-01-14
L0120,2025-01-15
L0120,2025-01-16
L0120,2025-01-17
L0120,2025-01-18
L0120,2025-01-19
L0120,2025-01-20
L0120,2025-01-21
L0120,2025-01-22
L0120,2025-01-23
L0120,2025-01-24
L0120,2025-01-25
L0120,2025-01-26
L0120,2025-01-27
L0120,2025-01-28
L0120,2025-01-29
L0120,2025-01-30
L0120,2025-01-31
L0120,2025-02-01
L0120,2025-02-02
L0120,2025-02-03
L0120,2025-02-04
L0120,2025-02-05
L0120,2025-02-06
L0120,2025-02-07
L0120,2025-02-08
L0120,2025-02-09
L0120,2025-02-10
L0120,2025-02-11
L0120,2025-02-12
L0120,2025-02-13
L0120,2025-02-14
L0120,2025-02-15
L0120,2025-02-16
L0120,2025-02-17
L0120,2025-02-18
L0120,2025-02-19
L0120,2025-02-20
L0120,2025-02-21
L0120,2025-02-22
L0120,2025-02-23
L0120,2025-02-24
L0120,2025-02-25
L0120,2025-02-26
L0120,2025-02-27
L0120,2025-02-28
L0120,2025-03-01
L0120,2025-03-02
L0120,2025-03-03
L0120,2025-03-04
L0120,2025-03-05
L0120,2025-03-06
L0120,2025-03-07
L0120,2025-03-08
L0120,2025-03-09
L0120,2025-03-10
L0120,2025-03-11
L0120,2025-03-12
L0120,2025-03-13
L0120,2025-03-14
L0120,2025-03-15
L0120,2025-03-16
L0120,2025-03-17
L0120,2025-03-18
L0120,2025-03-19
L0120,2025-03-20
L0120,2025-03-21
L0120,2025-03-22
L0120,2025-03-23
L0120,2025-03-24
L0120,2025-03-25
L0120,2025-03-26
L0120,2025-03-27
L0120,2025-03-28
L0120,2025-03-29
L0120,2025-03-30
L0120,2025-03-31
L0120,2025-04-01
L0120,2025-04-02
L0120,2025-04-03
L0120,2025-04-04
L0120,2025-04-05
L0120,2025-04-06
L0120,2025-04-07
L0120,2025-04-08
L0120,2025-04-09
L0120,2025-04-10
L0120,2025-04-11
L0120,2025-04-12
L0120,2025-04-13
L0120,2025-04-14
L0120,2025-04-15
L0120,2025-04-16
L0120,2025-04-17
L0120,2025-04-18
L0120,2025-04-19
L0120,2025-04-20
L0120,2025-04-21
L0120,2025-04-22
L0120,2025-04-23
L0120,2025-04-24
L0120,2025-04-25
L0120,2025-04-26
L0120,2025-04-27
L0120,2025-04-28
L0120,2025-04-29
L0120,2025-04-30
L0120,2025-05-01
L0120,2025-05-02
L0120,2025-05-03
L0120,2025-05-04
L0120,2025-05-05
L0120,2025-05-06
L0120,2025-05-07
L0120,2025-05-08
L0120,2025-05-09
L0120,2025-05-10
L0120,2025-05-11
L0120,2025-05-12
L0120,2025-05-13
L0120,2025-05-14
L0120,2025-05-15
L0120,2025-05-16
L0120,2025-05-17
L0120,2025-05-18
L0120,2025-05-19
L0120,2025-05-20
L0120,2025-05-21
L0120,2025-05-22
L0120,2025-05-23
L0120,2025-05-24
L0120,2025-05-25
L0120,2025-05-26
L0120,2025-05-27
L0120,2025-05-28
L0120,2025-05-29
L0120,2025-05-30
L0120,2025-05-31
L0120,2025-06-01
L0120,2025-06-02
L0120,2025-06-03
L0120,2025-06-04
L0120,2025-06-05
L0120,2025-06-06
L0120,2025-06-07
L0120,2025-06-08
L0120,2025-06-09
L0120,2025-06-10
L0120,2025-06-11
L0120,2025-06-12
L0120,2025-06-13
L0120,2025-06-14
L0120,2025-06-15
L0120,2025-06-16
L0120,2025-06-17
L0120,2025-06-18
L0120,2025-06-19
L0120,2025-06-20
L0120,2025-06-21
L0120,2025-06-22
L0120,2025-06-23
L0120,2025-06-24
L0120,2025-06-25
L0120,2025-06-26
L0120,2025-06-27
L0120,2025-06-28
L0120,2025-06-29
L0121,2025-01-01
L0121,2025-01-02
L0121,2025-01-03
L0121,2025-01-04
L0121,2025-01-05
L0121,2025-01-06
L0121,2025-01-07
L0121,2025-01-08
L0121,2025-01-09
L0121,2025-01-10
L0121,2025-01-11
L0121,2025-01-12
L0121,2025-01-13
L0121,2025-01-14
L0121,2025-01-15
L0121,2025-01-16
L0121,2025-01-17
L0121,2025-01-18
L0121,2025-01-19
L0121,2025-01-20
L0121,2025-01-21
L0121,2025-01-22
L0121,2025-01-23
L0121,2025-01-24
L0121,2025-01-25
L0121,2025-01-26
L0121,2025-01-27
L0121,2025-01-28
L0121,2025-01-29
L0121,2025-01-30
L0121,2025-01-31
L0121,2025-02-01
L0121,2025-02-02
L0121,2025-02-03
L0121,2025-02-04
L0121,2025-02-05
L0121,2025-02-06
L0121,2025-02-07
L0121,2025-02-08
L0121,2025-02-09
L0121,2025-02-10
L0121,2025-02-11
L0121,2025-02-12
L0121,2025-02-13
L0121,2025-02-14
L0121,2025-02-15
L0121,2025-02-16
L0121,2025-02-17
L0121,2025-02-18
L0121,2025-02-19
L0121,2025-02-20
L0121,2025-02-21
L0121,2025-02-22
L0121,2025-02-23
L0121,2025-02-24
L0121,2025-02-25
L0121,2025-02-26
L0121,2025-02-27
L0121,2025-02-28
L0121,2025-03-01
L0121,2025-03-02
L0121,2025-03-03
L0121,2025-03-04
L0121,2025-03-05
L0121,2025-03-06
L0121,2025-03-07
L0121,2025-03-08
L0121,2025-03-09
L0121,2025-03-10
L0121,2025-03-11
L0121,2025-03-12
L0121,2025-03-13
L0121,2025-03-14
L0121,2025-03-15
L0121,2025-03-16
L0121,2025-03-17
L0121,2025-03-18
L0121,2025-03-19
L0121,2025-03-20
L0121,2025-03-21
L0121,2025-03-22
L0121,2025-03-23
L0121,2025-03-24
L0121,2025-03-25
L0121,2025-03-26
L0121,2025-03-27
L0121,2025-03-28
L0121,2025-03-29
L0121,2025-03-30
L0121,2025-03-31
L0121,2025-04-01
L0121,2025-04-02
L0121,2025-04-03
L0121,2025-04-04
L0121,2025-04-05
L0121,2025-04-06
L0121,2025-04-07
L0121,2025-04-08
L0121,2025-04-09
L0121,2025-04-10
L0121,2025-04-11
L0121,2025-04-12
L0121,2025-04-13
L0121,2025-04-14
L0121,2025-04-15
L0121,2025-04-16
L0121,2025-04-17
L0121,2025-04-18
L0121,2025-04-19
L0121,2025-04-20
L0121,2025-04-21
L0121,2025-04-22
L0121,2025-04-23
L0121,2025-04-24
L0121,2025-04-25
L0121,2025-04-26
L0121,2025-04-27
L0121,2025-04-28
L0121,2025-04-29
L0121,2025-04-30
L0121,2025-05-01
L0121,2025-05-02
L0121,2025-05-03
L0121,2025-05-04
L0121,2025-05-05
L0121,2025-05-06
L0121,2025-05-07
L0121,2025-05-08
L0121,2025-05-09
L0121,2025-05-10
L0121,2025-05-11
L0121,2025-05-12
L0121,2025-05-13
L0121,2025-05-14
L0121,2025-05-15
L0121,2025-05-16
L0121,2025-05-17
L0121,2025-05-18
L0121,2025-05-19
L0121,2025-05-20
L0121,2025-05-21
L0121,2025-05-22
L0121,2025-05-23
L0121,2025-05-24
L0121,2025-05-25
L0121,2025-05-26
L0121,2025-05-27
L0121,2025-05-28
L0121,2025-05-29
L0121,2025-05-30
L0121,2025-05-31
L0121,2025-06-01
L0121,2025-06-02
L0121,2025-06-03
L0121,2025-06-04
L0121,2025-06-05
L0121,2025-06-06
L0121,2025-06-07
L0121,2025-06-08
L0121,2025-06-09
L0121,2025-06-10
L0121,2025-06-11
L0121,2025-06-12
L0121,2025-06-13
L0121,2025-06-14
L0121,2025-06-15
L0121,2025-06-16
L0121,2025-06-17
L0121,2025-06-18
L0121,2025-06-19
L0121,2025-06-20
L0121,2025-06-21
L0121,2025-06-22
L0121,2025-06-23
L0121,2025-06-24
L0121,2025-06-25
L0121,2025-06-26
L0121,2025-06-27
L0121,2025-06-28
L0121,2025-06-29
L0122,2025-01-01
L0122,2025-01-02
L0122,2025-01-03
L0122,2025-01-04
L0122,2025-01-05
L0122,2025-01-06
L0122,2025-01-07
L0122,2025-01-08
L0122,2025-01-09
L0122,2025-01-10
L0122,2025-01-11
L0122,2025-01-12
L0122,2025-01-13
L0122,2025-01-14
L0122,2025-01-15
L0122,2025-01-16
L0122,2025-01-17
L0122,2025-01-18
L0122,2025-01-19
L0122,2025-01-20
L0122,2025-01-21
L0122,2025-01-22
L0122,2025-01-23
L0122,2025-01-24
L0122,2025-01-25
L0122,2025-01-26
L0122,2025-01-27
L0122,2025-01-28
L0122,2025-01-29
L0122,2025-01-30
L0122,2025-01-31
L0122,2025-02-01
L0122,2025-02-02
L0122,2025-02-03
L0122,2025-02-04
L0122,2025-02-05
L0122,2025-02-06
L0122,2025-02-07
L0122,2025-02-08
L0122,2025-02-09
L0122,2025-02-10
L0122,2025-02-11
L0122,2025-02-12
L0122,2025-02-13
L0122,2025-02-14
L0122,2025-02-15
L0122,2025-02-16
L0122,2025-02-17
L0122,2025-02-18
L0122,2025-02-19
L0122,2025-02-20
L0122,2025-02-21
L0122,2025-02-22
L0122,2025-02-23
L0122,2025-02-24
L0122,2025-02-25
L0122,2025-02-26
L0122,2025-02-27
L0122,2025-02-28
L0122,2025-03-01
L0122,2025-03-02
L0122,2025-03-03
L0122,2025-03-04
L0122,2025-03-05
L0122,2025-03-06
L0122,2025-03-07
L0122,2025-03-08
L0122,2025-03-09
L0122,2025-03-10
L0122,2025-03-11
L0122,2025-03-12
L0122,2025-03-13
L0122,2025-03-14
L0122,2025-03-15
L0122,2025-03-16
L0122,2025-03-17
L0122,2025-03-18
L0122,2025-03-19
L0122,2025-03-20
L0122,2025-03-21
L0122,2025-03-22
L0122,2025-03-23
L0122,2025-03-24
L0122,2025-03-25
L0122,2025-03-26
L0122,2025-03-27
L0122,2025-03-28
L0122,2025-03-29
L0122,2025-03-30
L0122,2025-03-31
L0122,2025-04-01
L0122,2025-04-02
L0122,2025-04-03
L0122,2025-04-04
L0122,2025-04-05
L0122,2025-04-06
L0122,2025-04-07
L0122,2025-04-08
L0122,2025-04-09
L0122,2025-04-10
L0122,2025-04-11
L0122,2025-04-12
L0122,2025-04-13
L0122,2025-04-14
L0122,2025-04-15
L0122,2025-04-16
L0122,2025-04-17
L0122,2025-04-18
L0122,2025-04-19
L0122,2025-04-20
L0122,2025-04-21
L0122,2025-04-22
L0122,2025-04-23
L0122,2025-04-24
L0122,2025-04-25
L0122,2025-04-26
L0122,2025-04-27
L0122,2025-04-28
L0122,2025-04-29
L0122,2025-04-30
L0122,2025-05-01
L0122,2025-05-02
L0122,2025-05-03
L0122,2025-05-04
L0122,2025-05-05
L0122,2025-05-06
L0122,2025-05-07
L0122,2025-05-08
L0122,2025-05-09
L0122,2025-05-10
L0122,2025-05-11
L0122,2025-05-12
L0122,2025-05-13
L0122,2025-05-14
L0122,2025-05-15
L0122,2025-05-16
L0122,2025-05-17
L0122,2025-05-18
L0122,2025-05-19
L0122,2025-05-20
L0122,2025-05-21
L0122,2025-05-22
L0122,2025-05-23
L0122,2025-05-24
L0122,2025-05-25
L0122,2025-05-26
L0122,2025-05-27
L0122,2025-05-28
L0122,2025-05-29
L0122,2025-05-30
L0122,2025-05-31
L0122,2025-06-01
L0122,2025-06-02
L0122,2025-06-03
L0122,2025-06-04
L0122,2025-06-05
L0122,2025-06-06
L0122,2025-06-07
L0122,2025-06-08
L0122,2025-06-09
L0122,2025-06-10
L0122,2025-06-11
L0122,2025-06-12
L0122,2025-06-13
L0122,2025-06-14
L0122,2025-06-15
L0122,2025-06-16
L0122,2025-06-17
L0122,2025-06-18
L0122,2025-06-19
L0122,2025-06-20
L0122,2025-06-21
L0122,2025-06-22
L0122,2025-06-23
L0122,2025-06-24
L0122,2025-06-25
L0122,2025-06-26
L0122,2025-06-27
L0122,2025-06-28
L0122,2025-06-29
L0123,2025-01-01
L0123,2025-01-02
L0123,2025-01-03
L0123,2025-01-04
L0123,2025-01-05
L0123,2025-01-06
L0123,2025-01-07
L0123,2025-01-08
L0123,2025-01-09
L0123,2025-01-10
L0123,2025-01-11
L0123,2025-01-12
L0123,2025-01-13
L0123,2025-01-14
L0123,2025-01-15
L0123,2025-01-16
L0123,2025-01-17
L0123,2025-01-18
L0123,2025-01-19
L0123,2025-01-20
L0123,2025-01-21
L0123,2025-01-22
L0123,2025-01-23
L0123,2025-01-24
L0123,2025-01-25
L0123,2025-01-26
L0123,2025-01-27
L0123,2025-01-28
L0123,2025-01-29
L0123,2025-01-30
L0123,2025-01-31
L0123,2025-02-01
L0123,2025-02-02
L0123,2025-02-03
L0123,2025-02-04
L0123,2025-02-05
L0123,2025-02-06
L0123,2025-02-07
L0123,2025-02-08
L0123,2025-02-09
L0123,2025-02-10
L0123,2025-02-11
L0123,2025-02-12
L0123,2025-02-13
L0123,2025-02-14
L0123,2025-02-15
L0123,2025-02-16
L0123,2025-02-17
L0123,2025-02-18
L0123,2025-02-19
L0123,2025-02-20
L0123,2025-02-21
L0123,2025-02-22
L0123,2025-02-23
L0123,2025-02-24
L0123,2025-02-25
L0123,2025-02-26
L0123,2025-02-27
L0123,2025-02-28
L0123,2025-03-01
L0123,2025-03-02
L0123,2025-03-03
L0123,2025-03-04
L0123,2025-03-05
L0123,2025-03-06
L0123,2025-03-07
L0123,2025-03-08
L0123,2025-03-09
L0123,2025-03-10
L0123,2025-03-11
L0123,2025-03-12
L0123,2025-03-13
L0123,2025-03-14
L0123,2025-03-15
L0123,2025-03-16
L0123,2025-03-17
L0123,2025-03-18
L0123,2025-03-19
L0123,2025-03-20
L0123,2025-03-21
L0123,2025-03-22
L0123,2025-03-23
L0123,2025-03-24
L0123,2025-03-25
L0123,2025-03-26
L0123,2025-03-27
L0123,2025-03-28
L0123,2025-03-29
L0123,2025-03-30
L0123,2025-03-31
L0123,2025-04-01
L0123,2025-04-02
L0123,2025-04-03
L0123,2025-04-04
L0123,2025-04-05
L0123,2025-04-06
L0123,2025-04-07
L0123,2025-04-08
L0123,2025-04-09
L0123,2025-04-10
L0123,2025-04-11
L0123,2025-04-12
L0123,2025-04-13
L0123,2025-04-14
L0123,2025-04-15
L0123,2025-04-16
L0123,2025-04-17
L0123,2025-04-18
L0123,2025-04-19
L0123,2025-04-20
L0123,2025-04-21
L0123,2025-04-22
L0123,2025-04-23
L0123,2025-04-24
L0123,2025-04-25
L0123,2025-04-26
L0123,2025-04-27
L0123,2025-04-28
L0123,2025-04-29
L0123,2025-04-30
L0123,2025-05-01
L0123,2025-05-02
L0123,2025-05-03
L0123,2025-05-04
L0123,2025-05-05
L0123,2025-05-06
L0123,2025-05-07
L0123,2025-05-08
L0123,2025-05-09
L0123,2025-05-10
L0123,2025-05-11
L0123,2025-05-12
L0123,2025-05-13
L0123,2025-05-14
L0123,2025-05-15
L0123,2025-05-16
L0123,2025-05-17
L0123,2025-05-18
L0123,2025-05-19
L0123,2025-05-20
L0123,2025-05-21
L0123,2025-05-22
L0123,2025-05-23
L0123,2025-05-24
L0123,2025-05-25
L0123,2025-05-26
L0123,2025-05-27
L0123,2025-05-28
L0123,2025-05-29
L0123,2025-05-30
L0123,2025-05-31
L0123,2025-06-01
L0123,2025-06-02
L0123,2025-06-03
L0123,2025-06-04
L0123,2025-06-05
L0123,2025-06-06
L0123,2025-06-07
L0123,2025-06-08
L0123,2025-06-09
L0123,2025-06-10
L0123,2025-06-11
L0123,2025-06-12
L0123,2025-06-13
L0123,2025-06-14
L0123,2025-06-15
L0123,2025-06-16
L0123,2025-06-17
L0123,2025-06-18
L0123,2025-06-19
L0123,2025-06-20
L0123,2025-06-21
L0123,2025-06-22
L0123,2025-06-23
L0123,2025-06-24
L0123,2025-06-25
L0123,2025-06-26
L0123,2025-06-27
L0123,2025-06-28
L0123,2025-06-29
L0124,2025-01-01
L0124,2025-01-02
L0124,2025-01-03
L0124,2025-01-04
L0124,2025-01-05
L0124,2025-01-06
L0124,2025-01-07
L0124,2025-01-08
L0124,2025-01-09
L0124,2025-01-10
L0124,2025-01-11
L0124,2025-01-12
L0124,2025-01-13
L0124,2025-01-14
L0124,2025-01-15
L0124,2025-01-16
L0124,2025-01-17
L0124,2025-01-18
L0124,2025-01-19
L0124,2025-01-20
L0124,2025-01-21
L0124,2025-01-22
L0124,2025-01-23
L0124,2025-01-24
L0124,2025-01-25
L0124,2025-01-26
L0124,2025-01-27
L0124,2025-01-28
L0124,2025-01-29
L0124,2025-01-30
L0124,2025-01-31
L0124,2025-02-01
L0124,2025-02-02
L0124,2025-02-03
L0124,2025-02-04
L0124,2025-02-05
L0124,2025-02-06
L0124,2025-02-07
L0124,2025-02-08
L0124,2025-02-09
L0124,2025-02-10
L0124,2025-02-11
L0124,2025-02-12
L0124,2025-02-13
L0124,2025-02-14
L0124,2025-02-15
L0124,2025-02-16
L0124,2025-02-17
L0124,2025-02-18
L0124,2025-02-19
L0124,2025-02-20
L0124,2025-02-21
L0124,2025-02-22
L0124,2025-02-23
L0124,2025-02-24
L0124,2025-02-25
L0124,2025-02-26
L0124,2025-02-27
L0124,2025-02-28
L0124,2025-03-01
L0124,2025-03-02
L0124,2025-03-03
L0124,2025-03-04
L0124,2025-03-05
L0124,2025-03-06
L0124,2025-03-07
L0124,2025-03-08
L0124,2025-03-09
L0124,2025-03-10
L0124,2025-03-11
L0124,2025-03-12
L0124,2025-03-13
L0124,2025-03-14
L0124,2025-03-15
L0124,2025-03-16
L0124,2025-03-17
L0124,2025-03-18
L0124,2025-03-19
L0124,2025-03-20
L0124,2025-03-21
L0124,2025-03-22
L0124,2025-03-23
L0124,2025-03-24
L0124,2025-03-25
L0124,2025-03-26
L0124,2025-03-27
L0124,2025-03-28
L0124,2025-03-29
L0124,2025-03-30
L0124,2025-03-31
L0124,2025-04-01
L0124,2025-04-02
L0124,2025-04-03
L0124,2025-04-04
L0124,2025-04-05
L0124,2025-04-06
L0124,2025-04-07
L0124,2025-04-08
L0124,2025-04-09
L0124,2025-04-10
L0124,2025-04-11
L0124,2025-04-12
L0124,2025-04-13
L0124,2025-04-14
L0124,2025-04-15
L0124,2025-04-16
L0124,2025-04-17
L0124,2025-04-18
L0124,2025-04-19
L0124,2025-04-20
L0124,2025-04-21
L0124,2025-04-22
L0124,2025-04-23
L0124,2025-04-24
L0124,2025-04-25
L0124,2025-04-26
L0124,2025-04-27
L0124,2025-04-28
L0124,2025-04-29
L0124,2025-04-30
L0124,2025-05-01
L0124,2025-05-02
L0124,2025-05-03
L0124,2025-05-04
L0124,2025-05-05
L0124,2025-05-06
L0124,2025-05-07
L0124,2025-05-08
L0124,2025-05-09
L0124,2025-05-10
L0124,2025-05-11
L0124,2025-05-12
L0124,2025-05-13
L0124,2025-05-14
L0124,2025-05-15
L0124,2025-05-16
L0124,2025-05-17
L0124,2025-05-18
L0124,2025-05-19
L0124,2025-05-20
L0124,2025-05-21
L0124,2025-05-22
L0124,2025-05-23
L0124,2025-05-24
L0124,2025-05-25
L0124,2025-05-26
L0124,2025-05-27
L0124,2025-05-28
L0124,2025-05-29
L0124,2025-05-30
L0124,2025-05-31
L0124,2025-06-01
L0124,2025-06-02
L0124,2025-06-03
L0124,2025-06-04
L0124,2025-06-05
L0124,2025-06-06
L0124,2025-06-07
L0124,2025-06-08
L0124,2025-06-09
L0124,2025-06-10
L0124,2025-06-11
L0124,2025-06-12
L0124,2025-06-13
L0124,2025-06-14
L0124,2025-06-15
L0124,2025-06-16
L0124,2025-06-17
L0124,2025-06-18
L0124,2025-06-19
L0124,2025-06-20
L0124,2025-06-21
L0124,2025-06-22
L0124,2025-06-23
L0124,2025-06-24
L0124,2025-06-25
L0124,2025-06-26
L0124,2025-06-27
L0124,2025-06-28
L0124,2025-06-29
L0125,2025-01-01
L0125,2025-01-02
L0125,2025-01-03
L0125,2025-01-04
L0125,2025-01-05
L0125,2025-01-06
L0125,2025-01-07
L0125,2025-01-08
L0125,2025-01-09
L0125,2025-01-10
L0125,2025-01-11
L0125,2025-01-12
L0125,2025-01-13
L0125,2025-01-14
L0125,2025-01-15
L0125,2025-01-16
L0125,2025-01-17
L0125,2025-01-18
L0125,2025-01-19
L0125,2025-01-20
L0125,2025-01-21
L0125,2025-01-22
L0125,2025-01-23
L0125,2025-01-24
L0125,2025-01-25
L0125,2025-01-26
L0125,2025-01-27
L0125,2025-01-28
L0125,2025-01-29
L0125,2025-01-30
L0125,2025-01-31
L0125,2025-02-01
L0125,2025-02-02
L0125,2025-02-03
L0125,2025-02-04
L0125,2025-02-05
L0125,2025-02-06
L0125,2025-02-07
L0125,2025-02-08
L0125,2025-02-09
L0125,2025-02-10
L0125,2025-02-11
L0125,2025-02-12
L0125,2025-02-13
L0125,2025-02-14
L0125,2025-02-15
L0125,2025-02-16
L0125,2025-02-17
L0125,2025-02-18
L0125,2025-02-19
L0125,2025-02-20
L0125,2025-02-21
L0125,2025-02-22
L0125,2025-02-23
L0125,2025-02-24
L0125,2025-02-25
L0125,2025-02-26
L0125,2025-02-27
L0125,2025-02-28
L0125,2025-03-01
L0125,2025-03-02
L0125,2025-03-03
L0125,2025-03-04
L0125,2025-03-05
L0125,2025-03-06
L0125,2025-03-07
L0125,2025-03-08
L0125,2025-03-09
L0125,2025-03-10
L0125,2025-03-11
L0125,2025-03-12
L0125,2025-03-13
L0125,2025-03-14
L0125,2025-03-15
L0125,2025-03-16
L0125,2025-03-17
L0125,2025-03-18
L0125,2025-03-19
L0125,2025-03-20
L0125,2025-03-21
L0125,2025-03-22
L0125,2025-03-23
L0125,2025-03-24
L0125,2025-03-25
L0125,2025-03-26
L0125,2025-03-27
L0125,2025-03-28
L0125,2025-03-29
L0125,2025-03-30
L0125,2025-03-31
L0125,2025-04-01
L0125,2025-04-02
L0125,2025-04-03
L0125,2025-04-04
L0125,2025-04-05
L0125,2025-04-06
L0125,2025-04-07
L0125,2025-04-08
L0125,2025-04-09
L0125,2025-04-10
L0125,2025-04-11
L0125,2025-04-12
L0125,2025-04-13
L0125,2025-04-14
L0125,2025-04-15
L0125,2025-04-16
L0125,2025-04-17
L0125,2025-04-18
L0125,2025-04-19
L0125,2025-04-20
L0125,2025-04-21
L0125,2025-04-22
L0125,2025-04-23
L0125,2025-04-24
L0125,2025-04-25
L0125,2025-04-26
L0125,2025-04-27
L0125,2025-04-28
L0125,2025-04-29
L0125,2025-04-30
L0125,2025-05-01
L0125,2025-05-02
L0125,2025-05-03
L0125,2025-05-04
L0125,2025-05-05
L0125,2025-05-06
L0125,2025-05-07
L0125,2025-05-08
L0125,2025-05-09
L0125,2025-05-10
L0125,2025-05-11
L0125,2025-05-12
L0125,2025-05-13
L0125,2025-05-14
L0125,2025-05-15
L0125,2025-05-16
L0125,2025-05-17
L0125,2025-05-18
L0125,2025-05-19
L0125,2025-05-20
L0125,2025-05-21
L0125,2025-05-22
L0125,2025-05-23
L0125,2025-05-24
L0125,2025-05-25
L0125,2025-05-26
L0125,2025-05-27
L0125,2025-05-28
L0125,2025-05-29
L0125,2025-05-30
L0125,2025-05-31
L0125,2025-06-01
L0125,2025-06-02
L0125,2025-06-03
L0125,2025-06-04
L0125,2025-06-05
L0125,2025-06-06
L0125,2025-06-07
L0125,2025-06-08
L0125,2025-06-09
L0125,2025-06-10
L0125,2025-06-11
L0125,2025-06-12
L0125,2025-06-13
L0125,2025-06-14
L0125,2025-06-15
L0125,2025-06-16
L0125,2025-06-17
L0125,2025-06-18
L0125,2025-06-19
L0125,2025-06-20
L0125,2025-06-21
L0125,2025-06-22
L0125,2025-06-23
L0125,2025-06-24
L0125,2025-06-25
L0125,2025-06-26
L0125,2025-06-27
L0125,2025-06-28
L0125,2025-06-29
L0126,2025-01-01
L0126,2025-01-02
L0126,2025-01-03
L0126,2025-01-04
L0126,2025-01-05
L0126,2025-01-06
L0126,2025-01-07
L0126,2025-01-08
L0126,2025-01-09
L0126,2025-01-10
L0126,2025-01-11
L0126,2025-01-12
L0126,2025-01-13
L0126,2025-01-14
L0126,2025-01-15
L0126,2025-01-16
L0126,2025-01-17
L0126,2025-01-18
L0126,2025-01-19
L0126,2025-01-20
L0126,2025-01-21
L0126,2025-01-22
L0126,2025-01-23
L0126,2025-01-24
L0126,2025-01-25
L0126,2025-01-26
L0126,2025-01-27
L0126,2025-01-28
L0126,2025-01-29
L0126,2025-01-30
L0126,2025-01-31
L0126,2025-02-01
L0126,2025-02-02
L0126,2025-02-03
L0126,2025-02-04
L0126,2025-02-05
L0126,2025-02-06
L0126,2025-02-07
L0126,2025-02-08
L0126,2025-02-09
L0126,2025-02-10
L0126,2025-02-11
L0126,2025-02-12
L0126,2025-02-13
L0126,2025-02-14
L0126,2025-02-15
L0126,2025-02-16
L0126,2025-02-17
L0126,2025-02-18
L0126,2025-02-19
L0126,2025-02-20
L0126,2025-02-21
L0126,2025-02-22
L0126,2025-02-23
L0126,2025-02-24
L0126,2025-02-25
L0126,2025-02-26
L0126,2025-02-27
L0126,2025-02-28
L0126,2025-03-01
L0126,2025-03-02
L0126,2025-03-03
L0126,2025-03-04
L0126,2025-03-05
L0126,2025-03-06
L0126,2025-03-07
L0126,2025-03-08
L0126,2025-03-09
L0126,2025-03-10
L0126,2025-03-11
L0126,2025-03-12
L0126,2025-03-13
L0126,2025-03-14
L0126,2025-03-15
L0126,2025-03-16
L0126,2025-03-17
L0126,2025-03-18
L0126,2025-03-19
L0126,2025-03-20
L0126,2025-03-21
L0126,2025-03-22
L0126,2025-03-23
L0126,2025-03-24
L0126,2025-03-25
L0126,2025-03-26
L0126,2025-03-27
L0126,2025-03-28
L0126,2025-03-29
L0126,2025-03-30
L0126,2025-03-31
L0126,2025-04-01
L0126,2025-04-02
L0126,2025-04-03
L0126,2025-04-04
L0126,2025-04-05
L0126,2025-04-06
L0126,2025-04-07
L0126,2025-04-08
L0126,2025-04-09
L0126,2025-04-10
L0126,2025-04-11
L0126,2025-04-12
L0126,2025-04-13
L0126,2025-04-14
L0126,2025-04-15
L0126,2025-04-16
L0126,2025-04-17
L0126,2025-04-18
L0126,2025-04-19
L0126,2025-04-20
L0126,2025-04-21
L0126,2025-04-22
L0126,2025-04-23
L0126,2025-04-24
L0126,2025-04-25
L0126,2025-04-26
L0126,2025-04-27
L0126,2025-04-28
L0126,2025-04-29
L0126,2025-04-30
L0126,2025-05-01
L0126,2025-05-02
L0126,2025-05-03
L0126,2025-05-04
L0126,2025-05-05
L0126,2025-05-06
L0126,2025-05-07
L0126,2025-05-08
L0126,2025-05-09
L0126,2025-05-10
L0126,2025-05-11
L0126,2025-05-12
L0126,2025-05-13
L0126,2025-05-14
L0126,2025-05-15
L0126,2025-05-16
L0126,2025-05-17
L0126,2025-05-18
L0126,2025-05-19
L0126,2025-05-20
L0126,2025-05-21
L0126,2025-05-22
L0126,2025-05-23
L0126,2025-05-24
L0126,2025-05-25
L0126,2025-05-26
L0126,2025-05-27
L0126,2025-05-28
L0126,2025-05-29
L0126,2025-05-30
L0126,2025-05-31
L0126,2025-06-01
L0126,2025-06-02
L0126,2025-06-03
L0126,2025-06-04
L0126,2025-06-05
L0126,2025-06-06
L0126,2025-06-07
L0126,2025-06-08
L0126,2025-06-09
L0126,2025-06-10
L0126,2025-06-11
L0126,2025-06-12
L0126,2025-06-13
L0126,2025-06-14
L0126,2025-06-15
L0126,2025-06-16
L0126,2025-06-17
L0126,2025-06-18
L0126,2025-06-19
L0126,2025-06-20
L0126,2025-06-21
L0126,2025-06-22
L0126,2025-06-23
L0126,2025-06-24
L0126,2025-06-25
L0126,2025-06-26
L0126,2025-06-27
L0126,2025-06-28
L0126,2025-06-29
L0127,2025-01-01
L0127,2025-01-02
L0127,2025-01-03
L0127,2025-01-04
L0127,2025-01-05
L0127,2025-01-06
L0127,2025-01-07
L0127,2025-01-08
L0127,2025-01-09
L0127,2025-01-10
L0127,2025-01-11
L0127,2025-01-12
L0127,2025-01-13
L0127,2025-01-14
L0127,2025-01-15
L0127,2025-01-16
L0127,2025-01-17
L0127,2025-01-18
L0127,2025-01-19
L0127,2025-01-20
L0127,2025-01-21
L0127,2025-01-22
L0127,2025-01-23
L0127,2025-01-24
L0127,2025-01-25
L0127,2025-01-26
L0127,2025-01-27
L0127,2025-01-28
L0127,2025-01-29
L0127,2025-01-30
L0127,2025-01-31
L0127,2025-02-01
L0127,2025-02-02
L0127,2025-02-03
L0127,2025-02-04
L0127,2025-02-05
L0127,2025-02-06
L0127,2025-02-07
L0127,2025-02-08
L0127,2025-02-09
L0127,2025-02-10
L0127,2025-02-11
L0127,2025-02-12
L0127,2025-02-13
L0127,2025-02-14
L0127,2025-02-15
L0127,2025-02-16
L0127,2025-02-17
L0127,2025-02-18
L0127,2025-02-19
L0127,2025-02-20
L0127,2025-02-21
L0127,2025-02-22
L0127,2025-02-23
L0127,2025-02-24
L0127,2025-02-25
L0127,2025-02-26
L0127,2025-02-27
L0127,2025-02-28
L0127,2025-03-01
L0127,2025-03-02
L0127,2025-03-03
L0127,2025-03-04
L0127,2025-03-05
L0127,2025-03-06
L0127,2025-03-07
L0127,2025-03-08
L0127,2025-03-09
L0127,2025-03-10
L0127,2025-03-11
L0127,2025-03-12
L0127,2025-03-13
L0127,2025-03-14
L0127,2025-03-15
L0127,2025-03-16
L0127,2025-03-17
L0127,2025-03-18
L0127,2025-03-19
L0127,2025-03-20
L0127,2025-03-21
L0127,2025-03-22
L0127,2025-03-23
L0127,2025-03-24
L0127,2025-03-25
L0127,2025-03-26
L0127,2025-03-27
L0127,2025-03-28
L0127,2025-03-29
L0127,2025-03-30
L0127,2025-03-31
L0127,2025-04-01
L0127,2025-04-02
L0127,2025-04-03
L0127,2025-04-04
L0127,2025-04-05
L0127,2025-04-06
L0127,2025-04-07
L0127,2025-04-08
L0127,2025-04-09
L0127,2025-04-10
L0127,2025-04-11
L0127,2025-04-12
L0127,2025-04-13
L0127,2025-04-14
L0127,2025-04-15
L0127,2025-04-16
L0127,2025-04-17
L0127,2025-04-18
L0127,2025-04-19
L0127,2025-04-20
L0127,2025-04-21
L0127,2025-04-22
L0127,2025-04-23
L0127,2025-04-24
L0127,2025-04-25
L0127,2025-04-26
L0127,2025-04-27
L0127,2025-04-28
L0127,2025-04-29
L0127,2025-04-30
L0127,2025-05-01
L0127,2025-05-02
L0127,2025-05-03
L0127,2025-05-04
L0127,2025-05-05
L0127,2025-05-06
L0127,2025-05-07
L0127,2025-05-08
L0127,2025-05-09
L0127,2025-05-10
L0127,2025-05-11
L0127,2025-05-12
L0127,2025-05-13
L0127,2025-05-14
L0127,2025-05-15
L0127,2025-05-16
L0127,2025-05-17
L0127,2025-05-18
L0127,2025-05-19
L0127,2025-05-20
L0127,2025-05-21
L0127,2025-05-22
L0127,2025-05-23
L0127,2025-05-24
L0127,2025-05-25
L0127,2025-05-26
L0127,2025-05-27
L0127,2025-05-28
L0127,2025-05-29
L0127,2025-05-30
L0127,2025-05-31
L0127,2025-06-01
L0127,2025-06-02
L0127,2025-06-03
L0127,2025-06-04
L0127,2025-06-05
L0127,2025-06-06
L0127,2025-06-07
L0127,2025-06-08
L0127,2025-06-09
L0127,2025-06-10
L0127,2025-06-11
L0127,2025-06-12
L0127,2025-06-13
L0127,2025-06-14
L0127,2025-06-15
L0127,2025-06-16
L0127,2025-06-17
L0127,2025-06-18
L0127,2025-06-19
L0127,2025-06-20
L0127,2025-06-21
L0127,2025-06-22
L0127,2025-06-23
L0127,2025-06-24
L0127,2025-06-25
L0127,2025-06-26
L0127,2025-06-27
L0127,2025-06-28
L0127,2025-06-29
L0128,2025-01-01
L0128,2025-01-02
L0128,2025-01-03
L0128,2025-01-04
L0128,2025-01-05
L0128,2025-01-06
L0128,2025-01-07
L0128,2025-01-08
L0128,2025-01-09
L0128,2025-01-10
L0128,2025-01-11
L0128,2025-01-12
L0128,2025-01-13
L0128,2025-01-14
L0128,2025-01-15
L0128,2025-01-16
L0128,2025-01-17
L0128,2025-01-18
L0128,2025-01-19
L0128,2025-01-20
L0128,2025-01-21
L0128,2025-01-22
L0128,2025-01-23
L0128,2025-01-24
L0128,2025-01-25
L0128,2025-01-26
L0128,2025-01-27
L0128,2025-01-28
L0128,2025-01-29
L0128,2025-01-30
L0128,2025-01-31
L0128,2025-02-01
L0128,2025-02-02
L0128,2025-02-03
L0128,2025-02-04
L0128,2025-02-05
L0128,2025-02-06
L0128,2025-02-07
L0128,2025-02-08
L0128,2025-02-09
L0128,2025-02-10
L0128,2025-02-11
L0128,2025-02-12
L0128,2025-02-13
L0128,2025-02-14
L0128,2025-02-15
L0128,2025-02-16
L0128,2025-02-17
L0128,2025-02-18
L0128,2025-02-19
L0128,2025-02-20
L0128,2025-02-21
L0128,2025-02-22
L0128,2025-02-23
L0128,2025-02-24
L0128,2025-02-25
L0128,2025-02-26
L0128,2025-02-27
L0128,2025-02-28
L0128,2025-03-01
L0128,2025-03-02
L0128,2025-03-03
L0128,2025-03-04
L0128,2025-03-05
L0128,2025-03-06
L0128,2025-03-07
L0128,2025-03-08
L0128,2025-03-09
L0128,2025-03-10
L0128,2025-03-11
L0128,2025-03-12
L0128,2025-03-13
L0128,2025-03-14
L0128,2025-03-15
L0128,2025-03-16
L0128,2025-03-17
L0128,2025-03-18
L0128,2025-03-19
L0128,2025-03-20
L0128,2025-03-21
L0128,2025-03-22
L0128,2025-03-23
L0128,2025-03-24
L0128,2025-03-25
L0128,2025-03-26
L0128,2025-03-27
L0128,2025-03-28
L0128,2025-03-29
L0128,2025-03-30
L0128,2025-03-31
L0128,2025-04-01
L0128,2025-04-02
L0128,2025-04-03
L0128,2025-04-04
L0128,2025-04-05
L0128,2025-04-06
L0128,2025-04-07
L0128,2025-04-08
L0128,2025-04-09
L0128,2025-04-10
L0128,2025-04-11
L0128,2025-04-12
L0128,2025-04-13
L0128,2025-04-14
L0128,2025-04-15
L0128,2025-04-16
L0128,2025-04-17
L0128,2025-04-18
L0128,2025-04-19
L0128,2025-04-20
L0128,2025-04-21
L0128,2025-04-22
L0128,2025-04-23
L0128,2025-04-24
L0128,2025-04-25
L0128,2025-04-26
L0128,2025-04-27
L0128,2025-04-28
L0128,2025-04-29
L0128,2025-04-30
L0128,2025-05-01
L0128,2025-05-02
L0128,2025-05-03
L0128,2025-05-04
L0128,2025-05-05
L0128,2025-05-06
L0128,2025-05-07
L0128,2025-05-08
L0128,2025-05-09
L0128,2025-05-10
L0128,2025-05-11
L0128,2025-05-12
L0128,2025-05-13
L0128,2025-05-14
L0128,2025-05-15
L0128,2025-05-16
L0128,2025-05-17
L0128,2025-05-18
L0128,2025-05-19
L0128,2025-05-20
L0128,2025-05-21
L0128,2025-05-22
L0128,2025-05-23
L0128,2025-05-24
L0128,2025-05-25
L0128,2025-05-26
L0128,2025-05-27
L0128,2025-05-28
L0128,2025-05-29
L0128,2025-05-30
L0128,2025-05-31
L0128,2025-06-01
L0128,2025-06-02
L0128,2025-06-03
L0128,2025-06-04
L0128,2025-06-05
L0128,2025-06-06
L0128,2025-06-07
L0128,2025-06-08
L0128,2025-06-09
L0128,2025-06-10
L0128,2025-06-11
L0128,2025-06-12
L0128,2025-06-13
L0128,2025-06-14
L0128,2025-06-15
L0128,2025-06-16
L0128,2025-06-17
L0128,2025-06-18
L0128,2025-06-19
L0128,2025-06-20
L0128,2025-06-21
L0128,2025-06-22
L0128,2025-06-23
L0128,2025-06-24
L0128,2025-06-25
L0128,2025-06-26
L0128,2025-06-27
L0128,2025-06-28
L0128,2025-06-29
L0129,2025-01-01
L0129,2025-01-02
L0129,2025-01-03
L0129,2025-01-04
L0129,2025-01-05
L0129,2025-01-06
L0129,2025-01-07
L0129,2025-01-08
L0129,2025-01-09
L0129,2025-01-10
L0129,2025-01-11
L0129,2025-01-12
L0129,2025-01-13
L0129,2025-01-14
L0129,2025-01-15
L0129,2025-01-16
L0129,2025-01-17
L0129,2025-01-18
L0129,2025-01-19
L0129,2025-01-20
L0129,2025-01-21
L0129,2025-01-22
L0129,2025-01-23
L0129,2025-01-24
L0129,2025-01-25
L0129,2025-01-26
L0129,2025-01-27
L0129,2025-01-28
L0129,2025-01-29
L0129,2025-01-30
L0129,2025-01-31
L0129,2025-02-01
L0129,2025-02-02
L0129,2025-02-03
L0129,2025-02-04
L0129,2025-02-05
L0129,2025-02-06
L0129,2025-02-07
L0129,2025-02-08
L0129,2025-02-09
L0129,2025-02-10
L0129,2025-02-11
L0129,2025-02-12
L0129,2025-02-13
L0129,2025-02-14
L0129,2025-02-15
L0129,2025-02-16
L0129,2025-02-17
L0129,2025-02-18
L0129,2025-02-19
L0129,2025-02-20
L0129,2025-02-21
L0129,2025-02-22
L0129,2025-02-23
L0129,2025-02-24
L0129,2025-02-25
L0129,2025-02-26
L0129,2025-02-27
L0129,2025-02-28
L0129,2025-03-01
L0129,2025-03-02
L0129,2025-03-03
L0129,2025-03-04
L0129,2025-03-05
L0129,2025-03-06
L0129,2025-03-07
L0129,2025-03-08
L0129,2025-03-09
L0129,2025-03-10
L0129,2025-03-11
L0129,2025-03-12
L0129,2025-03-13
L0129,2025-03-14
L0129,2025-03-15
L0129,2025-03-16
L0129,2025-03-17
L0129,2025-03-18
L0129,2025-03-19
L0129,2025-03-20
L0129,2025-03-21
L0129,2025-03-22
L0129,2025-03-23
L0129,2025-03-24
L0129,2025-03-25
L0129,2025-03-26
L0129,2025-03-27
L0129,2025-03-28
L0129,2025-03-29
L0129,2025-03-30
L0129,2025-03-31
L0129,2025-04-01
L0129,2025-04-02
L0129,2025-04-03
L0129,2025-04-04
L0129,2025-04-05
L0129,2025-04-06
L0129,2025-04-07
L0129,2025-04-08
L0129,2025-04-09
L0129,2025-04-10
L0129,2025-04-11
L0129,2025-04-12
L0129,2025-04-13
L0129,2025-04-14
L0129,2025-04-15
L0129,2025-04-16
L0129,2025-04-17
L0129,2025-04-18
L0129,2025-04-19
L0129,2025-04-20
L0129,2025-04-21
L0129,2025-04-22
L0129,2025-04-23
L0129,2025-04-24
L0129,2025-04-25
L0129,2025-04-26
L0129,2025-04-27
L0129,2025-04-28
L0129,2025-04-29
L0129,2025-04-30
L0129,2025-05-01
L0129,2025-05-02
L0129,2025-05-03
L0129,2025-05-04
L0129,2025-05-05
L0129,2025-05-06
L0129,2025-05-07
L0129,2025-05-08
L0129,2025-05-09
L0129,2025-05-10
L0129,2025-05-11
L0129,2025-05-12
L0129,2025-05-13
L0129,2025-05-14
L0129,2025-05-15
L0129,2025-05-16
L0129,2025-05-17
L0129,2025-05-18
L0129,2025-05-19
L0129,2025-05-20
L0129,2025-05-21
L0129,2025-05-22
L0129,2025-05-23
L0129,2025-05-24
L0129,2025-05-25
L0129,2025-05-26
L0129,2025-05-27
L0129,2025-05-28
L0129,2025-05-29
L0129,2025-05-30
L0129,2025-05-31
L0129,2025-06-01
L0129,2025-06-02
L0129,2025-06-03
L0129,2025-06-04
L0129,2025-06-05
L0129,2025-06-06
L0129,2025-06-07
L0129,2025-06-08
L0129,2025-06-09
L0129,2025-06-10
L0129,2025-06-11
L0129,2025-06-12
L0129,2025-06-13
L0129,2025-06-14
L0129,2025-06-15
L0129,2025-06-16
L0129,2025-06-17
L0129,2025-06-18
L0129,2025-06-19
L0129,2025-06-20
L0129,2025-06-21
L0129,2025-06-22
L0129,2025-06-23
L0129,2025-06-24
L0129,2025-06-25
L0129,2025-06-26
L0129,2025-06-27
L0129,2025-06-28
L0129,2025-06-29
L0130,2025-01-01
L0130,2025-01-02
L0130,2025-01-03
L0130,2025-01-04
L0130,2025-01-05
L0130,2025-01-06
L0130,2025-01-07
L0130,2025-01-08
L0130,2025-01-09
L0130,2025-01-10
L0130,2025-01-11
L0130,2025-01-12
L0130,2025-01-13
L0130,2025-01-14
L0130,2025-01-15
L0130,2025-01-16
L0130,2025-01-17
L0130,2025-01-18
L0130,2025-01-19
L0130,2025-01-20
L0130,2025-01-21
L0130,2025-01-22
L0130,2025-01-23
L0130,2025-01-24
L0130,2025-01-25
L0130,2025-01-26
L0130,2025-01-27
L0130,2025-01-28
L0130,2025-01-29
L0130,2025-01-30
L0130,2025-01-31
L0130,2025-02-01
L0130,2025-02-02
L0130,2025-02-03
L0130,2025-02-04
L0130,2025-02-05
L0130,2025-02-06
L0130,2025-02-07
L0130,2025-02-08
L0130,2025-02-09
L0130,2025-02-10
L0130,2025-02-11
L0130,2025-02-12
L0130,2025-02-13
L0130,2025-02-14
L0130,2025-02-15
L0130,2025-02-16
L0130,2025-02-17
L0130,2025-02-18
L0130,2025-02-19
L0130,2025-02-20
L0130,2025-02-21
L0130,2025-02-22
L0130,2025-02-23
L0130,2025-02-24
L0130,2025-02-25
L0130,2025-02-26
L0130,2025-02-27
L0130,2025-02-28
L0130,2025-03-01
L0130,2025-03-02
L0130,2025-03-03
L0130,2025-03-04
L0130,2025-03-05
L0130,2025-03-06
L0130,2025-03-07
L0130,2025-03-08
L0130,2025-03-09
L0130,2025-03-10
L0130,2025-03-11
L0130,2025-03-12
L0130,2025-03-13
L0130,2025-03-14
L0130,2025-03-15
L0130,2025-03-16
L0130,2025-03-17
L0130,2025-03-18
L0130,2025-03-19
L0130,2025-03-20
L0130,2025-03-21
L0130,2025-03-22
L0130,2025-03-23
L0130,2025-03-24
L0130,2025-03-25
L0130,2025-03-26
L0130,2025-03-27
L0130,2025-03-28
L0130,2025-03-29
L0130,2025-03-30
L0130,2025-03-31
L0130,2025-04-01
L0130,2025-04-02
L0130,2025-04-03
L0130,2025-04-04
L0130,2025-04-05
L0130,2025-04-06
L0130,2025-04-07
L0130,2025-04-08
L0130,2025-04-09
L0130,2025-04-10
L0130,2025-04-11
L0130,2025-04-12
L0130,2025-04-13
L0130,2025-04-14
L0130,2025-04-15
L0130,2025-04-16
L0130,2025-04-17
L0130,2025-04-18
L0130,2025-04-19
L0130,2025-04-20
L0130,2025-04-21
L0130,2025-04-22
L0130,2025-04-23
L0130,2025-04-24
L0130,2025-04-25
L0130,2025-04-26
L0130,2025-04-27
L0130,2025-04-28
L0130,2025-04-29
L0130,2025-04-30
L0130,2025-05-01
L0130,2025-05-02
L0130,2025-05-03
L0130,2025-05-04
L0130,2025-05-05
L0130,2025-05-06
L0130,2025-05-07
L0130,2025-05-08
L0130,2025-05-09
L0130,2025-05-10
L0130,2025-05-11
L0130,2025-05-12
L0130,2025-05-13
L0130,2025-05-14
L0130,2025-05-15
L0130,2025-05-16
L0130,2025-05-17
L0130,2025-05-18
L0130,2025-05-19
L0130,2025-05-20
L0130,2025-05-21
L0130,2025-05-22
L0130,2025-05-23
L0130,2025-05-24
L0130,2025-05-25
L0130,2025-05-26
L0130,2025-05-27
L0130,2025-05-28
L0130,2025-05-29
L0130,2025-05-30
L0130,2025-05-31
L0130,2025-06-01
L0130,2025-06-02
L0130,2025-06-03
L0130,2025-06-04
L0130,2025-06-05
L0130,2025-06-06
L0130,2025-06-07
L0130,2025-06-08
L0130,2025-06-09
L0130,2025-06-10
L0130,2025-06-11
L0130,2025-06-12
L0130,2025-06-13
L0130,2025-06-14
L0130,2025-06-15
L0130,2025-06-16
L0130,2025-06-17
L0130,2025-06-18
L0130,2025-06-19
L0130,2025-06-20
L0130,2025-06-21
L0130,2025-06-22
L0130,2025-06-23
L0130,2025-06-24
L0130,2025-06-25
L0130,2025-06-26
L0130,2025-06-27
L0130,2025-06-28
L0130,2025-06-29
L0131,2025-01-01
L0131,2025-01-02
L0131,2025-01-03
L0131,2025-01-04
L0131,2025-01-05
L0131,2025-01-06
L0131,2025-01-07
L0131,2025-01-08
L0131,2025-01-09
L0131,2025-01-10
L0131,2025-01-11
L0131,2025-01-12
L0131,2025-01-13
L0131,2025-01-14
L0131,2025-01-15
L0131,2025-01-16
L0131,2025-01-17
L0131,2025-01-18
L0131,2025-01-19
L0131,2025-01-20
L0131,2025-01-21
L0131,2025-01-22
L0131,2025-01-23
L0131,2025-01-24
L0131,2025-01-25
L0131,2025-01-26
L0131,2025-01-27
L0131,2025-01-28
L0131,2025-01-29
L0131,2025-01-30
L0131,2025-01-31
L0131,2025-02-01
L0131,2025-02-02
L0131,2025-02-03
L0131,2025-02-04
L0131,2025-02-05
L0131,2025-02-06
L0131,2025-02-07
L0131,2025-02-08
L0131,2025-02-09
L0131,2025-02-10
L0131,2025-02-11
L0131,2025-02-12
L0131,2025-02-13
L0131,2025-02-14
L0131,2025-02-15
L0131,2025-02-16
L0131,2025-02-17
L0131,2025-02-18
L0131,2025-02-19
L0131,2025-02-20
L0131,2025-02-21
L0131,2025-02-22
L0131,2025-02-23
L0131,2025-02-24
L0131,2025-02-25
L0131,2025-02-26
L0131,2025-02-27
L0131,2025-02-28
L0131,2025-03-01
L0131,2025-03-02
L0131,2025-03-03
L0131,2025-03-04
L0131,2025-03-05
L0131,2025-03-06
L0131,2025-03-07
L0131,2025-03-08
L0131,2025-03-09
L0131,2025-03-10
L0131,2025-03-11
L0131,2025-03-12
L0131,2025-03-13
L0131,2025-03-14
L0131,2025-03-15
L0131,2025-03-16
L0131,2025-03-17
L0131,2025-03-18
L0131,2025-03-19
L0131,2025-03-20
L0131,2025-03-21
L0131,2025-03-22
L0131,2025-03-23
L0131,2025-03-24
L0131,2025-03-25
L0131,2025-03-26
L0131,2025-03-27
L0131,2025-03-28
L0131,2025-03-29
L0131,2025-03-30
L0131,2025-03-31
L0131,2025-04-01
L0131,2025-04-02
L0131,2025-04-03
L0131,2025-04-04
L0131,2025-04-05
L0131,2025-04-06
L0131,2025-04-07
L0131,2025-04-08
L0131,2025-04-09
L0131,2025-04-10
L0131,2025-04-11
L0131,2025-04-12
L0131,2025-04-13
L0131,2025-04-14
L0131,2025-04-15
L0131,2025-04-16
L0131,2025-04-17
L0131,2025-04-18
L0131,2025-04-19
L0131,2025-04-20
L0131,2025-04-21
L0131,2025-04-22
L0131,2025-04-23
L0131,2025-04-24
L0131,2025-04-25
L0131,2025-04-26
L0131,2025-04-27
L0131,2025-04-28
L0131,2025-04-29
L0131,2025-04-30
L0131,2025-05-01
L0131,2025-05-02
L0131,2025-05-03
L0131,2025-05-04
L0131,2025-05-05
L0131,2025-05-06
L0131,2025-05-07
L0131,2025-05-08
L0131,2025-05-09
L0131,2025-05-10
L0131,2025-05-11
L0131,2025-05-12
L0131,2025-05-13
L0131,2025-05-14
L0131,2025-05-15
L0131,2025-05-16
L0131,2025-05-17
L0131,2025-05-18
L0131,2025-05-19
L0131,2025-05-20
L0131,2025-05-21
L0131,2025-05-22
L0131,2025-05-23
L0131,2025-05-24
L0131,2025-05-25
L0131,2025-05-26
L0131,2025-05-27
L0131,2025-05-28
L0131,2025-05-29
L0131,2025-05-30
L0131,2025-05-31
L0131,2025-06-01
L0131,2025-06-02
L0131,2025-06-03
L0131,2025-06-04
L0131,2025-06-05
L0131,2025-06-06
L0131,2025-06-07
L0131,2025-06-08
L0131,2025-06-09
L0131,2025-06-10
L0131,2025-06-11
L0131,2025-06-12
L0131,2025-06-13
L0131,2025-06-14
L0131,2025-06-15
L0131,2025-06-16
L0131,2025-06-17
L0131,2025-06-18
L0131,2025-06-19
L0131,2025-06-20
L0131,2025-06-21
L0131,2025-06-22
L0131,2025-06-23
L0131,2025-06-24
L0131,2025-06-25
L0131,2025-06-26
L0131,2025-06-27
L0131,2025-06-28
L0131,2025-06-29
L0132,2025-01-01
L0132,2025-01-02
L0132,2025-01-03
L0132,2025-01-04
L0132,2025-01-05
L0132,2025-01-06
L0132,2025-01-07
L0132,2025-01-08
L0132,2025-01-09
L0132,2025-01-10
L0132,2025-01-11
L0132,2025-01-12
L0132,2025-01-13
L0132,2025-01-14
L0132,2025-01-15
L0132,2025-01-16
L0132,2025-01-17
L0132,2025-01-18
L0132,2025-01-19
L0132,2025-01-20
L0132,2025-01-21
L0132,2025-01-22
L0132,2025-01-23
L0132,2025-01-24
L0132,2025-01-25
L0132,2025-01-26
L0132,2025-01-27
L0132,2025-01-28
L0132,2025-01-29
L0132,2025-01-30
L0132,2025-01-31
L0132,2025-02-01
L0132,2025-02-02
L0132,2025-02-03
L0132,2025-02-04
L0132,2025-02-05
L0132,2025-02-06
L0132,2025-02-07
L0132,2025-02-08
L0132,2025-02-09
L0132,2025-02-10
L0132,2025-02-11
L0132,2025-02-12
L0132,2025-02-13
L0132,2025-02-14
L0132,2025-02-15
L0132,2025-02-16
L0132,2025-02-17
L0132,2025-02-18
L0132,2025-02-19
L0132,2025-02-20
L0132,2025-02-21
L0132,2025-02-22
L0132,2025-02-23
L0132,2025-02-24
L0132,2025-02-25
L0132,2025-02-26
L0132,2025-02-27
L0132,2025-02-28
L0132,2025-03-01
L0132,2025-03-02
L0132,2025-03-03
L0132,2025-03-04
L0132,2025-03-05
L0132,2025-03-06
L0132,2025-03-07
L0132,2025-03-08
L0132,2025-03-09
L0132,2025-03-10
L0132,2025-03-11
L0132,2025-03-12
L0132,2025-03-13
L0132,2025-03-14
L0132,2025-03-15
L0132,2025-03-16
L0132,2025-03-17
L0132,2025-03-18
L0132,2025-03-19
L0132,2025-03-20
L0132,2025-03-21
L0132,2025-03-22
L0132,2025-03-23
L0132,2025-03-24
L0132,2025-03-25
L0132,2025-03-26
L0132,2025-03-27
L0132,2025-03-28
L0132,2025-03-29
L0132,2025-03-30
L0132,2025-03-31
L0132,2025-04-01
L0132,2025-04-02
L0132,2025-04-03
L0132,2025-04-04
L0132,2025-04-05
L0132,2025-04-06
L0132,2025-04-07
L0132,2025-04-08
L0132,2025-04-09
L0132,2025-04-10
L0132,2025-04-11
L0132,2025-04-12
L0132,2025-04-13
L0132,2025-04-14
L0132,2025-04-15
L0132,2025-04-16
L0132,2025-04-17
L0132,2025-04-18
L0132,2025-04-19
L0132,2025-04-20
L0132,2025-04-21
L0132,2025-04-22
L0132,2025-04-23
L0132,2025-04-24
L0132,2025-04-25
L0132,2025-04-26
L0132,2025-04-27
L0132,2025-04-28
L0132,2025-04-29
L0132,2025-04-30
L0132,2025-05-01
L0132,2025-05-02
L0132,2025-05-03
L0132,2025-05-04
L0132,2025-05-05
L0132,2025-05-06
L0132,2025-05-07
L0132,2025-05-08
L0132,2025-05-09
L0132,2025-05-10
L0132,2025-05-11
L0132,2025-05-12
L0132,2025-05-13
L0132,2025-05-14
L0132,2025-05-15
L0132,2025-05-16
L0132,2025-05-17
L0132,2025-05-18
L0132,2025-05-19
L0132,2025-05-20
L0132,2025-05-21
L0132,2025-05-22
L0132,2025-05-23
L0132,2025-05-24
L0132,2025-05-25
L0132,2025-05-26
L0132,2025-05-27
L0132,2025-05-28
L0132,2025-05-29
L0132,2025-05-30
L0132,2025-05-31
L0132,2025-06-01
L0132,2025-06-02
L0132,2025-06-03
L0132,2025-06-04
L0132,2025-06-05
L0132,2025-06-06
L0132,2025-06-07
L0132,2025-06-08
L0132,2025-06-09
L0132,2025-06-10
L0132,2025-06-11
L0132,2025-06-12
L0132,2025-06-13
L0132,2025-06-14
L0132,2025-06-15
L0132,2025-06-16
L0132,2025-06-17
L0132,2025-06-18
L0132,2025-06-19
L0132,2025-06-20
L0132,2025-06-21
L0132,2025-06-22
L0132,2025-06-23
L0132,2025-06-24
L0132,2025-06-25
L0132,2025-06-26
L0132,2025-06-27
L0132,2025-06-28
L0132,2025-06-29
L0133,2025-01-01
L0133,2025-01-02
L0133,2025-01-03
L0133,2025-01-04
L0133,2025-01-05
L0133,2025-01-06
L0133,2025-01-07
L0133,2025-01-08
L0133,2025-01-09
L0133,2025-01-10
L0133,2025-01-11
L0133,2025-01-12
L0133,2025-01-13
L0133,2025-01-14
L0133,2025-01-15
L0133,2025-01-16
L0133,2025-01-17
L0133,2025-01-18
L0133,2025-01-19
L0133,2025-01-20
L0133,2025-01-21
L0133,2025-01-22
L0133,2025-01-23
L0133,2025-01-24
L0133,2025-01-25
L0133,2025-01-26
L0133,2025-01-27
L0133,2025-01-28
L0133,2025-01-29
L0133,2025-01-30
L0133,2025-01-31
L0133,2025-02-01
L0133,2025-02-02
L0133,2025-02-03
L0133,2025-02-04
L0133,2025-02-05
L0133,2025-02-06
L0133,2025-02-07
L0133,2025-02-08
L0133,2025-02-09
L0133,2025-02-10
L0133,2025-02-11
L0133,2025-02-12
L0133,2025-02-13
L0133,2025-02-14
L0133,2025-02-15
L0133,2025-02-16
L0133,2025-02-17
L0133,2025-02-18
L0133,2025-02-19
L0133,2025-02-20
L0133,2025-02-21
L0133,2025-02-22
L0133,2025-02-23
L0133,2025-02-24
L0133,2025-02-25
L0133,2025-02-26
L0133,2025-02-27
L0133,2025-02-28
L0133,2025-03-01
L0133,2025-03-02
L0133,2025-03-03
L0133,2025-03-04
L0133,2025-03-05
L0133,2025-03-06
L0133,2025-03-07
L0133,2025-03-08
L0133,2025-03-09
L0133,2025-03-10
L0133,2025-03-11
L0133,2025-03-12
L0133,2025-03-13
L0133,2025-03-14
L0133,2025-03-15
L0133,2025-03-16
L0133,2025-03-17
L0133,2025-03-18
L0133,2025-03-19
L0133,2025-03-20
L0133,2025-03-21
L0133,2025-03-22
L0133,2025-03-23
L0133,2025-03-24
L0133,2025-03-25
L0133,2025-03-26
L0133,2025-03-27
L0133,2025-03-28
L0133,2025-03-29
L0133,2025-03-30
L0133,2025-03-31
L0133,2025-04-01
L0133,2025-04-02
L0133,2025-04-03
L0133,2025-04-04
L0133,2025-04-05
L0133,2025-04-06
L0133,2025-04-07
L0133,2025-04-08
L0133,2025-04-09
L0133,2025-04-10
L0133,2025-04-11
L0133,2025-04-12
L0133,2025-04-13
L0133,2025-04-14
L0133,2025-04-15
L0133,2025-04-16
L0133,2025-04-17
L0133,2025-04-18
L0133,2025-04-19
L0133,2025-04-20
L0133,2025-04-21
L0133,2025-04-22
L0133,2025-04-23
L0133,2025-04-24
L0133,2025-04-25
L0133,2025-04-26
L0133,2025-04-27
L0133,2025-04-28
L0133,2025-04-29
L0133,2025-04-30
L0133,2025-05-01
L0133,2025-05-02
L0133,2025-05-03
L0133,2025-05-04
L0133,2025-05-05
L0133,2025-05-06
L0133,2025-05-07
L0133,2025-05-08
L0133,2025-05-09
L0133,2025-05-10
L0133,2025-05-11
L0133,2025-05-12
L0133,2025-05-13
L0133,2025-05-14
L0133,2025-05-15
L0133,2025-05-16
L0133,2025-05-17
L0133,2025-05-18
L0133,2025-05-19
L0133,2025-05-20
L0133,2025-05-21
L0133,2025-05-22
L0133,2025-05-23
L0133,2025-05-24
L0133,2025-05-25
L0133,2025-05-26
L0133,2025-05-27
L0133,2025-05-28
L0133,2025-05-29
L0133,2025-05-30
L0133,2025-05-31
L0133,2025-06-01
L0133,2025-06-02
L0133,2025-06-03
L0133,2025-06-04
L0133,2025-06-05
L0133,2025-06-06
L0133,2025-06-07
L0133,2025-06-08
L0133,2025-06-09
L0133,2025-06-10
L0133,2025-06-11
L0133,2025-06-12
L0133,2025-06-13
L0133,2025-06-14
L0133,2025-06-15
L0133,2025-06-16
L0133,2025-06-17
L0133,2025-06-18
L0133,2025-06-19
L0133,2025-06-20
L0133,2025-06-21
L0133,2025-06-22
L0133,2025-06-23
L0133,2025-06-24
L0133,2025-06-25
L0133,2025-06-26
L0133,2025-06-27
L0133,2025-06-28
L0133,2025-06-29
L0134,2025-01-01
L0134,2025-01-02
L0134,2025-01-03
L0134,2025-01-04
L0134,2025-01-05
L0134,2025-01-06
L0134,2025-01-07
L0134,2025-01-08
L0134,2025-01-09
L0134,2025-01-10
L0134,2025-01-11
L0134,2025-01-12
L0134,2025-01-13
L0134,2025-01-14
L0134,2025-01-15
L0134,2025-01-16
L0134,2025-01-17
L0134,2025-01-18
L0134,2025-01-19
L0134,2025-01-20
L0134,2025-01-21
L0134,2025-01-22
L0134,2025-01-23
L0134,2025-01-24
L0134,2025-01-25
L0134,2025-01-26
L0134,2025-01-27
L0134,2025-01-28
L0134,2025-01-29
L0134,2025-01-30
L0134,2025-01-31
L0134,2025-02-01
L0134,2025-02-02
L0134,2025-02-03
L0134,2025-02-04
L0134,2025-02-05
L0134,2025-02-06
L0134,2025-02-07
L0134,2025-02-08
L0134,2025-02-09
L0134,2025-02-10
L0134,2025-02-11
L0134,2025-02-12
L0134,2025-02-13
L0134,2025-02-14
L0134,2025-02-15
L0134,2025-02-16
L0134,2025-02-17
L0134,2025-02-18
L0134,2025-02-19
L0134,2025-02-20
L0134,2025-02-21
L0134,2025-02-22
L0134,2025-02-23
L0134,2025-02-24
L0134,2025-02-25
L0134,2025-02-26
L0134,2025-02-27
L0134,2025-02-28
L0134,2025-03-01
L0134,2025-03-02
L0134,2025-03-03
L0134,2025-03-04
L0134,2025-03-05
L0134,2025-03-06
L0134,2025-03-07
L0134,2025-03-08
L0134,2025-03-09
L0134,2025-03-10
L0134,2025-03-11
L0134,2025-03-12
L0134,2025-03-13
L0134,2025-03-14
L0134,2025-03-15
L0134,2025-03-16
L0134,2025-03-17
L0134,2025-03-18
L0134,2025-03-19
L0134,2025-03-20
L0134,2025-03-21
L0134,2025-03-22
L0134,2025-03-23
L0134,2025-03-24
L0134,2025-03-25
L0134,2025-03-26
L0134,2025-03-27
L0134,2025-03-28
L0134,2025-03-29
L0134,2025-03-30
L0134,2025-03-31
L0134,2025-04-01
L0134,2025-04-02
L0134,2025-04-03
L0134,2025-04-04
L0134,2025-04-05
L0134,2025-04-06
L0134,2025-04-07
L0134,2025-04-08
L0134,2025-04-09
L0134,2025-04-10
L0134,2025-04-11
L0134,2025-04-12
L0134,2025-04-13
L0134,2025-04-14
L0134,2025-04-15
L0134,2025-04-16
L0134,2025-04-17
L0134,2025-04-18
L0134,2025-04-19
L0134,2025-04-20
L0134,2025-04-21
L0134,2025-04-22
L0134,2025-04-23
L0134,2025-04-24
L0134,2025-04-25
L0134,2025-04-26
L0134,2025-04-27
L0134,2025-04-28
L0134,2025-04-29
L0134,2025-04-30
L0134,2025-05-01
L0134,2025-05-02
L0134,2025-05-03
L0134,2025-05-04
L0134,2025-05-05
L0134,2025-05-06
L0134,2025-05-07
L0134,2025-05-08
L0134,2025-05-09
L0134,2025-05-10
L0134,2025-05-11
L0134,2025-05-12
L0134,2025-05-13
L0134,2025-05-14
L0134,2025-05-15
L0134,2025-05-16
L0134,2025-05-17
L0134,2025-05-18
L0134,2025-05-19
L0134,2025-05-20
L0134,2025-05-21
L0134,2025-05-22
L0134,2025-05-23
L0134,2025-05-24
L0134,2025-05-25
L0134,2025-05-26
L0134,2025-05-27
L0134,2025-05-28
L0134,2025-05-29
L0134,2025-05-30
L0134,2025-05-31
L0134,2025-06-01
L0134,2025-06-02
L0134,2025-06-03
L0134,2025-06-04
L0134,2025-06-05
L0134,2025-06-06
L0134,2025-06-07
L0134,2025-06-08
L0134,2025-06-09
L0134,2025-06-10
L0134,2025-06-11
L0134,2025-06-12
L0134,2025-06-13
L0134,2025-06-14
L0134,2025-06-15
L0134,2025-06-16
L0134,2025-06-17
L0134,2025-06-18
L0134,2025-06-19
L0134,2025-06-20
L0134,2025-06-21
L0134,2025-06-22
L0134,2025-06-23
L0134,2025-06-24
L0134,2025-06-25
L0134,2025-06-26
L0134,2025-06-27
L0134,2025-06-28
L0134,2025-06-29
L0135,2025-01-01
L0135,2025-01-02
L0135,2025-01-03
L0135,2025-01-04
L0135,2025-01-05
L0135,2025-01-06
L0135,2025-01-07
L0135,2025-01-08
L0135,2025-01-09
L0135,2025-01-10
L0135,2025-01-11
L0135,2025-01-12
L0135,2025-01-13
L0135,2025-01-14
L0135,2025-01-15
L0135,2025-01-16
L0135,2025-01-17
L0135,2025-01-18
L0135,2025-01-19
L0135,2025-01-20
L0135,2025-01-21
L0135,2025-01-22
L0135,2025-01-23
L0135,2025-01-24
L0135,2025-01-25
L0135,2025-01-26
L0135,2025-01-27
L0135,2025-01-28
L0135,2025-01-29
L0135,2025-01-30
L0135,2025-01-31
L0135,2025-02-01
L0135,2025-02-02
L0135,2025-02-03
L0135,2025-02-04
L0135,2025-02-05
L0135,2025-02-06
L0135,2025-02-07
L0135,2025-02-08
L0135,2025-02-09
L0135,2025-02-10
L0135,2025-02-11
L0135,2025-02-12
L0135,2025-02-13
L0135,2025-02-14
L0135,2025-02-15
L0135,2025-02-16
L0135,2025-02-17
L0135,2025-02-18
L0135,2025-02-19
L0135,2025-02-20
L0135,2025-02-21
L0135,2025-02-22
L0135,2025-02-23
L0135,2025-02-24
L0135,2025-02-25
L0135,2025-02-26
L0135,2025-02-27
L0135,2025-02-28
L0135,2025-03-01
L0135,2025-03-02
L0135,2025-03-03
L0135,2025-03-04
L0135,2025-03-05
L0135,2025-03-06
L0135,2025-03-07
L0135,2025-03-08
L0135,2025-03-09
L0135,2025-03-10
L0135,2025-03-11
L0135,2025-03-12
L0135,2025-03-13
L0135,2025-03-14
L0135,2025-03-15
L0135,2025-03-16
L0135,2025-03-17
L0135,2025-03-18
L0135,2025-03-19
L0135,2025-03-20
L0135,2025-03-21
L0135,2025-03-22
L0135,2025-03-23
L0135,2025-03-24
L0135,2025-03-25
L0135,2025-03-26
L0135,2025-03-27
L0135,2025-03-28
L0135,2025-03-29
L0135,2025-03-30
L0135,2025-03-31
L0135,2025-04-01
L0135,2025-04-02
L0135,2025-04-03
L0135,2025-04-04
L0135,2025-04-05
L0135,2025-04-06
L0135,2025-04-07
L0135,2025-04-08
L0135,2025-04-09
L0135,2025-04-10
L0135,2025-04-11
L0135,2025-04-12
L0135,2025-04-13
L0135,2025-04-14
L0135,2025-04-15
L0135,2025-04-16
L0135,2025-04-17
L0135,2025-04-18
L0135,2025-04-19
L0135,2025-04-20
L0135,2025-04-21
L0135,2025-04-22
L0135,2025-04-23
L0135,2025-04-24
L0135,2025-04-25
L0135,2025-04-26
L0135,2025-04-27
L0135,2025-04-28
L0135,2025-04-29
L0135,2025-04-30
L0135,2025-05-01
L0135,2025-05-02
L0135,2025-05-03
L0135,2025-05-04
L0135,2025-05-05
L0135,2025-05-06
L0135,2025-05-07
L0135,2025-05-08
L0135,2025-05-09
L0135,2025-05-10
L0135,2025-05-11
L0135,2025-05-12
L0135,2025-05-13
L0135,2025-05-14
L0135,2025-05-15
L0135,2025-05-16
L0135,2025-05-17
L0135,2025-05-18
L0135,2025-05-19
L0135,2025-05-20
L0135,2025-05-21
L0135,2025-05-22
L0135,2025-05-23
L0135,2025-05-24
L0135,2025-05-25
L0135,2025-05-26
L0135,2025-05-27
L0135,2025-05-28
L0135,2025-05-29
L0135,2025-05-30
L0135,2025-05-31
L0135,2025-06-01
L0135,2025-06-02
L0135,2025-06-03
L0135,2025-06-04
L0135,2025-06-05
L0135,2025-06-06
L0135,2025-06-07
L0135,2025-06-08
L0135,2025-06-09
L0135,2025-06-10
L0135,2025-06-11
L0135,2025-06-12
L0135,2025-06-13
L0135,2025-06-14
L0135,2025-06-15
L0135,2025-06-16
L0135,2025-06-17
L0135,2025-06-18
L0135,2025-06-19
L0135,2025-06-20
L0135,2025-06-21
L0135,2025-06-22
L0135,2025-06-23
L0135,2025-06-24
L0135,2025-06-25
L0135,2025-06-26
L0135,2025-06-27
L0135,2025-06-28
L0135,2025-06-29
L0136,2025-01-01
L0136,2025-01-02
L0136,2025-01-03
L0136,2025-01-04
L0136,2025-01-05
L0136,2025-01-06
L0136,2025-01-07
L0136,2025-01-08
L0136,2025-01-09
L0136,2025-01-10
L0136,2025-01-11
L0136,2025-01-12
L0136,2025-01-13
L0136,2025-01-14
L0136,2025-01-15
L0136,2025-01-16
L0136,2025-01-17
L0136,2025-01-18
L0136,2025-01-19
L0136,2025-01-20
L0136,2025-01-21
L0136,2025-01-22
L0136,2025-01-23
L0136,2025-01-24
L0136,2025-01-25
L0136,2025-01-26
L0136,2025-01-27
L0136,2025-01-28
L0136,2025-01-29
L0136,2025-01-30
L0136,2025-01-31
L0136,2025-02-01
L0136,2025-02-02
L0136,2025-02-03
L0136,2025-02-04
L0136,2025-02-05
L0136,2025-02-06
L0136,2025-02-07
L0136,2025-02-08
L0136,2025-02-09
L0136,2025-02-10
L0136,2025-02-11
L0136,2025-02-12
L0136,2025-02-13
L0136,2025-02-14
L0136,2025-02-15
L0136,2025-02-16
L0136,2025-02-17
L0136,2025-02-18
L0136,2025-02-19
L0136,2025-02-20
L0136,2025-02-21
L0136,2025-02-22
L0136,2025-02-23
L0136,2025-02-24
L0136,2025-02-25
L0136,2025-02-26
L0136,2025-02-27
L0136,2025-02-28
L0136,2025-03-01
L0136,2025-03-02
L0136,2025-03-03
L0136,2025-03-04
L0136,2025-03-05
L0136,2025-03-06
L0136,2025-03-07
L0136,2025-03-08
L0136,2025-03-09
L0136,2025-03-10
L0136,2025-03-11
L0136,2025-03-12
L0136,2025-03-13
L0136,2025-03-14
L0136,2025-03-15
L0136,2025-03-16
L0136,2025-03-17
L0136,2025-03-18
L0136,2025-03-19
L0136,2025-03-20
L0136,2025-03-21
L0136,2025-03-22
L0136,2025-03-23
L0136,2025-03-24
L0136,2025-03-25
L0136,2025-03-26
L0136,2025-03-27
L0136,2025-03-28
L0136,2025-03-29
L0136,2025-03-30
L0136,2025-03-31
L0136,2025-04-01
L0136,2025-04-02
L0136,2025-04-03
L0136,2025-04-04
L0136,2025-04-05
L0136,2025-04-06
L0136,2025-04-07
L0136,2025-04-08
L0136,2025-04-09
L0136,2025-04-10
L0136,2025-04-11
L0136,2025-04-12
L0136,2025-04-13
L0136,2025-04-14
L0136,2025-04-15
L0136,2025-04-16
L0136,2025-04-17
L0136,2025-04-18
L0136,2025-04-19
L0136,2025-04-20
L0136,2025-04-21
L0136,2025-04-22
L0136,2025-04-23
L0136,2025-04-24
L0136,2025-04-25
L0136,2025-04-26
L0136,2025-04-27
L0136,2025-04-28
L0136,2025-04-29
L0136,2025-04-30
L0136,2025-05-01
L0136,2025-05-02
L0136,2025-05-03
L0136,2025-05-04
L0136,2025-05-05
L0136,2025-05-06
L0136,2025-05-07
L0136,2025-05-08
L0136,2025-05-09
L0136,2025-05-10
L0136,2025-05-11
L0136,2025-05-12
L0136,2025-05-13
L0136,2025-05-14
L0136,2025-05-15
L0136,2025-05-16
L0136,2025-05-17
L0136,2025-05-18
L0136,2025-05-19
L0136,2025-05-20
L0136,2025-05-21
L0136,2025-05-22
L0136,2025-05-23
L0136,2025-05-24
L0136,2025-05-25
L0136,2025-05-26
L0136,2025-05-27
L0136,2025-05-28
L0136,2025-05-29
L0136,2025-05-30
L0136,2025-05-31
L0136,2025-06-01
L0136,2025-06-02
L0136,2025-06-03
L0136,2025-06-04
L0136,2025-06-05
L0136,2025-06-06
L0136,2025-06-07
L0136,2025-06-08
L0136,2025-06-09
L0136,2025-06-10
L0136,2025-06-11
L0136,2025-06-12
L0136,2025-06-13
L0136,2025-06-14
L0136,2025-06-15
L0136,2025-06-16
L0136,2025-06-17
L0136,2025-06-18
L0136,2025-06-19
L0136,2025-06-20
L0136,2025-06-21
L0136,2025-06-22
L0136,2025-06-23
L0136,2025-06-24
L0136,2025-06-25
L0136,2025-06-26
L0136,2025-06-27
L0136,2025-06-28
L0136,2025-06-29
L0137,2025-01-01
L0137,2025-01-02
L0137,2025-01-03
L0137,2025-01-04
L0137,2025-01-05
L0137,2025-01-06
L0137,2025-01-07
L0137,2025-01-08
L0137,2025-01-09
L0137,2025-01-10
L0137,2025-01-11
L0137,2025-01-12
L0137,2025-01-13
L0137,2025-01-14
L0137,2025-01-15
L0137,2025-01-16
L0137,2025-01-17
L0137,2025-01-18
L0137,2025-01-19
L0137,2025-01-20
L0137,2025-01-21
L0137,2025-01-22
L0137,2025-01-23
L0137,2025-01-24
L0137,2025-01-25
L0137,2025-01-26
L0137,2025-01-27
L0137,2025-01-28
L0137,2025-01-29
L0137,2025-01-30
L0137,2025-01-31
L0137,2025-02-01
L0137,2025-02-02
L0137,2025-02-03
L0137,2025-02-04
L0137,2025-02-05
L0137,2025-02-06
L0137,2025-02-07
L0137,2025-02-08
L0137,2025-02-09
L0137,2025-02-10
L0137,2025-02-11
L0137,2025-02-12
L0137,2025-02-13
L0137,2025-02-14
L0137,2025-02-15
L0137,2025-02-16
L0137,2025-02-17
L0137,2025-02-18
L0137,2025-02-19
L0137,2025-02-20
L0137,2025-02-21
L0137,2025-02-22
L0137,2025-02-23
L0137,2025-02-24
L0137,2025-02-25
L0137,2025-02-26
L0137,2025-02-27
L0137,2025-02-28
L0137,2025-03-01
L0137,2025-03-02
L0137,2025-03-03
L0137,2025-03-04
L0137,2025-03-05
L0137,2025-03-06
L0137,2025-03-07
L0137,2025-03-08
L0137,2025-03-09
L0137,2025-03-10
L0137,2025-03-11
L0137,2025-03-12
L0137,2025-03-13
L0137,2025-03-14
L0137,2025-03-15
L0137,2025-03-16
L0137,2025-03-17
L0137,2025-03-18
L0137,2025-03-19
L0137,2025-03-20
L0137,2025-03-21
L0137,2025-03-22
L0137,2025-03-23
L0137,2025-03-24
L0137,2025-03-25
L0137,2025-03-26
L0137,2025-03-27
L0137,2025-03-28
L0137,2025-03-29
L0137,2025-03-30
L0137,2025-03-31
L0137,2025-04-01
L0137,2025-04-02
L0137,2025-04-03
L0137,2025-04-04
L0137,2025-04-05
L0137,2025-04-06
L0137,2025-04-07
L0137,2025-04-08
L0137,2025-04-09
L0137,2025-04-10
L0137,2025-04-11
L0137,2025-04-12
L0137,2025-04-13
L0137,2025-04-14
L0137,2025-04-15
L0137,2025-04-16
L0137,2025-04-17
L0137,2025-04-18
L0137,2025-04-19
L0137,2025-04-20
L0137,2025-04-21
L0137,2025-04-22
L0137,2025-04-23
L0137,2025-04-24
L0137,2025-04-25
L0137,2025-04-26
L0137,2025-04-27
L0137,2025-04-28
L0137,2025-04-29
L0137,2025-04-30
L0137,2025-05-01
L0137,2025-05-02
L0137,2025-05-03
L0137,2025-05-04
L0137,2025-05-05
L0137,2025-05-06
L0137,2025-05-07
L0137,2025-05-08
L0137,2025-05-09
L0137,2025-05-10
L0137,2025-05-11
L0137,2025-05-12
L0137,2025-05-13
L0137,2025-05-14
L0137,2025-05-15
L0137,2025-05-16
L0137,2025-05-17
L0137,2025-05-18
L0137,2025-05-19
L0137,2025-05-20
L0137,2025-05-21
L0137,2025-05-22
L0137,2025-05-23
L0137,2025-05-24
L0137,2025-05-25
L0137,2025-05-26
L0137,2025-05-27
L0137,2025-05-28
L0137,2025-05-29
L0137,2025-05-30
L0137,2025-05-31
L0137,2025-06-01
L0137,2025-06-02
L0137,2025-06-03
L0137,2025-06-04
L0137,2025-06-05
L0137,2025-06-06
L0137,2025-06-07
L0137,2025-06-08
L0137,2025-06-09
L0137,2025-06-10
L0137,2025-06-11
L0137,2025-06-12
L0137,2025-06-13
L0137,2025-06-14
L0137,2025-06-15
L0137,2025-06-16
L0137,2025-06-17
L0137,2025-06-18
L0137,2025-06-19
L0137,2025-06-20
L0137,2025-06-21
L0137,2025-06-22
L0137,2025-06-23
L0137,2025-06-24
L0137,2025-06-25
L0137,2025-06-26
L0137,2025-06-27
L0137,2025-06-28
L0137,2025-06-29
L0138,2025-01-01
L0138,2025-01-02
L0138,2025-01-03
L0138,2025-01-04
L0138,2025-01-05
L0138,2025-01-06
L0138,2025-01-07
L0138,2025-01-08
L0138,2025-01-09
L0138,2025-01-10
L0138,2025-01-11
L0138,2025-01-12
L0138,2025-01-13
L0138,2025-01-14
L0138,2025-01-15
L0138,2025-01-16
L0138,2025-01-17
L0138,2025-01-18
L0138,2025-01-19
L0138,2025-01-20
L0138,2025-01-21
L0138,2025-01-22
L0138,2025-01-23
L0138,2025-01-24
L0138,2025-01-25
L0138,2025-01-26
L0138,2025-01-27
L0138,2025-01-28
L0138,2025-01-29
L0138,2025-01-30
L0138,2025-01-31
L0138,2025-02-01
L0138,2025-02-02
L0138,2025-02-03
L0138,2025-02-04
L0138,2025-02-05
L0138,2025-02-06
L0138,2025-02-07
L0138,2025-02-08
L0138,2025-02-09
L0138,2025-02-10
L0138,2025-02-11
L0138,2025-02-12
L0138,2025-02-13
L0138,2025-02-14
L0138,2025-02-15
L0138,2025-02-16
L0138,2025-02-17
L0138,2025-02-18
L0138,2025-02-19
L0138,2025-02-20
L0138,2025-02-21
L0138,2025-02-22
L0138,2025-02-23
L0138,2025-02-24
L0138,2025-02-25
L0138,2025-02-26
L0138,2025-02-27
L0138,2025-02-28
L0138,2025-03-01
L0138,2025-03-02
L0138,2025-03-03
L0138,2025-03-04
L0138,2025-03-05
L0138,2025-03-06
L0138,2025-03-07
L0138,2025-03-08
L0138,2025-03-09
L0138,2025-03-10
L0138,2025-03-11
L0138,2025-03-12
L0138,2025-03-13
L0138,2025-03-14
L0138,2025-03-15
L0138,2025-03-16
L0138,2025-03-17
L0138,2025-03-18
L0138,2025-03-19
L0138,2025-03-20
L0138,2025-03-21
L0138,2025-03-22
L0138,2025-03-23
L0138,2025-03-24
L0138,2025-03-25
L0138,2025-03-26
L0138,2025-03-27
L0138,2025-03-28
L0138,2025-03-29
L0138,2025-03-30
L0138,2025-03-31
L0138,2025-04-01
L0138,2025-04-02
L0138,2025-04-03
L0138,2025-04-04
L0138,2025-04-05
L0138,2025-04-06
L0138,2025-04-07
L0138,2025-04-08
L0138,2025-04-09
L0138,2025-04-10
L0138,2025-04-11
L0138,2025-04-12
L0138,2025-04-13
L0138,2025-04-14
L0138,2025-04-15
L0138,2025-04-16
L0138,2025-04-17
L0138,2025-04-18
L0138,2025-04-19
L0138,2025-04-20
L0138,2025-04-21
L0138,2025-04-22
L0138,2025-04-23
L0138,2025-04-24
L0138,2025-04-25
L0138,2025-04-26
L0138,2025-04-27
L0138,2025-04-28
L0138,2025-04-29
L0138,2025-04-30
L0138,2025-05-01
L0138,2025-05-02
L0138,2025-05-03
L0138,2025-05-04
L0138,2025-05-05
L0138,2025-05-06
L0138,2025-05-07
L0138,2025-05-08
L0138,2025-05-09
L0138,2025-05-10
L0138,2025-05-11
L0138,2025-05-12
L0138,2025-05-13
L0138,2025-05-14
L0138,2025-05-15
L0138,2025-05-16
L0138,2025-05-17
L0138,2025-05-18
L0138,2025-05-19
L0138,2025-05-20
L0138,2025-05-21
L0138,2025-05-22
L0138,2025-05-23
L0138,2025-05-24
L0138,2025-05-25
L0138,2025-05-26
L0138,2025-05-27
L0138,2025-05-28
L0138,2025-05-29
L0138,2025-05-30
L0138,2025-05-31
L0138,2025-06-01
L0138,2025-06-02
L0138,2025-06-03
L0138,2025-06-04
L0138,2025-06-05
L0138,2025-06-06
L0138,2025-06-07
L0138,2025-06-08
L0138,2025-06-09
L0138,2025-06-10
L0138,2025-06-11
L0138,2025-06-12
L0138,2025-06-13
L0138,2025-06-14
L0138,2025-06-15
L0138,2025-06-16
L0138,2025-06-17
L0138,2025-06-18
L0138,2025-06-19
L0138,2025-06-20
L0138,2025-06-21
L0138,2025-06-22
L0138,2025-06-23
L0138,2025-06-24
L0138,2025-06-25
L0138,2025-06-26
L0138,2025-06-27
L0138,2025-06-28
L0138,2025-06-29
L0139,2025-01-01
L0139,2025-01-02
L0139,2025-01-03
L0139,2025-01-04
L0139,2025-01-05
L0139,2025-01-06
L0139,2025-01-07
L0139,2025-01-08
L0139,2025-01-09
L0139,2025-01-10
L0139,2025-01-11
L0139,2025-01-12
L0139,2025-01-13
L0139,2025-01-14
L0139,2025-01-15
L0139,2025-01-16
L0139,2025-01-17
L0139,2025-01-18
L0139,2025-01-19
L0139,2025-01-20
L0139,2025-01-21
L0139,2025-01-22
L0139,2025-01-23
L0139,2025-01-24
L0139,2025-01-25
L0139,2025-01-26
L0139,2025-01-27
L0139,2025-01-28
L0139,2025-01-29
L0139,2025-01-30
L0139,2025-01-31
L0139,2025-02-01
L0139,2025-02-02
L0139,2025-02-03
L0139,2025-02-04
L0139,2025-02-05
L0139,2025-02-06
L0139,2025-02-07
L0139,2025-02-08
L0139,2025-02-09
L0139,2025-02-10
L0139,2025-02-11
L0139,2025-02-12
L0139,2025-02-13
L0139,2025-02-14
L0139,2025-02-15
L0139,2025-02-16
L0139,2025-02-17
L0139,2025-02-18
L0139,2025-02-19
L0139,2025-02-20
L0139,2025-02-21
L0139,2025-02-22
L0139,2025-02-23
L0139,2025-02-24
L0139,2025-02-25
L0139,2025-02-26
L0139,2025-02-27
L0139,2025-02-28
L0139,2025-03-01
L0139,2025-03-02
L0139,2025-03-03
L0139,2025-03-04
L0139,2025-03-05
L0139,2025-03-06
L0139,2025-03-07
L0139,2025-03-08
L0139,2025-03-09
L0139,2025-03-10
L0139,2025-03-11
L0139,2025-03-12
L0139,2025-03-13
L0139,2025-03-14
L0139,2025-03-15
L0139,2025-03-16
L0139,2025-03-17
L0139,2025-03-18
L0139,2025-03-19
L0139,2025-03-20
L0139,2025-03-21
L0139,2025-03-22
L0139,2025-03-23
L0139,2025-03-24
L0139,2025-03-25
L0139,2025-03-26
L0139,2025-03-27
L0139,2025-03-28
L0139,2025-03-29
L0139,2025-03-30
L0139,2025-03-31
L0139,2025-04-01
L0139,2025-04-02
L0139,2025-04-03
L0139,2025-04-04
L0139,2025-04-05
L0139,2025-04-06
L0139,2025-04-07
L0139,2025-04-08
L0139,2025-04-09
L0139,2025-04-10
L0139,2025-04-11
L0139,2025-04-12
L0139,2025-04-13
L0139,2025-04-14
L0139,2025-04-15
L0139,2025-04-16
L0139,2025-04-17
L0139,2025-04-18
L0139,2025-04-19
L0139,2025-04-20
L0139,2025-04-21
L0139,2025-04-22
L0139,2025-04-23
L0139,2025-04-24
L0139,2025-04-25
L0139,2025-04-26
L0139,2025-04-27
L0139,2025-04-28
L0139,2025-04-29
L0139,2025-04-30
L0139,2025-05-01
L0139,2025-05-02
L0139,2025-05-03
L0139,2025-05-04
L0139,2025-05-05
L0139,2025-05-06
L0139,2025-05-07
L0139,2025-05-08
L0139,2025-05-09
L0139,2025-05-10
L0139,2025-05-11
L0139,2025-05-12
L0139,2025-05-13
L0139,2025-05-14
L0139,2025-05-15
L0139,2025-05-16
L0139,2025-05-17
L0139,2025-05-18
L0139,2025-05-19
L0139,2025-05-20
L0139,2025-05-21
L0139,2025-05-22
L0139,2025-05-23
L0139,2025-05-24
L0139,2025-05-25
L0139,2025-05-26
L0139,2025-05-27
L0139,2025-05-28
L0139,2025-05-29
L0139,2025-05-30
L0139,2025-05-31
L0139,2025-06-01
L0139,2025-06-02
L0139,2025-06-03
L0139,2025-06-04
L0139,2025-06-05
L0139,2025-06-06
L0139,2025-06-07
L0139,2025-06-08
L0139,2025-06-09
L0139,2025-06-10
L0139,2025-06-11
L0139,2025-06-12
L0139,2025-06-13
L0139,2025-06-14
L0139,2025-06-15
L0139,2025-06-16
L0139,2025-06-17
L0139,2025-06-18
L0139,2025-06-19
L0139,2025-06-20
L0139,2025-06-21
L0139,2025-06-22
L0139,2025-06-23
L0139,2025-06-24
L0139,2025-06-25
L0139,2025-06-26
L0139,2025-06-27
L0139,2025-06-28
L0139,2025-06-29
L0140,2025-01-01
L0140,2025-01-02
L0140,2025-01-03
L0140,2025-01-04
L0140,2025-01-05
L0140,2025-01-06
L0140,2025-01-07
L0140,2025-01-08
L0140,2025-01-09
L0140,2025-01-10
L0140,2025-01-11
L0140,2025-01-12
L0140,2025-01-13
L0140,2025-01-14
L0140,2025-01-15
L0140,2025-01-16
L0140,2025-01-17
L0140,2025-01-18
L0140,2025-01-19
L0140,2025-01-20
L0140,2025-01-21
L0140,2025-01-22
L0140,2025-01-23
L0140,2025-01-24
L0140,2025-01-25
L0140,2025-01-26
L0140,2025-01-27
L0140,2025-01-28
L0140,2025-01-29
L0140,2025-01-30
L0140,2025-01-31
L0140,2025-02-01
L0140,2025-02-02
L0140,2025-02-03
L0140,2025-02-04
L0140,2025-02-05
L0140,2025-02-06
L0140,2025-02-07
L0140,2025-02-08
L0140,2025-02-09
L0140,2025-02-10
L0140,2025-02-11
L0140,2025-02-12
L0140,2025-02-13
L0140,2025-02-14
L0140,2025-02-15
L0140,2025-02-16
L0140,2025-02-17
L0140,2025-02-18
L0140,2025-02-19
L0140,2025-02-20
L0140,2025-02-21
L0140,2025-02-22
L0140,2025-02-23
L0140,2025-02-24
L0140,2025-02-25
L0140,2025-02-26
L0140,2025-02-27
L0140,2025-02-28
L0140,2025-03-01
L0140,2025-03-02
L0140,2025-03-03
L0140,2025-03-04
L0140,2025-03-05
L0140,2025-03-06
L0140,2025-03-07
L0140,2025-03-08
L0140,2025-03-09
L0140,2025-03-10
L0140,2025-03-11
L0140,2025-03-12
L0140,2025-03-13
L0140,2025-03-14
L0140,2025-03-15
L0140,2025-03-16
L0140,2025-03-17
L0140,2025-03-18
L0140,2025-03-19
L0140,2025-03-20
L0140,2025-03-21
L0140,2025-03-22
L0140,2025-03-23
L0140,2025-03-24
L0140,2025-03-25
L0140,2025-03-26
L0140,2025-03-27
L0140,2025-03-28
L0140,2025-03-29
L0140,2025-03-30
L0140,2025-03-31
L0140,2025-04-01
L0140,2025-04-02
L0140,2025-04-03
L0140,2025-04-04
L0140,2025-04-05
L0140,2025-04-06
L0140,2025-04-07
L0140,2025-04-08
L0140,2025-04-09
L0140,2025-04-10
L0140,2025-04-11
L0140,2025-04-12
L0140,2025-04-13
L0140,2025-04-14
L0140,2025-04-15
L0140,2025-04-16
L0140,2025-04-17
L0140,2025-04-18
L0140,2025-04-19
L0140,2025-04-20
L0140,2025-04-21
L0140,2025-04-22
L0140,2025-04-23
L0140,2025-04-24
L0140,2025-04-25
L0140,2025-04-26
L0140,2025-04-27
L0140,2025-04-28
L0140,2025-04-29
L0140,2025-04-30
L0140,2025-05-01
L0140,2025-05-02
L0140,2025-05-03
L0140,2025-05-04
L0140,2025-05-05
L0140,2025-05-06
L0140,2025-05-07
L0140,2025-05-08
L0140,2025-05-09
L0140,2025-05-10
L0140,2025-05-11
L0140,2025-05-12
L0140,2025-05-13
L0140,2025-05-14
L0140,2025-05-15
L0140,2025-05-16
L0140,2025-05-17
L0140,2025-05-18
L0140,2025-05-19
L0140,2025-05-20
L0140,2025-05-21
L0140,2025-05-22
L0140,2025-05-23
L0140,2025-05-24
L0140,2025-05-25
L0140,2025-05-26
L0140,2025-05-27
L0140,2025-05-28
L0140,2025-05-29
L0140,2025-05-30
L0140,2025-05-31
L0140,2025-06-01
L0140,2025-06-02
L0140,2025-06-03
L0140,2025-06-04
L0140,2025-06-05
L0140,2025-06-06
L0140,2025-06-07
L0140,2025-06-08
L0140,2025-06-09
L0140,2025-06-10
L0140,2025-06-11
L0140,2025-06-12
L0140,2025-06-13
L0140,2025-06-14
L0140,2025-06-15
L0140,2025-06-16
L0140,2025-06-17
L0140,2025-06-18
L0140,2025-06-19
L0140,2025-06-20
L0140,2025-06-21
L0140,2025-06-22
L0140,2025-06-23
L0140,2025-06-24
L0140,2025-06-25
L0140,2025-06-26
L0140,2025-06-27
L0140,2025-06-28
L0140,2025-06-29
L0141,2025-01-01
L0141,2025-01-02
L0141,2025-01-03
L0141,2025-01-04
L0141,2025-01-05
L0141,2025-01-06
L0141,2025-01-07
L0141,2025-01-08
L0141,2025-01-09
L0141,2025-01-10
L0141,2025-01-11
L0141,2025-01-12
L0141,2025-01-13
L0141,2025-01-14
L0141,2025-01-15
L0141,2025-01-16
L0141,2025-01-17
L0141,2025-01-18
L0141,2025-01-19
L0141,2025-01-20
L0141,2025-01-21
L0141,2025-01-22
L0141,2025-01-23
L0141,2025-01-24
L0141,2025-01-25
L0141,2025-01-26
L0141,2025-01-27
L0141,2025-01-28
L0141,2025-01-29
L0141,2025-01-30
L0141,2025-01-31
L0141,2025-02-01
L0141,2025-02-02
L0141,2025-02-03
L0141,2025-02-04
L0141,2025-02-05
L0141,2025-02-06
L0141,2025-02-07
L0141,2025-02-08
L0141,2025-02-09
L0141,2025-02-10
L0141,2025-02-11
L0141,2025-02-12
L0141,2025-02-13
L0141,2025-02-14
L0141,2025-02-15
L0141,2025-02-16
L0141,2025-02-17
L0141,2025-02-18
L0141,2025-02-19
L0141,2025-02-20
L0141,2025-02-21
L0141,2025-02-22
L0141,2025-02-23
L0141,2025-02-24
L0141,2025-02-25
L0141,2025-02-26
L0141,2025-02-27
L0141,2025-02-28
L0141,2025-03-01
L0141,2025-03-02
L0141,2025-03-03
L0141,2025-03-04
L0141,2025-03-05
L0141,2025-03-06
L0141,2025-03-07
L0141,2025-03-08
L0141,2025-03-09
L0141,2025-03-10
L0141,2025-03-11
L0141,2025-03-12
L0141,2025-03-13
L0141,2025-03-14
L0141,2025-03-15
L0141,2025-03-16
L0141,2025-03-17
L0141,2025-03-18
L0141,2025-03-19
L0141,2025-03-20
L0141,2025-03-21
L0141,2025-03-22
L0141,2025-03-23
L0141,2025-03-24
L0141,2025-03-25
L0141,2025-03-26
L0141,2025-03-27
L0141,2025-03-28
L0141,2025-03-29
L0141,2025-03-30
L0141,2025-03-31
L0141,2025-04-01
L0141,2025-04-02
L0141,2025-04-03
L0141,2025-04-04
L0141,2025-04-05
L0141,2025-04-06
L0141,2025-04-07
L0141,2025-04-08
L0141,2025-04-09
L0141,2025-04-10
L0141,2025-04-11
L0141,2025-04-12
L0141,2025-04-13
L0141,2025-04-14
L0141,2025-04-15
L0141,2025-04-16
L0141,2025-04-17
L0141,2025-04-18
L0141,2025-04-19
L0141,2025-04-20
L0141,2025-04-21
L0141,2025-04-22
L0141,2025-04-23
L0141,2025-04-24
L0141,2025-04-25
L0141,2025-04-26
L0141,2025-04-27
L0141,2025-04-28
L0141,2025-04-29
L0141,2025-04-30
L0141,2025-05-01
L0141,2025-05-02
L0141,2025-05-03
L0141,2025-05-04
L0141,2025-05-05
L0141,2025-05-06
L0141,2025-05-07
L0141,2025-05-08
L0141,2025-05-09
L0141,2025-05-10
L0141,2025-05-11
L0141,2025-05-12
L0141,2025-05-13
L0141,2025-05-14
L0141,2025-05-15
L0141,2025-05-16
L0141,2025-05-17
L0141,2025-05-18
L0141,2025-05-19
L0141,2025-05-20
L0141,2025-05-21
L0141,2025-05-22
L0141,2025-05-23
L0141,2025-05-24
L0141,2025-05-25
L0141,2025-05-26
L0141,2025-05-27
L0141,2025-05-28
L0141,2025-05-29
L0141,2025-05-30
L0141,2025-05-31
L0141,2025-06-01
L0141,2025-06-02
L0141,2025-06-03
L0141,2025-06-04
L0141,2025-06-05
L0141,2025-06-06
L0141,2025-06-07
L0141,2025-06-08
L0141,2025-06-09
L0141,2025-06-10
L0141,2025-06-11
L0141,2025-06-12
L0141,2025-06-13
L0141,2025-06-14
L0141,2025-06-15
L0141,2025-06-16
L0141,2025-06-17
L0141,2025-06-18
L0141,2025-06-19
L0141,2025-06-20
L0141,2025-06-21
L0141,2025-06-22
L0141,2025-06-23
L0141,2025-06-24
L0141,2025-06-25
L0141,2025-06-26
L0141,2025-06-27
L0141,2025-06-28
L0141,2025-06-29
L0142,2025-01-01
L0142,2025-01-02
L0142,2025-01-03
L0142,2025-01-04
L0142,2025-01-05
L0142,2025-01-06
L0142,2025-01-07
L0142,2025-01-08
L0142,2025-01-09
L0142,2025-01-10
L0142,2025-01-11
L0142,2025-01-12
L0142,2025-01-13
L0142,2025-01-14
L0142,2025-01-15
L0142,2025-01-16
L0142,2025-01-17
L0142,2025-01-18
L0142,2025-01-19
L0142,2025-01-20
L0142,2025-01-21
L0142,2025-01-22
L0142,2025-01-23
L0142,2025-01-24
L0142,2025-01-25
L0142,2025-01-26
L0142,2025-01-27
L0142,2025-01-28
L0142,2025-01-29
L0142,2025-01-30
L0142,2025-01-31
L0142,2025-02-01
L0142,2025-02-02
L0142,2025-02-03
L0142,2025-02-04
L0142,2025-02-05
L0142,2025-02-06
L0142,2025-02-07
L0142,2025-02-08
L0142,2025-02-09
L0142,2025-02-10
L0142,2025-02-11
L0142,2025-02-12
L0142,2025-02-13
L0142,2025-02-14
L0142,2025-02-15
L0142,2025-02-16
L0142,2025-02-17
L0142,2025-02-18
L0142,2025-02-19
L0142,2025-02-20
L0142,2025-02-21
L0142,2025-02-22
L0142,2025-02-23
L0142,2025-02-24
L0142,2025-02-25
L0142,2025-02-26
L0142,2025-02-27
L0142,2025-02-28
L0142,2025-03-01
L0142,2025-03-02
L0142,2025-03-03
L0142,2025-03-04
L0142,2025-03-05
L0142,2025-03-06
L0142,2025-03-07
L0142,2025-03-08
L0142,2025-03-09
L0142,2025-03-10
L0142,2025-03-11
L0142,2025-03-12
L0142,2025-03-13
L0142,2025-03-14
L0142,2025-03-15
L0142,2025-03-16
L0142,2025-03-17
L0142,2025-03-18
L0142,2025-03-19
L0142,2025-03-20
L0142,2025-03-21
L0142,2025-03-22
L0142,2025-03-23
L0142,2025-03-24
L0142,2025-03-25
L0142,2025-03-26
L0142,2025-03-27
L0142,2025-03-28
L0142,2025-03-29
L0142,2025-03-30
L0142,2025-03-31
L0142,2025-04-01
L0142,2025-04-02
L0142,2025-04-03
L0142,2025-04-04
L0142,2025-04-05
L0142,2025-04-06
L0142,2025-04-07
L0142,2025-04-08
L0142,2025-04-09
L0142,2025-04-10
L0142,2025-04-11
L0142,2025-04-12
L0142,2025-04-13
L0142,2025-04-14
L0142,2025-04-15
L0142,2025-04-16
L0142,2025-04-17
L0142,2025-04-18
L0142,2025-04-19
L0142,2025-04-20
L0142,2025-04-21
L0142,2025-04-22
L0142,2025-04-23
L0142,2025-04-24
L0142,2025-04-25
L0142,2025-04-26
L0142,2025-04-27
L0142,2025-04-28
L0142,2025-04-29
L0142,2025-04-30
L0142,2025-05-01
L0142,2025-05-02
L0142,2025-05-03
L0142,2025-05-04
L0142,2025-05-05
L0142,2025-05-06
L0142,2025-05-07
L0142,2025-05-08
L0142,2025-05-09
L0142,2025-05-10
L0142,2025-05-11
L0142,2025-05-12
L0142,2025-05-13
L0142,2025-05-14
L0142,2025-05-15
L0142,2025-05-16
L0142,2025-05-17
L0142,2025-05-18
L0142,2025-05-19
L0142,2025-05-20
L0142,2025-05-21
L0142,2025-05-22
L0142,2025-05-23
L0142,2025-05-24
L0142,2025-05-25
L0142,2025-05-26
L0142,2025-05-27
L0142,2025-05-28
L0142,2025-05-29
L0142,2025-05-30
L0142,2025-05-31
L0142,2025-06-01
L0142,2025-06-02
L0142,2025-06-03
L0142,2025-06-04
L0142,2025-06-05
L0142,2025-06-06
L0142,2025-06-07
L0142,2025-06-08
L0142,2025-06-09
L0142,2025-06-10
L0142,2025-06-11
L0142,2025-06-12
L0142,2025-06-13
L0142,2025-06-14
L0142,2025-06-15
L0142,2025-06-16
L0142,2025-06-17
L0142,2025-06-18
L0142,2025-06-19
L0142,2025-06-20
L0142,2025-06-21
L0142,2025-06-22
L0142,2025-06-23
L0142,2025-06-24
L0142,2025-06-25
L0142,2025-06-26
L0142,2025-06-27
L0142,2025-06-28
L0142,2025-06-29
L0143,2025-01-01
L0143,2025-01-02
L0143,2025-01-03
L0143,2025-01-04
L0143,2025-01-05
L0143,2025-01-06
L0143,2025-01-07
L0143,2025-01-08
L0143,2025-01-09
L0143,2025-01-10
L0143,2025-01-11
L0143,2025-01-12
L0143,2025-01-13
L0143,2025-01-14
L0143,2025-01-15
L0143,2025-01-16
L0143,2025-01-17
L0143,2025-01-18
L0143,2025-01-19
L0143,2025-01-20
L0143,2025-01-21
L0143,2025-01-22
L0143,2025-01-23
L0143,2025-01-24
L0143,2025-01-25
L0143,2025-01-26
L0143,2025-01-27
L0143,2025-01-28
L0143,2025-01-29
L0143,2025-01-30
L0143,2025-01-31
L0143,2025-02-01
L0143,2025-02-02
L0143,2025-02-03
L0143,2025-02-04
L0143,2025-02-05
L0143,2025-02-06
L0143,2025-02-07
L0143,2025-02-08
L0143,2025-02-09
L0143,2025-02-10
L0143,2025-02-11
L0143,2025-02-12
L0143,2025-02-13
L0143,2025-02-14
L0143,2025-02-15
L0143,2025-02-16
L0143,2025-02-17
L0143,2025-02-18
L0143,2025-02-19
L0143,2025-02-20
L0143,2025-02-21
L0143,2025-02-22
L0143,2025-02-23
L0143,2025-02-24
L0143,2025-02-25
L0143,2025-02-26
L0143,2025-02-27
L0143,2025-02-28
L0143,2025-03-01
L0143,2025-03-02
L0143,2025-03-03
L0143,2025-03-04
L0143,2025-03-05
L0143,2025-03-06
L0143,2025-03-07
L0143,2025-03-08
L0143,2025-03-09
L0143,2025-03-10
L0143,2025-03-11
L0143,2025-03-12
L0143,2025-03-13
L0143,2025-03-14
L0143,2025-03-15
L0143,2025-03-16
L0143,2025-03-17
L0143,2025-03-18
L0143,2025-03-19
L0143,2025-03-20
L0143,2025-03-21
L0143,2025-03-22
L0143,2025-03-23
L0143,2025-03-24
L0143,2025-03-25
L0143,2025-03-26
L0143,2025-03-27
L0143,2025-03-28
L0143,2025-03-29
L0143,2025-03-30
L0143,2025-03-31
L0143,2025-04-01
L0143,2025-04-02
L0143,2025-04-03
L0143,2025-04-04
L0143,2025-04-05
L0143,2025-04-06
L0143,2025-04-07
L0143,2025-04-08
L0143,2025-04-09
L0143,2025-04-10
L0143,2025-04-11
L0143,2025-04-12
L0143,2025-04-13
L0143,2025-04-14
L0143,2025-04-15
L0143,2025-04-16
L0143,2025-04-17
L0143,2025-04-18
L0143,2025-04-19
L0143,2025-04-20
L0143,2025-04-21
L0143,2025-04-22
L0143,2025-04-23
L0143,2025-04-24
L0143,2025-04-25
L0143,2025-04-26
L0143,2025-04-27
L0143,2025-04-28
L0143,2025-04-29
L0143,2025-04-30
L0143,2025-05-01
L0143,2025-05-02
L0143,2025-05-03
L0143,2025-05-04
L0143,2025-05-05
L0143,2025-05-06
L0143,2025-05-07
L0143,2025-05-08
L0143,2025-05-09
L0143,2025-05-10
L0143,2025-05-11
L0143,2025-05-12
L0143,2025-05-13
L0143,2025-05-14
L0143,2025-05-15
L0143,2025-05-16
L0143,2025-05-17
L0143,2025-05-18
L0143,2025-05-19
L0143,2025-05-20
L0143,2025-05-21
L0143,2025-05-22
L0143,2025-05-23
L0143,2025-05-24
L0143,2025-05-25
L0143,2025-05-26
L0143,2025-05-27
L0143,2025-05-28
L0143,2025-05-29
L0143,2025-05-30
L0143,2025-05-31
L0143,2025-06-01
L0143,2025-06-02
L0143,2025-06-03
L0143,2025-06-04
L0143,2025-06-05
L0143,2025-06-06
L0143,2025-06-07
L0143,2025-06-08
L0143,2025-06-09
L0143,2025-06-10
L0143,2025-06-11
L0143,2025-06-12
L0143,2025-06-13
L0143,2025-06-14
L0143,2025-06-15
L0143,2025-06-16
L0143,2025-06-17
L0143,2025-06-18
L0143,2025-06-19
L0143,2025-06-20
L0143,2025-06-21
L0143,2025-06-22
L0143,2025-06-23
L0143,2025-06-24
L0143,2025-06-25
L0143,2025-06-26
L0143,2025-06-27
L0143,2025-06-28
L0143,2025-06-29
L0144,2025-01-01
L0144,2025-01-02
L0144,2025-01-03
L0144,2025-01-04
L0144,2025-01-05
L0144,2025-01-06
L0144,2025-01-07
L0144,2025-01-08
L0144,2025-01-09
L0144,2025-01-10
L0144,2025-01-11
L0144,2025-01-12
L0144,2025-01-13
L0144,2025-01-14
L0144,2025-01-15
L0144,2025-01-16
L0144,2025-01-17
L0144,2025-01-18
L0144,2025-01-19
L0144,2025-01-20
L0144,2025-01-21
L0144,2025-01-22
L0144,2025-01-23
L0144,2025-01-24
L0144,2025-01-25
L0144,2025-01-26
L0144,2025-01-27
L0144,2025-01-28
L0144,2025-01-29
L0144,2025-01-30
L0144,2025-01-31
L0144,2025-02-01
L0144,2025-02-02
L0144,2025-02-03
L0144,2025-02-04
L0144,2025-02-05
L0144,2025-02-06
L0144,2025-02-07
L0144,2025-02-08
L0144,2025-02-09
L0144,2025-02-10
L0144,2025-02-11
L0144,2025-02-12
L0144,2025-02-13
L0144,2025-02-14
L0144,2025-02-15
L0144,2025-02-16
L0144,2025-02-17
L0144,2025-02-18
L0144,2025-02-19
L0144,2025-02-20
L0144,2025-02-21
L0144,2025-02-22
L0144,2025-02-23
L0144,2025-02-24
L0144,2025-02-25
L0144,2025-02-26
L0144,2025-02-27
L0144,2025-02-28
L0144,2025-03-01
L0144,2025-03-02
L0144,2025-03-03
L0144,2025-03-04
L0144,2025-03-05
L0144,2025-03-06
L0144,2025-03-07
L0144,2025-03-08
L0144,2025-03-09
L0144,2025-03-10
L0144,2025-03-11
L0144,2025-03-12
L0144,2025-03-13
L0144,2025-03-14
L0144,2025-03-15
L0144,2025-03-16
L0144,2025-03-17
L0144,2025-03-18
L0144,2025-03-19
L0144,2025-03-20
L0144,2025-03-21
L0144,2025-03-22
L0144,2025-03-23
L0144,2025-03-24
L0144,2025-03-25
L0144,2025-03-26
L0144,2025-03-27
L0144,2025-03-28
L0144,2025-03-29
L0144,2025-03-30
L0144,2025-03-31
L0144,2025-04-01
L0144,2025-04-02
L0144,2025-04-03
L0144,2025-04-04
L0144,2025-04-05
L0144,2025-04-06
L0144,2025-04-07
L0144,2025-04-08
L0144,2025-04-09
L0144,2025-04-10
L0144,2025-04-11
L0144,2025-04-12
L0144,2025-04-13
L0144,2025-04-14
L0144,2025-04-15
L0144,2025-04-16
L0144,2025-04-17
L0144,2025-04-18
L0144,2025-04-19
L0144,2025-04-20
L0144,2025-04-21
L0144,2025-04-22
L0144,2025-04-23
L0144,2025-04-24
L0144,2025-04-25
L0144,2025-04-26
L0144,2025-04-27
L0144,2025-04-28
L0144,2025-04-29
L0144,2025-04-30
L0144,2025-05-01
L0144,2025-05-02
L0144,2025-05-03
L0144,2025-05-04
L0144,2025-05-05
L0144,2025-05-06
L0144,2025-05-07
L0144,2025-05-08
L0144,2025-05-09
L0144,2025-05-10
L0144,2025-05-11
L0144,2025-05-12
L0144,2025-05-13
L0144,2025-05-14
L0144,2025-05-15
L0144,2025-05-16
L0144,2025-05-17
L0144,2025-05-18
L0144,2025-05-19
L0144,2025-05-20
L0144,2025-05-21
L0144,2025-05-22
L0144,2025-05-23
L0144,2025-05-24
L0144,2025-05-25
L0144,2025-05-26
L0144,2025-05-27
L0144,2025-05-28
L0144,2025-05-29
L0144,2025-05-30
L0144,2025-05-31
L0144,2025-06-01
L0144,2025-06-02
L0144,2025-06-03
L0144,2025-06-04
L0144,2025-06-05
L0144,2025-06-06
L0144,2025-06-07
L0144,2025-06-08
L0144,2025-06-09
L0144,2025-06-10
L0144,2025-06-11
L0144,2025-06-12
L0144,2025-06-13
L0144,2025-06-14
L0144,2025-06-15
L0144,2025-06-16
L0144,2025-06-17
L0144,2025-06-18
L0144,2025-06-19
L0144,2025-06-20
L0144,2025-06-21
L0144,2025-06-22
L0144,2025-06-23
L0144,2025-06-24
L0144,2025-06-25
L0144,2025-06-26
L0144,2025-06-27
L0144,2025-06-28
L0144,2025-06-29
L0145,2025-01-01
L0145,2025-01-02
L0145,2025-01-03
L0145,2025-01-04
L0145,2025-01-05
L0145,2025-01-06
L0145,2025-01-07
L0145,2025-01-08
L0145,2025-01-09
L0145,2025-01-10
L0145,2025-01-11
L0145,2025-01-12
L0145,2025-01-13
L0145,2025-01-14
L0145,2025-01-15
L0145,2025-01-16
L0145,2025-01-17
L0145,2025-01-18
L0145,2025-01-19
L0145,2025-01-20
L0145,2025-01-21
L0145,2025-01-22
L0145,2025-01-23
L0145,2025-01-24
L0145,2025-01-25
L0145,2025-01-26
L0145,2025-01-27
L0145,2025-01-28
L0145,2025-01-29
L0145,2025-01-30
L0145,2025-01-31
L0145,2025-02-01
L0145,2025-02-02
L0145,2025-02-03
L0145,2025-02-04
L0145,2025-02-05
L0145,2025-02-06
L0145,2025-02-07
L0145,2025-02-08
L0145,2025-02-09
L0145,2025-02-10
L0145,2025-02-11
L0145,2025-02-12
L0145,2025-02-13
L0145,2025-02-14
L0145,2025-02-15
L0145,2025-02-16
L0145,2025-02-17
L0145,2025-02-18
L0145,2025-02-19
L0145,2025-02-20
L0145,2025-02-21
L0145,2025-02-22
L0145,2025-02-23
L0145,2025-02-24
L0145,2025-02-25
L0145,2025-02-26
L0145,2025-02-27
L0145,2025-02-28
L0145,2025-03-01
L0145,2025-03-02
L0145,2025-03-03
L0145,2025-03-04
L0145,2025-03-05
L0145,2025-03-06
L0145,2025-03-07
L0145,2025-03-08
L0145,2025-03-09
L0145,2025-03-10
L0145,2025-03-11
L0145,2025-03-12
L0145,2025-03-13
L0145,2025-03-14
L0145,2025-03-15
L0145,2025-03-16
L0145,2025-03-17
L0145,2025-03-18
L0145,2025-03-19
L0145,2025-03-20
L0145,2025-03-21
L0145,2025-03-22
L0145,2025-03-23
L0145,2025-03-24
L0145,2025-03-25
L0145,2025-03-26
L0145,2025-03-27
L0145,2025-03-28
L0145,2025-03-29
L0145,2025-03-30
L0145,2025-03-31
L0145,2025-04-01
L0145,2025-04-02
L0145,2025-04-03
L0145,2025-04-04
L0145,2025-04-05
L0145,2025-04-06
L0145,2025-04-07
L0145,2025-04-08
L0145,2025-04-09
L0145,2025-04-10
L0145,2025-04-11
L0145,2025-04-12
L0145,2025-04-13
L0145,2025-04-14
L0145,2025-04-15
L0145,2025-04-16
L0145,2025-04-17
L0145,2025-04-18
L0145,2025-04-19
L0145,2025-04-20
L0145,2025-04-21
L0145,2025-04-22
L0145,2025-04-23
L0145,2025-04-24
L0145,2025-04-25
L0145,2025-04-26
L0145,2025-04-27
L0145,2025-04-28
L0145,2025-04-29
L0145,2025-04-30
L0145,2025-05-01
L0145,2025-05-02
L0145,2025-05-03
L0145,2025-05-04
L0145,2025-05-05
L0145,2025-05-06
L0145,2025-05-07
L0145,2025-05-08
L0145,2025-05-09
L0145,2025-05-10
L0145,2025-05-11
L0145,2025-05-12
L0145,2025-05-13
L0145,2025-05-14
L0145,2025-05-15
L0145,2025-05-16
L0145,2025-05-17
L0145,2025-05-18
L0145,2025-05-19
L0145,2025-05-20
L0145,2025-05-21
L0145,2025-05-22
L0145,2025-05-23
L0145,2025-05-24
L0145,2025-05-25
L0145,2025-05-26
L0145,2025-05-27
L0145,2025-05-28
L0145,2025-05-29
L0145,2025-05-30
L0145,2025-05-31
L0145,2025-06-01
L0145,2025-06-02
L0145,2025-06-03
L0145,2025-06-04
L0145,2025-06-05
L0145,2025-06-06
L0145,2025-06-07
L0145,2025-06-08
L0145,2025-06-09
L0145,2025-06-10
L0145,2025-06-11
L0145,2025-06-12
L0145,2025-06-13
L0145,2025-06-14
L0145,2025-06-15
L0145,2025-06-16
L0145,2025-06-17
L0145,2025-06-18
L0145,2025-06-19
L0145,2025-06-20
L0145,2025-06-21
L0145,2025-06-22
L0145,2025-06-23
L0145,2025-06-24
L0145,2025-06-25
L0145,2025-06-26
L0145,2025-06-27
L0145,2025-06-28
L0145,2025-06-29
L0146,2025-01-01
L0146,2025-01-02
L0146,2025-01-03
L0146,2025-01-04
L0146,2025-01-05
L0146,2025-01-06
L0146,2025-01-07
L0146,2025-01-08
L0146,2025-01-09
L0146,2025-01-10
L0146,2025-01-11
L0146,2025-01-12
L0146,2025-01-13
L0146,2025-01-14
L0146,2025-01-15
L0146,2025-01-16
L0146,2025-01-17
L0146,2025-01-18
L0146,2025-01-19
L0146,2025-01-20
L0146,2025-01-21
L0146,2025-01-22
L0146,2025-01-23
L0146,2025-01-24
L0146,2025-01-25
L0146,2025-01-26
L0146,2025-01-27
L0146,2025-01-28
L0146,2025-01-29
L0146,2025-01-30
L0146,2025-01-31
L0146,2025-02-01
L0146,2025-02-02
L0146,2025-02-03
L0146,2025-02-04
L0146,2025-02-05
L0146,2025-02-06
L0146,2025-02-07
L0146,2025-02-08
L0146,2025-02-09
L0146,2025-02-10
L0146,2025-02-11
L0146,2025-02-12
L0146,2025-02-13
L0146,2025-02-14
L0146,2025-02-15
L0146,2025-02-16
L0146,2025-02-17
L0146,2025-02-18
L0146,2025-02-19
L0146,2025-02-20
L0146,2025-02-21
L0146,2025-02-22
L0146,2025-02-23
L0146,2025-02-24
L0146,2025-02-25
L0146,2025-02-26
L0146,2025-02-27
L0146,2025-02-28
L0146,2025-03-01
L0146,2025-03-02
L0146,2025-03-03
L0146,2025-03-04
L0146,2025-03-05
L0146,2025-03-06
L0146,2025-03-07
L0146,2025-03-08
L0146,2025-03-09
L0146,2025-03-10
L0146,2025-03-11
L0146,2025-03-12
L0146,2025-03-13
L0146,2025-03-14
L0146,2025-03-15
L0146,2025-03-16
L0146,2025-03-17
L0146,2025-03-18
L0146,2025-03-19
L0146,2025-03-20
L0146,2025-03-21
L0146,2025-03-22
L0146,2025-03-23
L0146,2025-03-24
L0146,2025-03-25
L0146,2025-03-26
L0146,2025-03-27
L0146,2025-03-28
L0146,2025-03-29
L0146,2025-03-30
L0146,2025-03-31
L0146,2025-04-01
L0146,2025-04-02
L0146,2025-04-03
L0146,2025-04-04
L0146,2025-04-05
L0146,2025-04-06
L0146,2025-04-07
L0146,2025-04-08
L0146,2025-04-09
L0146,2025-04-10
L0146,2025-04-11
L0146,2025-04-12
L0146,2025-04-13
L0146,2025-04-14
L0146,2025-04-15
L0146,2025-04-16
L0146,2025-04-17
L0146,2025-04-18
L0146,2025-04-19
L0146,2025-04-20
L0146,2025-04-21
L0146,2025-04-22
L0146,2025-04-23
L0146,2025-04-24
L0146,2025-04-25
L0146,2025-04-26
L0146,2025-04-27
L0146,2025-04-28
L0146,2025-04-29
L0146,2025-04-30
L0146,2025-05-01
L0146,2025-05-02
L0146,2025-05-03
L0146,2025-05-04
L0146,2025-05-05
L0146,2025-05-06
L0146,2025-05-07
L0146,2025-05-08
L0146,2025-05-09
L0146,2025-05-10
L0146,2025-05-11
L0146,2025-05-12
L0146,2025-05-13
L0146,2025-05-14
L0146,2025-05-15
L0146,2025-05-16
L0146,2025-05-17
L0146,2025-05-18
L0146,2025-05-19
L0146,2025-05-20
L0146,2025-05-21
L0146,2025-05-22
L0146,2025-05-23
L0146,2025-05-24
L0146,2025-05-25
L0146,2025-05-26
L0146,2025-05-27
L0146,2025-05-28
L0146,2025-05-29
L0146,2025-05-30
L0146,2025-05-31
L0146,2025-06-01
L0146,2025-06-02
L0146,2025-06-03
L0146,2025-06-04
L0146,2025-06-05
L0146,2025-06-06
L0146,2025-06-07
L0146,2025-06-08
L0146,2025-06-09
L0146,2025-06-10
L0146,2025-06-11
L0146,2025-06-12
L0146,2025-06-13
L0146,2025-06-14
L0146,2025-06-15
L0146,2025-06-16
L0146,2025-06-17
L0146,2025-06-18
L0146,2025-06-19
L0146,2025-06-20
L0146,2025-06-21
L0146,2025-06-22
L0146,2025-06-23
L0146,2025-06-24
L0146,2025-06-25
L0146,2025-06-26
L0146,2025-06-27
L0146,2025-06-28
L0146,2025-06-29
L0147,2025-01-01
L0147,2025-01-02
L0147,2025-01-03
L0147,2025-01-04
L0147,2025-01-05
L0147,2025-01-06
L0147,2025-01-07
L0147,2025-01-08
L0147,2025-01-09
L0147,2025-01-10
L0147,2025-01-11
L0147,2025-01-12
L0147,2025-01-13
L0147,2025-01-14
L0147,2025-01-15
L0147,2025-01-16
L0147,2025-01-17
L0147,2025-01-18
L0147,2025-01-19
L0147,2025-01-20
L0147,2025-01-21
L0147,2025-01-22
L0147,2025-01-23
L0147,2025-01-24
L0147,2025-01-25
L0147,2025-01-26
L0147,2025-01-27
L0147,2025-01-28
L0147,2025-01-29
L0147,2025-01-30
L0147,2025-01-31
L0147,2025-02-01
L0147,2025-02-02
L0147,2025-02-03
L0147,2025-02-04
L0147,2025-02-05
L0147,2025-02-06
L0147,2025-02-07
L0147,2025-02-08
L0147,2025-02-09
L0147,2025-02-10
L0147,2025-02-11
L0147,2025-02-12
L0147,2025-02-13
L0147,2025-02-14
L0147,2025-02-15
L0147,2025-02-16
L0147,2025-02-17
L0147,2025-02-18
L0147,2025-02-19
L0147,2025-02-20
L0147,2025-02-21
L0147,2025-02-22
L0147,2025-02-23
L0147,2025-02-24
L0147,2025-02-25
L0147,2025-02-26
L0147,2025-02-27
L0147,2025-02-28
L0147,2025-03-01
L0147,2025-03-02
L0147,2025-03-03
L0147,2025-03-04
L0147,2025-03-05
L0147,2025-03-06
L0147,2025-03-07
L0147,2025-03-08
L0147,2025-03-09
L0147,2025-03-10
L0147,2025-03-11
L0147,2025-03-12
L0147,2025-03-13
L0147,2025-03-14
L0147,2025-03-15
L0147,2025-03-16
L0147,2025-03-17
L0147,2025-03-18
L0147,2025-03-19
L0147,2025-03-20
L0147,2025-03-21
L0147,2025-03-22
L0147,2025-03-23
L0147,2025-03-24
L0147,2025-03-25
L0147,2025-03-26
L0147,2025-03-27
L0147,2025-03-28
L0147,2025-03-29
L0147,2025-03-30
L0147,2025-03-31
L0147,2025-04-01
L0147,2025-04-02
L0147,2025-04-03
L0147,2025-04-04
L0147,2025-04-05
L0147,2025-04-06
L0147,2025-04-07
L0147,2025-04-08
L0147,2025-04-09
L0147,2025-04-10
L0147,2025-04-11
L0147,2025-04-12
L0147,2025-04-13
L0147,2025-04-14
L0147,2025-04-15
L0147,2025-04-16
L0147,2025-04-17
L0147,2025-04-18
L0147,2025-04-19
L0147,2025-04-20
L0147,2025-04-21
L0147,2025-04-22
L0147,2025-04-23
L0147,2025-04-24
L0147,2025-04-25
L0147,2025-04-26
L0147,2025-04-27
L0147,2025-04-28
L0147,2025-04-29
L0147,2025-04-30
L0147,2025-05-01
L0147,2025-05-02
L0147,2025-05-03
L0147,2025-05-04
L0147,2025-05-05
L0147,2025-05-06
L0147,2025-05-07
L0147,2025-05-08
L0147,2025-05-09
L0147,2025-05-10
L0147,2025-05-11
L0147,2025-05-12
L0147,2025-05-13
L0147,2025-05-14
L0147,2025-05-15
L0147,2025-05-16
L0147,2025-05-17
L0147,2025-05-18
L0147,2025-05-19
L0147,2025-05-20
L0147,2025-05-21
L0147,2025-05-22
L0147,2025-05-23
L0147,2025-05-24
L0147,2025-05-25
L0147,2025-05-26
L0147,2025-05-27
L0147,2025-05-28
L0147,2025-05-29
L0147,2025-05-30
L0147,2025-05-31
L0147,2025-06-01
L0147,2025-06-02
L0147,2025-06-03
L0147,2025-06-04
L0147,2025-06-05
L0147,2025-06-06
L0147,2025-06-07
L0147,2025-06-08
L0147,2025-06-09
L0147,2025-06-10
L0147,2025-06-11
L0147,2025-06-12
L0147,2025-06-13
L0147,2025-06-14
L0147,2025-06-15
L0147,2025-06-16
L0147,2025-06-17
L0147,2025-06-18
L0147,2025-06-19
L0147,2025-06-20
L0147,2025-06-21
L0147,2025-06-22
L0147,2025-06-23
L0147,2025-06-24
L0147,2025-06-25
L0147,2025-06-26
L0147,2025-06-27
L0147,2025-06-28
L0147,2025-06-29
L0148,2025-01-01
L0148,2025-01-02
L0148,2025-01-03
L0148,2025-01-04
L0148,2025-01-05
L0148,2025-01-06
L0148,2025-01-07
L0148,2025-01-08
L0148,2025-01-09
L0148,2025-01-10
L0148,2025-01-11
L0148,2025-01-12
L0148,2025-01-13
L0148,2025-01-14
L0148,2025-01-15
L0148,2025-01-16
L0148,2025-01-17
L0148,2025-01-18
L0148,2025-01-19
L0148,2025-01-20
L0148,2025-01-21
L0148,2025-01-22
L0148,2025-01-23
L0148,2025-01-24
L0148,2025-01-25
L0148,2025-01-26
L0148,2025-01-27
L0148,2025-01-28
L0148,2025-01-29
L0148,2025-01-30
L0148,2025-01-31
L0148,2025-02-01
L0148,2025-02-02
L0148,2025-02-03
L0148,2025-02-04
L0148,2025-02-05
L0148,2025-02-06
L0148,2025-02-07
L0148,2025-02-08
L0148,2025-02-09
L0148,2025-02-10
L0148,2025-02-11
L0148,2025-02-12
L0148,2025-02-13
L0148,2025-02-14
L0148,2025-02-15
L0148,2025-02-16
L0148,2025-02-17
L0148,2025-02-18
L0148,2025-02-19
L0148,2025-02-20
L0148,2025-02-21
L0148,2025-02-22
L0148,2025-02-23
L0148,2025-02-24
L0148,2025-02-25
L0148,2025-02-26
L0148,2025-02-27
L0148,2025-02-28
L0148,2025-03-01
L0148,2025-03-02
L0148,2025-03-03
L0148,2025-03-04
L0148,2025-03-05
L0148,2025-03-06
L0148,2025-03-07
L0148,2025-03-08
L0148,2025-03-09
L0148,2025-03-10
L0148,2025-03-11
L0148,2025-03-12
L0148,2025-03-13
L0148,2025-03-14
L0148,2025-03-15
L0148,2025-03-16
L0148,2025-03-17
L0148,2025-03-18
L0148,2025-03-19
L0148,2025-03-20
L0148,2025-03-21
L0148,2025-03-22
L0148,2025-03-23
L0148,2025-03-24
L0148,2025-03-25
L0148,2025-03-26
L0148,2025-03-27
L0148,2025-03-28
L0148,2025-03-29
L0148,2025-03-30
L0148,2025-03-31
L0148,2025-04-01
L0148,2025-04-02
L0148,2025-04-03
L0148,2025-04-04
L0148,2025-04-05
L0148,2025-04-06
L0148,2025-04-07
L0148,2025-04-08
L0148,2025-04-09
L0148,2025-04-10
L0148,2025-04-11
L0148,2025-04-12
L0148,2025-04-13
L0148,2025-04-14
L0148,2025-04-15
L0148,2025-04-16
L0148,2025-04-17
L0148,2025-04-18
L0148,2025-04-19
L0148,2025-04-20
L0148,2025-04-21
L0148,2025-04-22
L0148,2025-04-23
L0148,2025-04-24
L0148,2025-04-25
L0148,2025-04-26
L0148,2025-04-27
L0148,2025-04-28
L0148,2025-04-29
L0148,2025-04-30
L0148,2025-05-01
L0148,2025-05-02
L0148,2025-05-03
L0148,2025-05-04
L0148,2025-05-05
L0148,2025-05-06
L0148,2025-05-07
L0148,2025-05-08
L0148,2025-05-09
L0148,2025-05-10
L0148,2025-05-11
L0148,2025-05-12
L0148,2025-05-13
L0148,2025-05-14
L0148,2025-05-15
L0148,2025-05-16
L0148,2025-05-17
L0148,2025-05-18
L0148,2025-05-19
L0148,2025-05-20
L0148,2025-05-21
L0148,2025-05-22
L0148,2025-05-23
L0148,2025-05-24
L0148,2025-05-25
L0148,2025-05-26
L0148,2025-05-27
L0148,2025-05-28
L0148,2025-05-29
L0148,2025-05-30
L0148,2025-05-31
L0148,2025-06-01
L0148,2025-06-02
L0148,2025-06-03
L0148,2025-06-04
L0148,2025-06-05
L0148,2025-06-06
L0148,2025-06-07
L0148,2025-06-08
L0148,2025-06-09
L0148,2025-06-10
L0148,2025-06-11
L0148,2025-06-12
L0148,2025-06-13
L0148,2025-06-14
L0148,2025-06-15
L0148,2025-06-16
L0148,2025-06-17
L0148,2025-06-18
L0148,2025-06-19
L0148,2025-06-20
L0148,2025-06-21
L0148,2025-06-22
L0148,2025-06-23
L0148,2025-06-24
L0148,2025-06-25
L0148,2025-06-26
L0148,2025-06-27
L0148,2025-06-28
L0148,2025-06-29
L0149,2025-01-01
L0149,2025-01-02
L0149,2025-01-03
L0149,2025-01-04
L0149,2025-01-05
L0149,2025-01-06
L0149,2025-01-07
L0149,2025-01-08
L0149,2025-01-09
L0149,2025-01-10
L0149,2025-01-11
L0149,2025-01-12
L0149,2025-01-13
L0149,2025-01-14
L0149,2025-01-15
L0149,2025-01-16
L0149,2025-01-17
L0149,2025-01-18
L0149,2025-01-19
L0149,2025-01-20
L0149,2025-01-21
L0149,2025-01-22
L0149,2025-01-23
L0149,2025-01-24
L0149,2025-01-25
L0149,2025-01-26
L0149,2025-01-27
L0149,2025-01-28
L0149,2025-01-29
L0149,2025-01-30
L0149,2025-01-31
L0149,2025-02-01
L0149,2025-02-02
L0149,2025-02-03
L0149,2025-02-04
L0149,2025-02-05
L0149,2025-02-06
L0149,2025-02-07
L0149,2025-02-08
L0149,2025-02-09
L0149,2025-02-10
L0149,2025-02-11
L0149,2025-02-12
L0149,2025-02-13
L0149,2025-02-14
L0149,2025-02-15
L0149,2025-02-16
L0149,2025-02-17
L0149,2025-02-18
L0149,2025-02-19
L0149,2025-02-20
L0149,2025-02-21
L0149,2025-02-22
L0149,2025-02-23
L0149,2025-02-24
L0149,2025-02-25
L0149,2025-02-26
L0149,2025-02-27
L0149,2025-02-28
L0149,2025-03-01
L0149,2025-03-02
L0149,2025-03-03
L0149,2025-03-04
L0149,2025-03-05
L0149,2025-03-06
L0149,2025-03-07
L0149,2025-03-08
L0149,2025-03-09
L0149,2025-03-10
L0149,2025-03-11
L0149,2025-03-12
L0149,2025-03-13
L0149,2025-03-14
L0149,2025-03-15
L0149,2025-03-16
L0149,2025-03-17
L0149,2025-03-18
L0149,2025-03-19
L0149,2025-03-20
L0149,2025-03-21
L0149,2025-03-22
L0149,2025-03-23
L0149,2025-03-24
L0149,2025-03-25
L0149,2025-03-26
L0149,2025-03-27
L0149,2025-03-28
L0149,2025-03-29
L0149,2025-03-30
L0149,2025-03-31
L0149,2025-04-01
L0149,2025-04-02
L0149,2025-04-03
L0149,2025-04-04
L0149,2025-04-05
L0149,2025-04-06
L0149,2025-04-07
L0149,2025-04-08
L0149,2025-04-09
L0149,2025-04-10
L0149,2025-04-11
L0149,2025-04-12
L0149,2025-04-13
L0149,2025-04-14
L0149,2025-04-15
L0149,2025-04-16
L0149,2025-04-17
L0149,2025-04-18
L0149,2025-04-19
L0149,2025-04-20
L0149,2025-04-21
L0149,2025-04-22
L0149,2025-04-23
L0149,2025-04-24
L0149,2025-04-25
L0149,2025-04-26
L0149,2025-04-27
L0149,2025-04-28
L0149,2025-04-29
L0149,2025-04-30
L0149,2025-05-01
L0149,2025-05-02
L0149,2025-05-03
L0149,2025-05-04
L0149,2025-05-05
L0149,2025-05-06
L0149,2025-05-07
L0149,2025-05-08
L0149,2025-05-09
L0149,2025-05-10
L0149,2025-05-11
L0149,2025-05-12
L0149,2025-05-13
L0149,2025-05-14
L0149,2025-05-15
L0149,2025-05-16
L0149,2025-05-17
L0149,2025-05-18
L0149,2025-05-19
L0149,2025-05-20
L0149,2025-05-21
L0149,2025-05-22
L0149,2025-05-23
L0149,2025-05-24
L0149,2025-05-25
L0149,2025-05-26
L0149,2025-05-27
L0149,2025-05-28
L0149,2025-05-29
L0149,2025-05-30
L0149,2025-05-31
L0149,2025-06-01
L0149,2025-06-02
L0149,2025-06-03
L0149,2025-06-04
L0149,2025-06-05
L0149,2025-06-06
L0149,2025-06-07
L0149,2025-06-08
L0149,2025-06-09
L0149,2025-06-10
L0149,2025-06-11
L0149,2025-06-12
L0149,2025-06-13
L0149,2025-06-14
L0149,2025-06-15
L0149,2025-06-16
L0149,2025-06-17
L0149,2025-06-18
L0149,2025-06-19
L0149,2025-06-20
L0149,2025-06-21
L0149,2025-06-22
L0149,2025-06-23
L0149,2025-06-24
L0149,2025-06-25
L0149,2025-06-26
L0149,2025-06-27
L0149,2025-06-28
L0149,2025-06-29
L0150,2025-01-01
L0150,2025-01-02
L0150,2025-01-03
L0150,2025-01-04
L0150,2025-01-05
L0150,2025-01-06
L0150,2025-01-07
L0150,2025-01-08
L0150,2025-01-09
L0150,2025-01-10
L0150,2025-01-11
L0150,2025-01-12
L0150,2025-01-13
L0150,2025-01-14
L0150,2025-01-15
L0150,2025-01-16
L0150,2025-01-17
L0150,2025-01-18
L0150,2025-01-19
L0150,2025-01-20
L0150,2025-01-21
L0150,2025-01-22
L0150,2025-01-23
L0150,2025-01-24
L0150,2025-01-25
L0150,2025-01-26
L0150,2025-01-27
L0150,2025-01-28
L0150,2025-01-29
L0150,2025-01-30
L0150,2025-01-31
L0150,2025-02-01
L0150,2025-02-02
L0150,2025-02-03
L0150,2025-02-04
L0150,2025-02-05
L0150,2025-02-06
L0150,2025-02-07
L0150,2025-02-08
L0150,2025-02-09
L0150,2025-02-10
L0150,2025-02-11
L0150,2025-02-12
L0150,2025-02-13
L0150,2025-02-14
L0150,2025-02-15
L0150,2025-02-16
L0150,2025-02-17
L0150,2025-02-18
L0150,2025-02-19
L0150,2025-02-20
L0150,2025-02-21
L0150,2025-02-22
L0150,2025-02-23
L0150,2025-02-24
L0150,2025-02-25
L0150,2025-02-26
L0150,2025-02-27
L0150,2025-02-28
L0150,2025-03-01
L0150,2025-03-02
L0150,2025-03-03
L0150,2025-03-04
L0150,2025-03-05
L0150,2025-03-06
L0150,2025-03-07
L0150,2025-03-08
L0150,2025-03-09
L0150,2025-03-10
L0150,2025-03-11
L0150,2025-03-12
L0150,2025-03-13
L0150,2025-03-14
L0150,2025-03-15
L0150,2025-03-16
L0150,2025-03-17
L0150,2025-03-18
L0150,2025-03-19
L0150,2025-03-20
L0150,2025-03-21
L0150,2025-03-22
L0150,2025-03-23
L0150,2025-03-24
L0150,2025-03-25
L0150,2025-03-26
L0150,2025-03-27
L0150,2025-03-28
L0150,2025-03-29
L0150,2025-03-30
L0150,2025-03-31
L0150,2025-04-01
L0150,2025-04-02
L0150,2025-04-03
L0150,2025-04-04
L0150,2025-04-05
L0150,2025-04-06
L0150,2025-04-07
L0150,2025-04-08
L0150,2025-04-09
L0150,2025-04-10
L0150,2025-04-11
L0150,2025-04-12
L0150,2025-04-13
L0150,2025-04-14
L0150,2025-04-15
L0150,2025-04-16
L0150,2025-04-17
L0150,2025-04-18
L0150,2025-04-19
L0150,2025-04-20
L0150,2025-04-21
L0150,2025-04-22
L0150,2025-04-23
L0150,2025-04-24
L0150,2025-04-25
L0150,2025-04-26
L0150,2025-04-27
L0150,2025-04-28
L0150,2025-04-29
L0150,2025-04-30
L0150,2025-05-01
L0150,2025-05-02
L0150,2025-05-03
L0150,2025-05-04
L0150,2025-05-05
L0150,2025-05-06
L0150,2025-05-07
L0150,2025-05-08
L0150,2025-05-09
L0150,2025-05-10
L0150,2025-05-11
L0150,2025-05-12
L0150,2025-05-13
L0150,2025-05-14
L0150,2025-05-15
L0150,2025-05-16
L0150,2025-05-17
L0150,2025-05-18
L0150,2025-05-19
L0150,2025-05-20
L0150,2025-05-21
L0150,2025-05-22
L0150,2025-05-23
L0150,2025-05-24
L0150,2025-05-25
L0150,2025-05-26
L0150,2025-05-27
L0150,2025-05-28
L0150,2025-05-29
L0150,2025-05-30
L0150,2025-05-31
L0150,2025-06-01
L0150,2025-06-02
L0150,2025-06-03
L0150,2025-06-04
L0150,2025-06-05
L0150,2025-06-06
L0150,2025-06-07
L0150,2025-06-08
L0150,2025-06-09
L0150,2025-06-10
L0150,2025-06-11
L0150,2025-06-12
L0150,2025-06-13
L0150,2025-06-14
L0150,2025-06-15
L0150,2025-06-16
L0150,2025-06-17
L0150,2025-06-18
L0150,2025-06-19
L0150,2025-06-20
L0150,2025-06-21
L0150,2025-06-22
L0150,2025-06-23
L0150,2025-06-24
L0150,2025-06-25
L0150,2025-06-26
L0150,2025-06-27
L0150,2025-06-28
L0150,2025-06-29
L0151,2025-01-01
L0151,2025-01-02
L0151,2025-01-03
L0151,2025-01-04
L0151,2025-01-05
L0151,2025-01-06
L0151,2025-01-07
L0151,2025-01-08
L0151,2025-01-09
L0151,2025-01-10
L0151,2025-01-11
L0151,2025-01-12
L0151,2025-01-13
L0151,2025-01-14
L0151,2025-01-15
L0151,2025-01-16
L0151,2025-01-17
L0151,2025-01-18
L0151,2025-01-19
L0151,2025-01-20
L0151,2025-01-21
L0151,2025-01-22
L0151,2025-01-23
L0151,2025-01-24
L0151,2025-01-25
L0151,2025-01-26
L0151,2025-01-27
L0151,2025-01-28
L0151,2025-01-29
L0151,2025-01-30
L0151,2025-01-31
L0151,2025-02-01
L0151,2025-02-02
L0151,2025-02-03
L0151,2025-02-04
L0151,2025-02-05
L0151,2025-02-06
L0151,2025-02-07
L0151,2025-02-08
L0151,2025-02-09
L0151,2025-02-10
L0151,2025-02-11
L0151,2025-02-12
L0151,2025-02-13
L0151,2025-02-14
L0151,2025-02-15
L0151,2025-02-16
L0151,2025-02-17
L0151,2025-02-18
L0151,2025-02-19
L0151,2025-02-20
L0151,2025-02-21
L0151,2025-02-22
L0151,2025-02-23
L0151,2025-02-24
L0151,2025-02-25
L0151,2025-02-26
L0151,2025-02-27
L0151,2025-02-28
L0151,2025-03-01
L0151,2025-03-02
L0151,2025-03-03
L0151,2025-03-04
L0151,2025-03-05
L0151,2025-03-06
L0151,2025-03-07
L0151,2025-03-08
L0151,2025-03-09
L0151,2025-03-10
L0151,2025-03-11
L0151,2025-03-12
L0151,2025-03-13
L0151,2025-03-14
L0151,2025-03-15
L0151,2025-03-16
L0151,2025-03-17
L0151,2025-03-18
L0151,2025-03-19
L0151,2025-03-20
L0151,2025-03-21
L0151,2025-03-22
L0151,2025-03-23
L0151,2025-03-24
L0151,2025-03-25
L0151,2025-03-26
L0151,2025-03-27
L0151,2025-03-28
L0151,2025-03-29
L0151,2025-03-30
L0151,2025-03-31
L0151,2025-04-01
L0151,2025-04-02
L0151,2025-04-03
L0151,2025-04-04
L0151,2025-04-05
L0151,2025-04-06
L0151,2025-04-07
L0151,2025-04-08
L0151,2025-04-09
L0151,2025-04-10
L0151,2025-04-11
L0151,2025-04-12
L0151,2025-04-13
L0151,2025-04-14
L0151,2025-04-15
L0151,2025-04-16
L0151,2025-04-17
L0151,2025-04-18
L0151,2025-04-19
L0151,2025-04-20
L0151,2025-04-21
L0151,2025-04-22
L0151,2025-04-23
L0151,2025-04-24
L0151,2025-04-25
L0151,2025-04-26
L0151,2025-04-27
L0151,2025-04-28
L0151,2025-04-29
L0151,2025-04-30
L0151,2025-05-01
L0151,2025-05-02
L0151,2025-05-03
L0151,2025-05-04
L0151,2025-05-05
L0151,2025-05-06
L0151,2025-05-07
L0151,2025-05-08
L0151,2025-05-09
L0151,2025-05-10
L0151,2025-05-11
L0151,2025-05-12
L0151,2025-05-13
L0151,2025-05-14
L0151,2025-05-15
L0151,2025-05-16
L0151,2025-05-17
L0151,2025-05-18
L0151,2025-05-19
L0151,2025-05-20
L0151,2025-05-21
L0151,2025-05-22
L0151,2025-05-23
L0151,2025-05-24
L0151,2025-05-25
L0151,2025-05-26
L0151,2025-05-27
L0151,2025-05-28
L0151,2025-05-29
L0151,2025-05-30
L0151,2025-05-31
L0151,2025-06-01
L0151,2025-06-02
L0151,2025-06-03
L0151,2025-06-04
L0151,2025-06-05
L0151,2025-06-06
L0151,2025-06-07
L0151,2025-06-08
L0151,2025-06-09
L0151,2025-06-10
L0151,2025-06-11
L0151,2025-06-12
L0151,2025-06-13
L0151,2025-06-14
L0151,2025-06-15
L0151,2025-06-16
L0151,2025-06-17
L0151,2025-06-18
L0151,2025-06-19
L0151,2025-06-20
L0151,2025-06-21
L0151,2025-06-22
L0151,2025-06-23
L0151,2025-06-24
L0151,2025-06-25
L0151,2025-06-26
L0151,2025-06-27
L0151,2025-06-28
L0151,2025-06-29
L0152,2025-01-01
L0152,2025-01-02
L0152,2025-01-03
L0152,2025-01-04
L0152,2025-01-05
L0152,2025-01-06
L0152,2025-01-07
L0152,2025-01-08
L0152,2025-01-09
L0152,2025-01-10
L0152,2025-01-11
L0152,2025-01-12
L0152,2025-01-13
L0152,2025-01-14
L0152,2025-01-15
L0152,2025-01-16
L0152,2025-01-17
L0152,2025-01-18
L0152,2025-01-19
L0152,2025-01-20
L0152,2025-01-21
L0152,2025-01-22
L0152,2025-01-23
L0152,2025-01-24
L0152,2025-01-25
L0152,2025-01-26
L0152,2025-01-27
L0152,2025-01-28
L0152,2025-01-29
L0152,2025-01-30
L0152,2025-01-31
L0152,2025-02-01
L0152,2025-02-02
L0152,2025-02-03
L0152,2025-02-04
L0152,2025-02-05
L0152,2025-02-06
L0152,2025-02-07
L0152,2025-02-08
L0152,2025-02-09
L0152,2025-02-10
L0152,2025-02-11
L0152,2025-02-12
L0152,2025-02-13
L0152,2025-02-14
L0152,2025-02-15
L0152,2025-02-16
L0152,2025-02-17
L0152,2025-02-18
L0152,2025-02-19
L0152,2025-02-20
L0152,2025-02-21
L0152,2025-02-22
L0152,2025-02-23
L0152,2025-02-24
L0152,2025-02-25
L0152,2025-02-26
L0152,2025-02-27
L0152,2025-02-28
L0152,2025-03-01
L0152,2025-03-02
L0152,2025-03-03
L0152,2025-03-04
L0152,2025-03-05
L0152,2025-03-06
L0152,2025-03-07
L0152,2025-03-08
L0152,2025-03-09
L0152,2025-03-10
L0152,2025-03-11
L0152,2025-03-12
L0152,2025-03-13
L0152,2025-03-14
L0152,2025-03-15
L0152,2025-03-16
L0152,2025-03-17
L0152,2025-03-18
L0152,2025-03-19
L0152,2025-03-20
L0152,2025-03-21
L0152,2025-03-22
L0152,2025-03-23
L0152,2025-03-24
L0152,2025-03-25
L0152,2025-03-26
L0152,2025-03-27
L0152,2025-03-28
L0152,2025-03-29
L0152,2025-03-30
L0152,2025-03-31
L0152,2025-04-01
L0152,2025-04-02
L0152,2025-04-03
L0152,2025-04-04
L0152,2025-04-05
L0152,2025-04-06
L0152,2025-04-07
L0152,2025-04-08
L0152,2025-04-09
L0152,2025-04-10
L0152,2025-04-11
L0152,2025-04-12
L0152,2025-04-13
L0152,2025-04-14
L0152,2025-04-15
L0152,2025-04-16
L0152,2025-04-17
L0152,2025-04-18
L0152,2025-04-19
L0152,2025-04-20
L0152,2025-04-21
L0152,2025-04-22
L0152,2025-04-23
L0152,2025-04-24
L0152,2025-04-25
L0152,2025-04-26
L0152,2025-04-27
L0152,2025-04-28
L0152,2025-04-29
L0152,2025-04-30
L0152,2025-05-01
L0152,2025-05-02
L0152,2025-05-03
L0152,2025-05-04
L0152,2025-05-05
L0152,2025-05-06
L0152,2025-05-07
L0152,2025-05-08
L0152,2025-05-09
L0152,2025-05-10
L0152,2025-05-11
L0152,2025-05-12
L0152,2025-05-13
L0152,2025-05-14
L0152,2025-05-15
L0152,2025-05-16
L0152,2025-05-17
L0152,2025-05-18
L0152,2025-05-19
L0152,2025-05-20
L0152,2025-05-21
L0152,2025-05-22
L0152,2025-05-23
L0152,2025-05-24
L0152,2025-05-25
L0152,2025-05-26
L0152,2025-05-27
L0152,2025-05-28
L0152,2025-05-29
L0152,2025-05-30
L0152,2025-05-31
L0152,2025-06-01
L0152,2025-06-02
L0152,2025-06-03
L0152,2025-06-04
L0152,2025-06-05
L0152,2025-06-06
L0152,2025-06-07
L0152,2025-06-08
L0152,2025-06-09
L0152,2025-06-10
L0152,2025-06-11
L0152,2025-06-12
L0152,2025-06-13
L0152,2025-06-14
L0152,2025-06-15
L0152,2025-06-16
L0152,2025-06-17
L0152,2025-06-18
L0152,2025-06-19
L0152,2025-06-20
L0152,2025-06-21
L0152,2025-06-22
L0152,2025-06-23
L0152,2025-06-24
L0152,2025-06-25
L0152,2025-06-26
L0152,2025-06-27
L0152,2025-06-28
L0152,2025-06-29
L0153,2025-01-01
L0153,2025-01-02
L0153,2025-01-03
L0153,2025-01-04
L0153,2025-01-05
L0153,2025-01-06
L0153,2025-01-07
L0153,2025-01-08
L0153,2025-01-09
L0153,2025-01-10
L0153,2025-01-11
L0153,2025-01-12
L0153,2025-01-13
L0153,2025-01-14
L0153,2025-01-15
L0153,2025-01-16
L0153,2025-01-17
L0153,2025-01-18
L0153,2025-01-19
L0153,2025-01-20
L0153,2025-01-21
L0153,2025-01-22
L0153,2025-01-23
L0153,2025-01-24
L0153,2025-01-25
L0153,2025-01-26
L0153,2025-01-27
L0153,2025-01-28
L0153,2025-01-29
L0153,2025-01-30
L0153,2025-01-31
L0153,2025-02-01
L0153,2025-02-02
L0153,2025-02-03
L0153,2025-02-04
L0153,2025-02-05
L0153,2025-02-06
L0153,2025-02-07
L0153,2025-02-08
L0153,2025-02-09
L0153,2025-02-10
L0153,2025-02-11
L0153,2025-02-12
L0153,2025-02-13
L0153,2025-02-14
L0153,2025-02-15
L0153,2025-02-16
L0153,2025-02-17
L0153,2025-02-18
L0153,2025-02-19
L0153,2025-02-20
L0153,2025-02-21
L0153,2025-02-22
L0153,2025-02-23
L0153,2025-02-24
L0153,2025-02-25
L0153,2025-02-26
L0153,2025-02-27
L0153,2025-02-28
L0153,2025-03-01
L0153,2025-03-02
L0153,2025-03-03
L0153,2025-03-04
L0153,2025-03-05
L0153,2025-03-06
L0153,2025-03-07
L0153,2025-03-08
L0153,2025-03-09
L0153,2025-03-10
L0153,2025-03-11
L0153,2025-03-12
L0153,2025-03-13
L0153,2025-03-14
L0153,2025-03-15
L0153,2025-03-16
L0153,2025-03-17
L0153,2025-03-18
L0153,2025-03-19
L0153,2025-03-20
L0153,2025-03-21
L0153,2025-03-22
L0153,2025-03-23
L0153,2025-03-24
L0153,2025-03-25
L0153,2025-03-26
L0153,2025-03-27
L0153,2025-03-28
L0153,2025-03-29
L0153,2025-03-30
L0153,2025-03-31
L0153,2025-04-01
L0153,2025-04-02
L0153,2025-04-03
L0153,2025-04-04
L0153,2025-04-05
L0153,2025-04-06
L0153,2025-04-07
L0153,2025-04-08
L0153,2025-04-09
L0153,2025-04-10
L0153,2025-04-11
L0153,2025-04-12
L0153,2025-04-13
L0153,2025-04-14
L0153,2025-04-15
L0153,2025-04-16
L0153,2025-04-17
L0153,2025-04-18
L0153,2025-04-19
L0153,2025-04-20
L0153,2025-04-21
L0153,2025-04-22
L0153,2025-04-23
L0153,2025-04-24
L0153,2025-04-25
L0153,2025-04-26
L0153,2025-04-27
L0153,2025-04-28
L0153,2025-04-29
L0153,2025-04-30
L0153,2025-05-01
L0153,2025-05-02
L0153,2025-05-03
L0153,2025-05-04
L0153,2025-05-05
L0153,2025-05-06
L0153,2025-05-07
L0153,2025-05-08
L0153,2025-05-09
L0153,2025-05-10
L0153,2025-05-11
L0153,2025-05-12
L0153,2025-05-13
L0153,2025-05-14
L0153,2025-05-15
L0153,2025-05-16
L0153,2025-05-17
L0153,2025-05-18
L0153,2025-05-19
L0153,2025-05-20
L0153,2025-05-21
L0153,2025-05-22
L0153,2025-05-23
L0153,2025-05-24
L0153,2025-05-25
L0153,2025-05-26
L0153,2025-05-27
L0153,2025-05-28
L0153,2025-05-29
L0153,2025-05-30
L0153,2025-05-31
L0153,2025-06-01
L0153,2025-06-02
L0153,2025-06-03
L0153,2025-06-04
L0153,2025-06-05
L0153,2025-06-06
L0153,2025-06-07
L0153,2025-06-08
L0153,2025-06-09
L0153,2025-06-10
L0153,2025-06-11
L0153,2025-06-12
L0153,2025-06-13
L0153,2025-06-14
L0153,2025-06-15
L0153,2025-06-16
L0153,2025-06-17
L0153,2025-06-18
L0153,2025-06-19
L0153,2025-06-20
L0153,2025-06-21
L0153,2025-06-22
L0153,2025-06-23
L0153,2025-06-24
L0153,2025-06-25
L0153,2025-06-26
L0153,2025-06-27
L0153,2025-06-28
L0153,2025-06-29
L0154,2025-01-01
L0154,2025-01-02
L0154,2025-01-03
L0154,2025-01-04
L0154,2025-01-05
L0154,2025-01-06
L0154,2025-01-07
L0154,2025-01-08
L0154,2025-01-09
L0154,2025-01-10
L0154,2025-01-11
L0154,2025-01-12
L0154,2025-01-13
L0154,2025-01-14
L0154,2025-01-15
L0154,2025-01-16
L0154,2025-01-17
L0154,2025-01-18
L0154,2025-01-19
L0154,2025-01-20
L0154,2025-01-21
L0154,2025-01-22
L0154,2025-01-23
L0154,2025-01-24
L0154,2025-01-25
L0154,2025-01-26
L0154,2025-01-27
L0154,2025-01-28
L0154,2025-01-29
L0154,2025-01-30
L0154,2025-01-31
L0154,2025-02-01
L0154,2025-02-02
L0154,2025-02-03
L0154,2025-02-04
L0154,2025-02-05
L0154,2025-02-06
L0154,2025-02-07
L0154,2025-02-08
L0154,2025-02-09
L0154,2025-02-10
L0154,2025-02-11
L0154,2025-02-12
L0154,2025-02-13
L0154,2025-02-14
L0154,2025-02-15
L0154,2025-02-16
L0154,2025-02-17
L0154,2025-02-18
L0154,2025-02-19
L0154,2025-02-20
L0154,2025-02-21
L0154,2025-02-22
L0154,2025-02-23
L0154,2025-02-24
L0154,2025-02-25
L0154,2025-02-26
L0154,2025-02-27
L0154,2025-02-28
L0154,2025-03-01
L0154,2025-03-02
L0154,2025-03-03
L0154,2025-03-04
L0154,2025-03-05
L0154,2025-03-06
L0154,2025-03-07
L0154,2025-03-08
L0154,2025-03-09
L0154,2025-03-10
L0154,2025-03-11
L0154,2025-03-12
L0154,2025-03-13
L0154,2025-03-14
L0154,2025-03-15
L0154,2025-03-16
L0154,2025-03-17
L0154,2025-03-18
L0154,2025-03-19
L0154,2025-03-20
L0154,2025-03-21
L0154,2025-03-22
L0154,2025-03-23
L0154,2025-03-24
L0154,2025-03-25
L0154,2025-03-26
L0154,2025-03-27
L0154,2025-03-28
L0154,2025-03-29
L0154,2025-03-30
L0154,2025-03-31
L0154,2025-04-01
L0154,2025-04-02
L0154,2025-04-03
L0154,2025-04-04
L0154,2025-04-05
L0154,2025-04-06
L0154,2025-04-07
L0154,2025-04-08
L0154,2025-04-09
L0154,2025-04-10
L0154,2025-04-11
L0154,2025-04-12
L0154,2025-04-13
L0154,2025-04-14
L0154,2025-04-15
L0154,2025-04-16
L0154,2025-04-17
L0154,2025-04-18
L0154,2025-04-19
L0154,2025-04-20
L0154,2025-04-21
L0154,2025-04-22
L0154,2025-04-23
L0154,2025-04-24
L0154,2025-04-25
L0154,2025-04-26
L0154,2025-04-27
L0154,2025-04-28
L0154,2025-04-29
L0154,2025-04-30
L0154,2025-05-01
L0154,2025-05-02
L0154,2025-05-03
L0154,2025-05-04
L0154,2025-05-05
L0154,2025-05-06
L0154,2025-05-07
L0154,2025-05-08
L0154,2025-05-09
L0154,2025-05-10
L0154,2025-05-11
L0154,2025-05-12
L0154,2025-05-13
L0154,2025-05-14
L0154,2025-05-15
L0154,2025-05-16
L0154,2025-05-17
L0154,2025-05-18
L0154,2025-05-19
L0154,2025-05-20
L0154,2025-05-21
L0154,2025-05-22
L0154,2025-05-23
L0154,2025-05-24
L0154,2025-05-25
L0154,2025-05-26
L0154,2025-05-27
L0154,2025-05-28
L0154,2025-05-29
L0154,2025-05-30
L0154,2025-05-31
L0154,2025-06-01
L0154,2025-06-02
L0154,2025-06-03
L0154,2025-06-04
L0154,2025-06-05
L0154,2025-06-06
L0154,2025-06-07
L0154,2025-06-08
L0154,2025-06-09
L0154,2025-06-10
L0154,2025-06-11
L0154,2025-06-12
L0154,2025-06-13
L0154,2025-06-14
L0154,2025-06-15
L0154,2025-06-16
L0154,2025-06-17
L0154,2025-06-18
L0154,2025-06-19
L0154,2025-06-20
L0154,2025-06-21
L0154,2025-06-22
L0154,2025-06-23
L0154,2025-06-24
L0154,2025-06-25
L0154,2025-06-26
L0154,2025-06-27
L0154,2025-06-28
L0154,2025-06-29
L0155,2025-01-01
L0155,2025-01-02
L0155,2025-01-03
L0155,2025-01-04
L0155,2025-01-05
L0155,2025-01-06
L0155,2025-01-07
L0155,2025-01-08
L0155,2025-01-09
L0155,2025-01-10
L0155,2025-01-11
L0155,2025-01-12
L0155,2025-01-13
L0155,2025-01-14
L0155,2025-01-15
L0155,2025-01-16
L0155,2025-01-17
L0155,2025-01-18
L0155,2025-01-19
L0155,2025-01-20
L0155,2025-01-21
L0155,2025-01-22
L0155,2025-01-23
L0155,2025-01-24
L0155,2025-01-25
L0155,2025-01-26
L0155,2025-01-27
L0155,2025-01-28
L0155,2025-01-29
L0155,2025-01-30
L0155,2025-01-31
L0155,2025-02-01
L0155,2025-02-02
L0155,2025-02-03
L0155,2025-02-04
L0155,2025-02-05
L0155,2025-02-06
L0155,2025-02-07
L0155,2025-02-08
L0155,2025-02-09
L0155,2025-02-10
L0155,2025-02-11
L0155,2025-02-12
L0155,2025-02-13
L0155,2025-02-14
L0155,2025-02-15
L0155,2025-02-16
L0155,2025-02-17
L0155,2025-02-18
L0155,2025-02-19
L0155,2025-02-20
L0155,2025-02-21
L0155,2025-02-22
L0155,2025-02-23
L0155,2025-02-24
L0155,2025-02-25
L0155,2025-02-26
L0155,2025-02-27
L0155,2025-02-28
L0155,2025-03-01
L0155,2025-03-02
L0155,2025-03-03
L0155,2025-03-04
L0155,2025-03-05
L0155,2025-03-06
L0155,2025-03-07
L0155,2025-03-08
L0155,2025-03-09
L0155,2025-03-10
L0155,2025-03-11
L0155,2025-03-12
L0155,2025-03-13
L0155,2025-03-14
L0155,2025-03-15
L0155,2025-03-16
L0155,2025-03-17
L0155,2025-03-18
L0155,2025-03-19
L0155,2025-03-20
L0155,2025-03-21
L0155,2025-03-22
L0155,2025-03-23
L0155,2025-03-24
L0155,2025-03-25
L0155,2025-03-26
L0155,2025-03-27
L0155,2025-03-28
L0155,2025-03-29
L0155,2025-03-30
L0155,2025-03-31
L0155,2025-04-01
L0155,2025-04-02
L0155,2025-04-03
L0155,2025-04-04
L0155,2025-04-05
L0155,2025-04-06
L0155,2025-04-07
L0155,2025-04-08
L0155,2025-04-09
L0155,2025-04-10
L0155,2025-04-11
L0155,2025-04-12
L0155,2025-04-13
L0155,2025-04-14
L0155,2025-04-15
L0155,2025-04-16
L0155,2025-04-17
L0155,2025-04-18
L0155,2025-04-19
L0155,2025-04-20
L0155,2025-04-21
L0155,2025-04-22
L0155,2025-04-23
L0155,2025-04-24
L0155,2025-04-25
L0155,2025-04-26
L0155,2025-04-27
L0155,2025-04-28
L0155,2025-04-29
L0155,2025-04-30
L0155,2025-05-01
L0155,2025-05-02
L0155,2025-05-03
L0155,2025-05-04
L0155,2025-05-05
L0155,2025-05-06
L0155,2025-05-07
L0155,2025-05-08
L0155,2025-05-09
L0155,2025-05-10
L0155,2025-05-11
L0155,2025-05-12
L0155,2025-05-13
L0155,2025-05-14
L0155,2025-05-15
L0155,2025-05-16
L0155,2025-05-17
L0155,2025-05-18
L0155,2025-05-19
L0155,2025-05-20
L0155,2025-05-21
L0155,2025-05-22
L0155,2025-05-23
L0155,2025-05-24
L0155,2025-05-25
L0155,2025-05-26
L0155,2025-05-27
L0155,2025-05-28
L0155,2025-05-29
L0155,2025-05-30
L0155,2025-05-31
L0155,2025-06-01
L0155,2025-06-02
L0155,2025-06-03
L0155,2025-06-04
L0155,2025-06-05
L0155,2025-06-06
L0155,2025-06-07
L0155,2025-06-08
L0155,2025-06-09
L0155,2025-06-10
L0155,2025-06-11
L0155,2025-06-12
L0155,2025-06-13
L0155,2025-06-14
L0155,2025-06-15
L0155,2025-06-16
L0155,2025-06-17
L0155,2025-06-18
L0155,2025-06-19
L0155,2025-06-20
L0155,2025-06-21
L0155,2025-06-22
L0155,2025-06-23
L0155,2025-06-24
L0155,2025-06-25
L0155,2025-06-26
L0155,2025-06-27
L0155,2025-06-28
L0155,2025-06-29
L0156,2025-01-01
L0156,2025-01-02
L0156,2025-01-03
L0156,2025-01-04
L0156,2025-01-05
L0156,2025-01-06
L0156,2025-01-07
L0156,2025-01-08
L0156,2025-01-09
L0156,2025-01-10
L0156,2025-01-11
L0156,2025-01-12
L0156,2025-01-13
L0156,2025-01-14
L0156,2025-01-15
L0156,2025-01-16
L0156,2025-01-17
L0156,2025-01-18
L0156,2025-01-19
L0156,2025-01-20
L0156,2025-01-21
L0156,2025-01-22
L0156,2025-01-23
L0156,2025-01-24
L0156,2025-01-25
L0156,2025-01-26
L0156,2025-01-27
L0156,2025-01-28
L0156,2025-01-29
L0156,2025-01-30
L0156,2025-01-31
L0156,2025-02-01
L0156,2025-02-02
L0156,2025-02-03
L0156,2025-02-04
L0156,2025-02-05
L0156,2025-02-06
L0156,2025-02-07
L0156,2025-02-08
L0156,2025-02-09
L0156,2025-02-10
L0156,2025-02-11
L0156,2025-02-12
L0156,2025-02-13
L0156,2025-02-14
L0156,2025-02-15
L0156,2025-02-16
L0156,2025-02-17
L0156,2025-02-18
L0156,2025-02-19
L0156,2025-02-20
L0156,2025-02-21
L0156,2025-02-22
L0156,2025-02-23
L0156,2025-02-24
L0156,2025-02-25
L0156,2025-02-26
L0156,2025-02-27
L0156,2025-02-28
L0156,2025-03-01
L0156,2025-03-02
L0156,2025-03-03
L0156,2025-03-04
L0156,2025-03-05
L0156,2025-03-06
L0156,2025-03-07
L0156,2025-03-08
L0156,2025-03-09
L0156,2025-03-10
L0156,2025-03-11
L0156,2025-03-12
L0156,2025-03-13
L0156,2025-03-14
L0156,2025-03-15
L0156,2025-03-16
L0156,2025-03-17
L0156,2025-03-18
L0156,2025-03-19
L0156,2025-03-20
L0156,2025-03-21
L0156,2025-03-22
L0156,2025-03-23
L0156,2025-03-24
L0156,2025-03-25
L0156,2025-03-26
L0156,2025-03-27
L0156,2025-03-28
L0156,2025-03-29
L0156,2025-03-30
L0156,2025-03-31
L0156,2025-04-01
L0156,2025-04-02
L0156,2025-04-03
L0156,2025-04-04
L0156,2025-04-05
L0156,2025-04-06
L0156,2025-04-07
L0156,2025-04-08
L0156,2025-04-09
L0156,2025-04-10
L0156,2025-04-11
L0156,2025-04-12
L0156,2025-04-13
L0156,2025-04-14
L0156,2025-04-15
L0156,2025-04-16
L0156,2025-04-17
L0156,2025-04-18
L0156,2025-04-19
L0156,2025-04-20
L0156,2025-04-21
L0156,2025-04-22
L0156,2025-04-23
L0156,2025-04-24
L0156,2025-04-25
L0156,2025-04-26
L0156,2025-04-27
L0156,2025-04-28
L0156,2025-04-29
L0156,2025-04-30
L0156,2025-05-01
L0156,2025-05-02
L0156,2025-05-03
L0156,2025-05-04
L0156,2025-05-05
L0156,2025-05-06
L0156,2025-05-07
L0156,2025-05-08
L0156,2025-05-09
L0156,2025-05-10
L0156,2025-05-11
L0156,2025-05-12
L0156,2025-05-13
L0156,2025-05-14
L0156,2025-05-15
L0156,2025-05-16
L0156,2025-05-17
L0156,2025-05-18
L0156,2025-05-19
L0156,2025-05-20
L0156,2025-05-21
L0156,2025-05-22
L0156,2025-05-23
L0156,2025-05-24
L0156,2025-05-25
L0156,2025-05-26
L0156,2025-05-27
L0156,2025-05-28
L0156,2025-05-29
L0156,2025-05-30
L0156,2025-05-31
L0156,2025-06-01
L0156,2025-06-02
L0156,2025-06-03
L0156,2025-06-04
L0156,2025-06-05
L0156,2025-06-06
L0156,2025-06-07
L0156,2025-06-08
L0156,2025-06-09
L0156,2025-06-10
L0156,2025-06-11
L0156,2025-06-12
L0156,2025-06-13
L0156,2025-06-14
L0156,2025-06-15
L0156,2025-06-16
L0156,2025-06-17
L0156,2025-06-18
L0156,2025-06-19
L0156,2025-06-20
L0156,2025-06-21
L0156,2025-06-22
L0156,2025-06-23
L0156,2025-06-24
L0156,2025-06-25
L0156,2025-06-26
L0156,2025-06-27
L0156,2025-06-28
L0156,2025-06-29
L0157,2025-01-01
L0157,2025-01-02
L0157,2025-01-03
L0157,2025-01-04
L0157,2025-01-05
L0157,2025-01-06
L0157,2025-01-07
L0157,2025-01-08
L0157,2025-01-09
L0157,2025-01-10
L0157,2025-01-11
L0157,2025-01-12
L0157,2025-01-13
L0157,2025-01-14
L0157,2025-01-15
L0157,2025-01-16
L0157,2025-01-17
L0157,2025-01-18
L0157,2025-01-19
L0157,2025-01-20
L0157,2025-01-21
L0157,2025-01-22
L0157,2025-01-23
L0157,2025-01-24
L0157,2025-01-25
L0157,2025-01-26
L0157,2025-01-27
L0157,2025-01-28
L0157,2025-01-29
L0157,2025-01-30
L0157,2025-01-31
L0157,2025-02-01
L0157,2025-02-02
L0157,2025-02-03
L0157,2025-02-04
L0157,2025-02-05
L0157,2025-02-06
L0157,2025-02-07
L0157,2025-02-08
L0157,2025-02-09
L0157,2025-02-10
L0157,2025-02-11
L0157,2025-02-12
L0157,2025-02-13
L0157,2025-02-14
L0157,2025-02-15
L0157,2025-02-16
L0157,2025-02-17
L0157,2025-02-18
L0157,2025-02-19
L0157,2025-02-20
L0157,2025-02-21
L0157,2025-02-22
L0157,2025-02-23
L0157,2025-02-24
L0157,2025-02-25
L0157,2025-02-26
L0157,2025-02-27
L0157,2025-02-28
L0157,2025-03-01
L0157,2025-03-02
L0157,2025-03-03
L0157,2025-03-04
L0157,2025-03-05
L0157,2025-03-06
L0157,2025-03-07
L0157,2025-03-08
L0157,2025-03-09
L0157,2025-03-10
L0157,2025-03-11
L0157,2025-03-12
L0157,2025-03-13
L0157,2025-03-14
L0157,2025-03-15
L0157,2025-03-16
L0157,2025-03-17
L0157,2025-03-18
L0157,2025-03-19
L0157,2025-03-20
L0157,2025-03-21
L0157,2025-03-22
L0157,2025-03-23
L0157,2025-03-24
L0157,2025-03-25
L0157,2025-03-26
L0157,2025-03-27
L0157,2025-03-28
L0157,2025-03-29
L0157,2025-03-30
L0157,2025-03-31
L0157,2025-04-01
L0157,2025-04-02
L0157,2025-04-03
L0157,2025-04-04
L0157,2025-04-05
L0157,2025-04-06
L0157,2025-04-07
L0157,2025-04-08
L0157,2025-04-09
L0157,2025-04-10
L0157,2025-04-11
L0157,2025-04-12
L0157,2025-04-13
L0157,2025-04-14
L0157,2025-04-15
L0157,2025-04-16
L0157,2025-04-17
L0157,2025-04-18
L0157,2025-04-19
L0157,2025-04-20
L0157,2025-04-21
L0157,2025-04-22
L0157,2025-04-23
L0157,2025-04-24
L0157,2025-04-25
L0157,2025-04-26
L0157,2025-04-27
L0157,2025-04-28
L0157,2025-04-29
L0157,2025-04-30
L0157,2025-05-01
L0157,2025-05-02
L0157,2025-05-03
L0157,2025-05-04
L0157,2025-05-05
L0157,2025-05-06
L0157,2025-05-07
L0157,2025-05-08
L0157,2025-05-09
L0157,2025-05-10
L0157,2025-05-11
L0157,2025-05-12
L0157,2025-05-13
L0157,2025-05-14
L0157,2025-05-15
L0157,2025-05-16
L0157,2025-05-17
L0157,2025-05-18
L0157,2025-05-19
L0157,2025-05-20
L0157,2025-05-21
L0157,2025-05-22
L0157,2025-05-23
L0157,2025-05-24
L0157,2025-05-25
L0157,2025-05-26
L0157,2025-05-27
L0157,2025-05-28
L0157,2025-05-29
L0157,2025-05-30
L0157,2025-05-31
L0157,2025-06-01
L0157,2025-06-02
L0157,2025-06-03
L0157,2025-06-04
L0157,2025-06-05
L0157,2025-06-06
L0157,2025-06-07
L0157,2025-06-08
L0157,2025-06-09
L0157,2025-06-10
L0157,2025-06-11
L0157,2025-06-12
L0157,2025-06-13
L0157,2025-06-14
L0157,2025-06-15
L0157,2025-06-16
L0157,2025-06-17
L0157,2025-06-18
L0157,2025-06-19
L0157,2025-06-20
L0157,2025-06-21
L0157,2025-06-22
L0157,2025-06-23
L0157,2025-06-24
L0157,2025-06-25
L0157,2025-06-26
L0157,2025-06-27
L0157,2025-06-28
L0157,2025-06-29
L0158,2025-01-01
L0158,2025-01-02
L0158,2025-01-03
L0158,2025-01-04
L0158,2025-01-05
L0158,2025-01-06
L0158,2025-01-07
L0158,2025-01-08
L0158,2025-01-09
L0158,2025-01-10
L0158,2025-01-11
L0158,2025-01-12
L0158,2025-01-13
L0158,2025-01-14
L0158,2025-01-15
L0158,2025-01-16
L0158,2025-01-17
L0158,2025-01-18
L0158,2025-01-19
L0158,2025-01-20
L0158,2025-01-21
L0158,2025-01-22
L0158,2025-01-23
L0158,2025-01-24
L0158,2025-01-25
L0158,2025-01-26
L0158,2025-01-27
L0158,2025-01-28
L0158,2025-01-29
L0158,2025-01-30
L0158,2025-01-31
L0158,2025-02-01
L0158,2025-02-02
L0158,2025-02-03
L0158,2025-02-04
L0158,2025-02-05
L0158,2025-02-06
L0158,2025-02-07
L0158,2025-02-08
L0158,2025-02-09
L0158,2025-02-10
L0158,2025-02-11
L0158,2025-02-12
L0158,2025-02-13
L0158,2025-02-14
L0158,2025-02-15
L0158,2025-02-16
L0158,2025-02-17
L0158,2025-02-18
L0158,2025-02-19
L0158,2025-02-20
L0158,2025-02-21
L0158,2025-02-22
L0158,2025-02-23
L0158,2025-02-24
L0158,2025-02-25
L0158,2025-02-26
L0158,2025-02-27
L0158,2025-02-28
L0158,2025-03-01
L0158,2025-03-02
L0158,2025-03-03
L0158,2025-03-04
L0158,2025-03-05
L0158,2025-03-06
L0158,2025-03-07
L0158,2025-03-08
L0158,2025-03-09
L0158,2025-03-10
L0158,2025-03-11
L0158,2025-03-12
L0158,2025-03-13
L0158,2025-03-14
L0158,2025-03-15
L0158,2025-03-16
L0158,2025-03-17
L0158,2025-03-18
L0158,2025-03-19
L0158,2025-03-20
L0158,2025-03-21
L0158,2025-03-22
L0158,2025-03-23
L0158,2025-03-24
L0158,2025-03-25
L0158,2025-03-26
L0158,2025-03-27
L0158,2025-03-28
L0158,2025-03-29
L0158,2025-03-30
L0158,2025-03-31
L0158,2025-04-01
L0158,2025-04-02
L0158,2025-04-03
L0158,2025-04-04
L0158,2025-04-05
L0158,2025-04-06
L0158,2025-04-07
L0158,2025-04-08
L0158,2025-04-09
L0158,2025-04-10
L0158,2025-04-11
L0158,2025-04-12
L0158,2025-04-13
L0158,2025-04-14
L0158,2025-04-15
L0158,2025-04-16
L0158,2025-04-17
L0158,2025-04-18
L0158,2025-04-19
L0158,2025-04-20
L0158,2025-04-21
L0158,2025-04-22
L0158,2025-04-23
L0158,2025-04-24
L0158,2025-04-25
L0158,2025-04-26
L0158,2025-04-27
L0158,2025-04-28
L0158,2025-04-29
L0158,2025-04-30
L0158,2025-05-01
L0158,2025-05-02
L0158,2025-05-03
L0158,2025-05-04
L0158,2025-05-05
L0158,2025-05-06
L0158,2025-05-07
L0158,2025-05-08
L0158,2025-05-09
L0158,2025-05-10
L0158,2025-05-11
L0158,2025-05-12
L0158,2025-05-13
L0158,2025-05-14
L0158,2025-05-15
L0158,2025-05-16
L0158,2025-05-17
L0158,2025-05-18
L0158,2025-05-19
L0158,2025-05-20
L0158,2025-05-21
L0158,2025-05-22
L0158,2025-05-23
L0158,2025-05-24
L0158,2025-05-25
L0158,2025-05-26
L0158,2025-05-27
L0158,2025-05-28
L0158,2025-05-29
L0158,2025-05-30
L0158,2025-05-31
L0158,2025-06-01
L0158,2025-06-02
L0158,2025-06-03
L0158,2025-06-04
L0158,2025-06-05
L0158,2025-06-06
L0158,2025-06-07
L0158,2025-06-08
L0158,2025-06-09
L0158,2025-06-10
L0158,2025-06-11
L0158,2025-06-12
L0158,2025-06-13
L0158,2025-06-14
L0158,2025-06-15
L0158,2025-06-16
L0158,2025-06-17
L0158,2025-06-18
L0158,2025-06-19
L0158,2025-06-20
L0158,2025-06-21
L0158,2025-06-22
L0158,2025-06-23
L0158,2025-06-24
L0158,2025-06-25
L0158,2025-06-26
L0158,2025-06-27
L0158,2025-06-28
L0158,2025-06-29
L0159,2025-01-01
L0159,2025-01-02
L0159,2025-01-03
L0159,2025-01-04
L0159,2025-01-05
L0159,2025-01-06
L0159,2025-01-07
L0159,2025-01-08
L0159,2025-01-09
L0159,2025-01-10
L0159,2025-01-11
L0159,2025-01-12
L0159,2025-01-13
L0159,2025-01-14
L0159,2025-01-15
L0159,2025-01-16
L0159,2025-01-17
L0159,2025-01-18
L0159,2025-01-19
L0159,2025-01-20
L0159,2025-01-21
L0159,2025-01-22
L0159,2025-01-23
L0159,2025-01-24
L0159,2025-01-25
L0159,2025-01-26
L0159,2025-01-27
L0159,2025-01-28
L0159,2025-01-29
L0159,2025-01-30
L0159,2025-01-31
L0159,2025-02-01
L0159,2025-02-02
L0159,2025-02-03
L0159,2025-02-04
L0159,2025-02-05
L0159,2025-02-06
L0159,2025-02-07
L0159,2025-02-08
L0159,2025-02-09
L0159,2025-02-10
L0159,2025-02-11
L0159,2025-02-12
L0159,2025-02-13
L0159,2025-02-14
L0159,2025-02-15
L0159,2025-02-16
L0159,2025-02-17
L0159,2025-02-18
L0159,2025-02-19
L0159,2025-02-20
L0159,2025-02-21
L0159,2025-02-22
L0159,2025-02-23
L0159,2025-02-24
L0159,2025-02-25
L0159,2025-02-26
L0159,2025-02-27
L0159,2025-02-28
L0159,2025-03-01
L0159,2025-03-02
L0159,2025-03-03
L0159,2025-03-04
L0159,2025-03-05
L0159,2025-03-06
L0159,2025-03-07
L0159,2025-03-08
L0159,2025-03-09
L0159,2025-03-10
L0159,2025-03-11
L0159,2025-03-12
L0159,2025-03-13
L0159,2025-03-14
L0159,2025-03-15
L0159,2025-03-16
L0159,2025-03-17
L0159,2025-03-18
L0159,2025-03-19
L0159,2025-03-20
L0159,2025-03-21
L0159,2025-03-22
L0159,2025-03-23
L0159,2025-03-24
L0159,2025-03-25
L0159,2025-03-26
L0159,2025-03-27
L0159,2025-03-28
L0159,2025-03-29
L0159,2025-03-30
L0159,2025-03-31
L0159,2025-04-01
L0159,2025-04-02
L0159,2025-04-03
L0159,2025-04-04
L0159,2025-04-05
L0159,2025-04-06
L0159,2025-04-07
L0159,2025-04-08
L0159,2025-04-09
L0159,2025-04-10
L0159,2025-04-11
L0159,2025-04-12
L0159,2025-04-13
L0159,2025-04-14
L0159,2025-04-15
L0159,2025-04-16
L0159,2025-04-17
L0159,2025-04-18
L0159,2025-04-19
L0159,2025-04-20
L0159,2025-04-21
L0159,2025-04-22
L0159,2025-04-23
L0159,2025-04-24
L0159,2025-04-25
L0159,2025-04-26
L0159,2025-04-27
L0159,2025-04-28
L0159,2025-04-29
L0159,2025-04-30
L0159,2025-05-01
L0159,2025-05-02
L0159,2025-05-03
L0159,2025-05-04
L0159,2025-05-05
L0159,2025-05-06
L0159,2025-05-07
L0159,2025-05-08
L0159,2025-05-09
L0159,2025-05-10
L0159,2025-05-11
L0159,2025-05-12
L0159,2025-05-13
L0159,2025-05-14
L0159,2025-05-15
L0159,2025-05-16
L0159,2025-05-17
L0159,2025-05-18
L0159,2025-05-19
L0159,2025-05-20
L0159,2025-05-21
L0159,2025-05-22
L0159,2025-05-23
L0159,2025-05-24
L0159,2025-05-25
L0159,2025-05-26
L0159,2025-05-27
L0159,2025-05-28
L0159,2025-05-29
L0159,2025-05-30
L0159,2025-05-31
L0159,2025-06-01
L0159,2025-06-02
L0159,2025-06-03
L0159,2025-06-04
L0159,2025-06-05
L0159,2025-06-06
L0159,2025-06-07
L0159,2025-06-08
L0159,2025-06-09
L0159,2025-06-10
L0159,2025-06-11
L0159,2025-06-12
L0159,2025-06-13
L0159,2025-06-14
L0159,2025-06-15
L0159,2025-06-16
L0159,2025-06-17
L0159,2025-06-18
L0159,2025-06-19
L0159,2025-06-20
L0159,2025-06-21
L0159,2025-06-22
L0159,2025-06-23
L0159,2025-06-24
L0159,2025-06-25
L0159,2025-06-26
L0159,2025-06-27
L0159,2025-06-28
L0159,2025-06-29
L0160,2025-01-01
L0160,2025-01-02
L0160,2025-01-03
L0160,2025-01-04
L0160,2025-01-05
L0160,2025-01-06
L0160,2025-01-07
L0160,2025-01-08
L0160,2025-01-09
L0160,2025-01-10
L0160,2025-01-11
L0160,2025-01-12
L0160,2025-01-13
L0160,2025-01-14
L0160,2025-01-15
L0160,2025-01-16
L0160,2025-01-17
L0160,2025-01-18
L0160,2025-01-19
L0160,2025-01-20
L0160,2025-01-21
L0160,2025-01-22
L0160,2025-01-23
L0160,2025-01-24
L0160,2025-01-25
L0160,2025-01-26
L0160,2025-01-27
L0160,2025-01-28
L0160,2025-01-29
L0160,2025-01-30
L0160,2025-01-31
L0160,2025-02-01
L0160,2025-02-02
L0160,2025-02-03
L0160,2025-02-04
L0160,2025-02-05
L0160,2025-02-06
L0160,2025-02-07
L0160,2025-02-08
L0160,2025-02-09
L0160,2025-02-10
L0160,2025-02-11
L0160,2025-02-12
L0160,2025-02-13
L0160,2025-02-14
L0160,2025-02-15
L0160,2025-02-16
L0160,2025-02-17
L0160,2025-02-18
L0160,2025-02-19
L0160,2025-02-20
L0160,2025-02-21
L0160,2025-02-22
L0160,2025-02-23
L0160,2025-02-24
L0160,2025-02-25
L0160,2025-02-26
L0160,2025-02-27
L0160,2025-02-28
L0160,2025-03-01
L0160,2025-03-02
L0160,2025-03-03
L0160,2025-03-04
L0160,2025-03-05
L0160,2025-03-06
L0160,2025-03-07
L0160,2025-03-08
L0160,2025-03-09
L0160,2025-03-10
L0160,2025-03-11
L0160,2025-03-12
L0160,2025-03-13
L0160,2025-03-14
L0160,2025-03-15
L0160,2025-03-16
L0160,2025-03-17
L0160,2025-03-18
L0160,2025-03-19
L0160,2025-03-20
L0160,2025-03-21
L0160,2025-03-22
L0160,2025-03-23
L0160,2025-03-24
L0160,2025-03-25
L0160,2025-03-26
L0160,2025-03-27
L0160,2025-03-28
L0160,2025-03-29
L0160,2025-03-30
L0160,2025-03-31
L0160,2025-04-01
L0160,2025-04-02
L0160,2025-04-03
L0160,2025-04-04
L0160,2025-04-05
L0160,2025-04-06
L0160,2025-04-07
L0160,2025-04-08
L0160,2025-04-09
L0160,2025-04-10
L0160,2025-04-11
L0160,2025-04-12
L0160,2025-04-13
L0160,2025-04-14
L0160,2025-04-15
L0160,2025-04-16
L0160,2025-04-17
L0160,2025-04-18
L0160,2025-04-19
L0160,2025-04-20
L0160,2025-04-21
L0160,2025-04-22
L0160,2025-04-23
L0160,2025-04-24
L0160,2025-04-25
L0160,2025-04-26
L0160,2025-04-27
L0160,2025-04-28
L0160,2025-04-29
L0160,2025-04-30
L0160,2025-05-01
L0160,2025-05-02
L0160,2025-05-03
L0160,2025-05-04
L0160,2025-05-05
L0160,2025-05-06
L0160,2025-05-07
L0160,2025-05-08
L0160,2025-05-09
L0160,2025-05-10
L0160,2025-05-11
L0160,2025-05-12
L0160,2025-05-13
L0160,2025-05-14
L0160,2025-05-15
L0160,2025-05-16
L0160,2025-05-17
L0160,2025-05-18
L0160,2025-05-19
L0160,2025-05-20
L0160,2025-05-21
L0160,2025-05-22
L0160,2025-05-23
L0160,2025-05-24
L0160,2025-05-25
L0160,2025-05-26
L0160,2025-05-27
L0160,2025-05-28
L0160,2025-05-29
L0160,2025-05-30
L0160,2025-05-31
L0160,2025-06-01
L0160,2025-06-02
L0160,2025-06-03
L0160,2025-06-04
L0160,2025-06-05
L0160,2025-06-06
L0160,2025-06-07
L0160,2025-06-08
L0160,2025-06-09
L0160,2025-06-10
L0160,2025-06-11
L0160,2025-06-12
L0160,2025-06-13
L0160,2025-06-14
L0160,2025-06-15
L0160,2025-06-16
L0160,2025-06-17
L0160,2025-06-18
L0160,2025-06-19
L0160,2025-06-20
L0160,2025-06-21
L0160,2025-06-22
L0160,2025-06-23
L0160,2025-06-24
L0160,2025-06-25
L0160,2025-06-26
L0160,2025-06-27
L0160,2025-06-28
L0160,2025-06-29
L0161,2025-01-01
L0161,2025-01-02
L0161,2025-01-03
L0161,2025-01-04
L0161,2025-01-05
L0161,2025-01-06
L0161,2025-01-07
L0161,2025-01-08
L0161,2025-01-09
L0161,2025-01-10
L0161,2025-01-11
L0161,2025-01-12
L0161,2025-01-13
L0161,2025-01-14
L0161,2025-01-15
L0161,2025-01-16
L0161,2025-01-17
L0161,2025-01-18
L0161,2025-01-19
L0161,2025-01-20
L0161,2025-01-21
L0161,2025-01-22
L0161,2025-01-23
L0161,2025-01-24
L0161,2025-01-25
L0161,2025-01-26
L0161,2025-01-27
L0161,2025-01-28
L0161,2025-01-29
L0161,2025-01-30
L0161,2025-01-31
L0161,2025-02-01
L0161,2025-02-02
L0161,2025-02-03
L0161,2025-02-04
L0161,2025-02-05
L0161,2025-02-06
L0161,2025-02-07
L0161,2025-02-08
L0161,2025-02-09
L0161,2025-02-10
L0161,2025-02-11
L0161,2025-02-12
L0161,2025-02-13
L0161,2025-02-14
L0161,2025-02-15
L0161,2025-02-16
L0161,2025-02-17
L0161,2025-02-18
L0161,2025-02-19
L0161,2025-02-20
L0161,2025-02-21
L0161,2025-02-22
L0161,2025-02-23
L0161,2025-02-24
L0161,2025-02-25
L0161,2025-02-26
L0161,2025-02-27
L0161,2025-02-28
L0161,2025-03-01
L0161,2025-03-02
L0161,2025-03-03
L0161,2025-03-04
L0161,2025-03-05
L0161,2025-03-06
L0161,2025-03-07
L0161,2025-03-08
L0161,2025-03-09
L0161,2025-03-10
L0161,2025-03-11
L0161,2025-03-12
L0161,2025-03-13
L0161,2025-03-14
L0161,2025-03-15
L0161,2025-03-16
L0161,2025-03-17
L0161,2025-03-18
L0161,2025-03-19
L0161,2025-03-20
L0161,2025-03-21
L0161,2025-03-22
L0161,2025-03-23
L0161,2025-03-24
L0161,2025-03-25
L0161,2025-03-26
L0161,2025-03-27
L0161,2025-03-28
L0161,2025-03-29
L0161,2025-03-30
L0161,2025-03-31
L0161,2025-04-01
L0161,2025-04-02
L0161,2025-04-03
L0161,2025-04-04
L0161,2025-04-05
L0161,2025-04-06
L0161,2025-04-07
L0161,2025-04-08
L0161,2025-04-09
L0161,2025-04-10
L0161,2025-04-11
L0161,2025-04-12
L0161,2025-04-13
L0161,2025-04-14
L0161,2025-04-15
L0161,2025-04-16
L0161,2025-04-17
L0161,2025-04-18
L0161,2025-04-19
L0161,2025-04-20
L0161,2025-04-21
L0161,2025-04-22
L0161,2025-04-23
L0161,2025-04-24
L0161,2025-04-25
L0161,2025-04-26
L0161,2025-04-27
L0161,2025-04-28
L0161,2025-04-29
L0161,2025-04-30
L0161,2025-05-01
L0161,2025-05-02
L0161,2025-05-03
L0161,2025-05-04
L0161,2025-05-05
L0161,2025-05-06
L0161,2025-05-07
L0161,2025-05-08
L0161,2025-05-09
L0161,2025-05-10
L0161,2025-05-11
L0161,2025-05-12
L0161,2025-05-13
L0161,2025-05-14
L0161,2025-05-15
L0161,2025-05-16
L0161,2025-05-17
L0161,2025-05-18
L0161,2025-05-19
L0161,2025-05-20
L0161,2025-05-21
L0161,2025-05-22
L0161,2025-05-23
L0161,2025-05-24
L0161,2025-05-25
L0161,2025-05-26
L0161,2025-05-27
L0161,2025-05-28
L0161,2025-05-29
L0161,2025-05-30
L0161,2025-05-31
L0161,2025-06-01
L0161,2025-06-02
L0161,2025-06-03
L0161,2025-06-04
L0161,2025-06-05
L0161,2025-06-06
L0161,2025-06-07
L0161,2025-06-08
L0161,2025-06-09
L0161,2025-06-10
L0161,2025-06-11
L0161,2025-06-12
L0161,2025-06-13
L0161,2025-06-14
L0161,2025-06-15
L0161,2025-06-16
L0161,2025-06-17
L0161,2025-06-18
L0161,2025-06-19
L0161,2025-06-20
L0161,2025-06-21
L0161,2025-06-22
L0161,2025-06-23
L0161,2025-06-24
L0161,2025-06-25
L0161,2025-06-26
L0161,2025-06-27
L0161,2025-06-28
L0161,2025-06-29
L0162,2025-01-01
L0162,2025-01-02
L0162,2025-01-03
L0162,2025-01-04
L0162,2025-01-05
L0162,2025-01-06
L0162,2025-01-07
L0162,2025-01-08
L0162,2025-01-09
L0162,2025-01-10
L0162,2025-01-11
L0162,2025-01-12
L0162,2025-01-13
L0162,2025-01-14
L0162,2025-01-15
L0162,2025-01-16
L0162,2025-01-17
L0162,2025-01-18
L0162,2025-01-19
L0162,2025-01-20
L0162,2025-01-21
L0162,2025-01-22
L0162,2025-01-23
L0162,2025-01-24
L0162,2025-01-25
L0162,2025-01-26
L0162,2025-01-27
L0162,2025-01-28
L0162,2025-01-29
L0162,2025-01-30
L0162,2025-01-31
L0162,2025-02-01
L0162,2025-02-02
L0162,2025-02-03
L0162,2025-02-04
L0162,2025-02-05
L0162,2025-02-06
L0162,2025-02-07
L0162,2025-02-08
L0162,2025-02-09
L0162,2025-02-10
L0162,2025-02-11
L0162,2025-02-12
L0162,2025-02-13
L0162,2025-02-14
L0162,2025-02-15
L0162,2025-02-16
L0162,2025-02-17
L0162,2025-02-18
L0162,2025-02-19
L0162,2025-02-20
L0162,2025-02-21
L0162,2025-02-22
L0162,2025-02-23
L0162,2025-02-24
L0162,2025-02-25
L0162,2025-02-26
L0162,2025-02-27
L0162,2025-02-28
L0162,2025-03-01
L0162,2025-03-02
L0162,2025-03-03
L0162,2025-03-04
L0162,2025-03-05
L0162,2025-03-06
L0162,2025-03-07
L0162,2025-03-08
L0162,2025-03-09
L0162,2025-03-10
L0162,2025-03-11
L0162,2025-03-12
L0162,2025-03-13
L0162,2025-03-14
L0162,2025-03-15
L0162,2025-03-16
L0162,2025-03-17
L0162,2025-03-18
L0162,2025-03-19
L0162,2025-03-20
L0162,2025-03-21
L0162,2025-03-22
L0162,2025-03-23
L0162,2025-03-24
L0162,2025-03-25
L0162,2025-03-26
L0162,2025-03-27
L0162,2025-03-28
L0162,2025-03-29
L0162,2025-03-30
L0162,2025-03-31
L0162,2025-04-01
L0162,2025-04-02
L0162,2025-04-03
L0162,2025-04-04
L0162,2025-04-05
L0162,2025-04-06
L0162,2025-04-07
L0162,2025-04-08
L0162,2025-04-09
L0162,2025-04-10
L0162,2025-04-11
L0162,2025-04-12
L0162,2025-04-13
L0162,2025-04-14
L0162,2025-04-15
L0162,2025-04-16
L0162,2025-04-17
L0162,2025-04-18
L0162,2025-04-19
L0162,2025-04-20
L0162,2025-04-21
L0162,2025-04-22
L0162,2025-04-23
L0162,2025-04-24
L0162,2025-04-25
L0162,2025-04-26
L0162,2025-04-27
L0162,2025-04-28
L0162,2025-04-29
L0162,2025-04-30
L0162,2025-05-01
L0162,2025-05-02
L0162,2025-05-03
L0162,2025-05-04
L0162,2025-05-05
L0162,2025-05-06
L0162,2025-05-07
L0162,2025-05-08
L0162,2025-05-09
L0162,2025-05-10
L0162,2025-05-11
L0162,2025-05-12
L0162,2025-05-13
L0162,2025-05-14
L0162,2025-05-15
L0162,2025-05-16
L0162,2025-05-17
L0162,2025-05-18
L0162,2025-05-19
L0162,2025-05-20
L0162,2025-05-21
L0162,2025-05-22
L0162,2025-05-23
L0162,2025-05-24
L0162,2025-05-25
L0162,2025-05-26
L0162,2025-05-27
L0162,2025-05-28
L0162,2025-05-29
L0162,2025-05-30
L0162,2025-05-31
L0162,2025-06-01
L0162,2025-06-02
L0162,2025-06-03
L0162,2025-06-04
L0162,2025-06-05
L0162,2025-06-06
L0162,2025-06-07
L0162,2025-06-08
L0162,2025-06-09
L0162,2025-06-10
L0162,2025-06-11
L0162,2025-06-12
L0162,2025-06-13
L0162,2025-06-14
L0162,2025-06-15
L0162,2025-06-16
L0162,2025-06-17
L0162,2025-06-18
L0162,2025-06-19
L0162,2025-06-20
L0162,2025-06-21
L0162,2025-06-22
L0162,2025-06-23
L0162,2025-06-24
L0162,2025-06-25
L0162,2025-06-26
L0162,2025-06-27
L0162,2025-06-28
L0162,2025-06-29
L0163,2025-01-01
L0163,2025-01-02
L0163,2025-01-03
L0163,2025-01-04
L0163,2025-01-05
L0163,2025-01-06
L0163,2025-01-07
L0163,2025-01-08
L0163,2025-01-09
L0163,2025-01-10
L0163,2025-01-11
L0163,2025-01-12
L0163,2025-01-13
L0163,2025-01-14
L0163,2025-01-15
L0163,2025-01-16
L0163,2025-01-17
L0163,2025-01-18
L0163,2025-01-19
L0163,2025-01-20
L0163,2025-01-21
L0163,2025-01-22
L0163,2025-01-23
L0163,2025-01-24
L0163,2025-01-25
L0163,2025-01-26
L0163,2025-01-27
L0163,2025-01-28
L0163,2025-01-29
L0163,2025-01-30
L0163,2025-01-31
L0163,2025-02-01
L0163,2025-02-02
L0163,2025-02-03
L0163,2025-02-04
L0163,2025-02-05
L0163,2025-02-06
L0163,2025-02-07
L0163,2025-02-08
L0163,2025-02-09
L0163,2025-02-10
L0163,2025-02-11
L0163,2025-02-12
L0163,2025-02-13
L0163,2025-02-14
L0163,2025-02-15
L0163,2025-02-16
L0163,2025-02-17
L0163,2025-02-18
L0163,2025-02-19
L0163,2025-02-20
L0163,2025-02-21
L0163,2025-02-22
L0163,2025-02-23
L0163,2025-02-24
L0163,2025-02-25
L0163,2025-02-26
L0163,2025-02-27
L0163,2025-02-28
L0163,2025-03-01
L0163,2025-03-02
L0163,2025-03-03
L0163,2025-03-04
L0163,2025-03-05
L0163,2025-03-06
L0163,2025-03-07
L0163,2025-03-08
L0163,2025-03-09
L0163,2025-03-10
L0163,2025-03-11
L0163,2025-03-12
L0163,2025-03-13
L0163,2025-03-14
L0163,2025-03-15
L0163,2025-03-16
L0163,2025-03-17
L0163,2025-03-18
L0163,2025-03-19
L0163,2025-03-20
L0163,2025-03-21
L0163,2025-03-22
L0163,2025-03-23
L0163,2025-03-24
L0163,2025-03-25
L0163,2025-03-26
L0163,2025-03-27
L0163,2025-03-28
L0163,2025-03-29
L0163,2025-03-30
L0163,2025-03-31
L0163,2025-04-01
L0163,2025-04-02
L0163,2025-04-03
L0163,2025-04-04
L0163,2025-04-05
L0163,2025-04-06
L0163,2025-04-07
L0163,2025-04-08
L0163,2025-04-09
L0163,2025-04-10
L0163,2025-04-11
L0163,2025-04-12
L0163,2025-04-13
L0163,2025-04-14
L0163,2025-04-15
L0163,2025-04-16
L0163,2025-04-17
L0163,2025-04-18
L0163,2025-04-19
L0163,2025-04-20
L0163,2025-04-21
L0163,2025-04-22
L0163,2025-04-23
L0163,2025-04-24
L0163,2025-04-25
L0163,2025-04-26
L0163,2025-04-27
L0163,2025-04-28
L0163,2025-04-29
L0163,2025-04-30
L0163,2025-05-01
L0163,2025-05-02
L0163,2025-05-03
L0163,2025-05-04
L0163,2025-05-05
L0163,2025-05-06
L0163,2025-05-07
L0163,2025-05-08
L0163,2025-05-09
L0163,2025-05-10
L0163,2025-05-11
L0163,2025-05-12
L0163,2025-05-13
L0163,2025-05-14
L0163,2025-05-15
L0163,2025-05-16
L0163,2025-05-17
L0163,2025-05-18
L0163,2025-05-19
L0163,2025-05-20
L0163,2025-05-21
L0163,2025-05-22
L0163,2025-05-23
L0163,2025-05-24
L0163,2025-05-25
L0163,2025-05-26
L0163,2025-05-27
L0163,2025-05-28
L0163,2025-05-29
L0163,2025-05-30
L0163,2025-05-31
L0163,2025-06-01
L0163,2025-06-02
L0163,2025-06-03
L0163,2025-06-04
L0163,2025-06-05
L0163,2025-06-06
L0163,2025-06-07
L0163,2025-06-08
L0163,2025-06-09
L0163,2025-06-10
L0163,2025-06-11
L0163,2025-06-12
L0163,2025-06-13
L0163,2025-06-14
L0163,2025-06-15
L0163,2025-06-16
L0163,2025-06-17
L0163,2025-06-18
L0163,2025-06-19
L0163,2025-06-20
L0163,2025-06-21
L0163,2025-06-22
L0163,2025-06-23
L0163,2025-06-24
L0163,2025-06-25
L0163,2025-06-26
L0163,2025-06-27
L0163,2025-06-28
L0163,2025-06-29
L0164,2025-01-01
L0164,2025-01-02
L0164,2025-01-03
L0164,2025-01-04
L0164,2025-01-05
L0164,2025-01-06
L0164,2025-01-07
L0164,2025-01-08
L0164,2025-01-09
L0164,2025-01-10
L0164,2025-01-11
L0164,2025-01-12
L0164,2025-01-13
L0164,2025-01-14
L0164,2025-01-15
L0164,2025-01-16
L0164,2025-01-17
L0164,2025-01-18
L0164,2025-01-19
L0164,2025-01-20
L0164,2025-01-21
L0164,2025-01-22
L0164,2025-01-23
L0164,2025-01-24
L0164,2025-01-25
L0164,2025-01-26
L0164,2025-01-27
L0164,2025-01-28
L0164,2025-01-29
L0164,2025-01-30
L0164,2025-01-31
L0164,2025-02-01
L0164,2025-02-02
L0164,2025-02-03
L0164,2025-02-04
L0164,2025-02-05
L0164,2025-02-06
L0164,2025-02-07
L0164,2025-02-08
L0164,2025-02-09
L0164,2025-02-10
L0164,2025-02-11
L0164,2025-02-12
L0164,2025-02-13
L0164,2025-02-14
L0164,2025-02-15
L0164,2025-02-16
L0164,2025-02-17
L0164,2025-02-18
L0164,2025-02-19
L0164,2025-02-20
L0164,2025-02-21
L0164,2025-02-22
L0164,2025-02-23
L0164,2025-02-24
L0164,2025-02-25
L0164,2025-02-26
L0164,2025-02-27
L0164,2025-02-28
L0164,2025-03-01
L0164,2025-03-02
L0164,2025-03-03
L0164,2025-03-04
L0164,2025-03-05
L0164,2025-03-06
L0164,2025-03-07
L0164,2025-03-08
L0164,2025-03-09
L0164,2025-03-10
L0164,2025-03-11
L0164,2025-03-12
L0164,2025-03-13
L0164,2025-03-14
L0164,2025-03-15
L0164,2025-03-16
L0164,2025-03-17
L0164,2025-03-18
L0164,2025-03-19
L0164,2025-03-20
L0164,2025-03-21
L0164,2025-03-22
L0164,2025-03-23
L0164,2025-03-24
L0164,2025-03-25
L0164,2025-03-26
L0164,2025-03-27
L0164,2025-03-28
L0164,2025-03-29
L0164,2025-03-30
L0164,2025-03-31
L0164,2025-04-01
L0164,2025-04-02
L0164,2025-04-03
L0164,2025-04-04
L0164,2025-04-05
L0164,2025-04-06
L0164,2025-04-07
L0164,2025-04-08
L0164,2025-04-09
L0164,2025-04-10
L0164,2025-04-11
L0164,2025-04-12
L0164,2025-04-13
L0164,2025-04-14
L0164,2025-04-15
L0164,2025-04-16
L0164,2025-04-17
L0164,2025-04-18
L0164,2025-04-19
L0164,2025-04-20
L0164,2025-04-21
L0164,2025-04-22
L0164,2025-04-23
L0164,2025-04-24
L0164,2025-04-25
L0164,2025-04-26
L0164,2025-04-27
L0164,2025-04-28
L0164,2025-04-29
L0164,2025-04-30
L0164,2025-05-01
L0164,2025-05-02
L0164,2025-05-03
L0164,2025-05-04
L0164,2025-05-05
L0164,2025-05-06
L0164,2025-05-07
L0164,2025-05-08
L0164,2025-05-09
L0164,2025-05-10
L0164,2025-05-11
L0164,2025-05-12
L0164,2025-05-13
L0164,2025-05-14
L0164,2025-05-15
L0164,2025-05-16
L0164,2025-05-17
L0164,2025-05-18
L0164,2025-05-19
L0164,2025-05-20
L0164,2025-05-21
L0164,2025-05-22
L0164,2025-05-23
L0164,2025-05-24
L0164,2025-05-25
L0164,2025-05-26
L0164,2025-05-27
L0164,2025-05-28
L0164,2025-05-29
L0164,2025-05-30
L0164,2025-05-31
L0164,2025-06-01
L0164,2025-06-02
L0164,2025-06-03
L0164,2025-06-04
L0164,2025-06-05
L0164,2025-06-06
L0164,2025-06-07
L0164,2025-06-08
L0164,2025-06-09
L0164,2025-06-10
L0164,2025-06-11
L0164,2025-06-12
L0164,2025-06-13
L0164,2025-06-14
L0164,2025-06-15
L0164,2025-06-16
L0164,2025-06-17
L0164,2025-06-18
L0164,2025-06-19
L0164,2025-06-20
L0164,2025-06-21
L0164,2025-06-22
L0164,2025-06-23
L0164,2025-06-24
L0164,2025-06-25
L0164,2025-06-26
L0164,2025-06-27
L0164,2025-06-28
L0164,2025-06-29
L0165,2025-01-01
L0165,2025-01-02
L0165,2025-01-03
L0165,2025-01-04
L0165,2025-01-05
L0165,2025-01-06
L0165,2025-01-07
L0165,2025-01-08
L0165,2025-01-09
L0165,2025-01-10
L0165,2025-01-11
L0165,2025-01-12
L0165,2025-01-13
L0165,2025-01-14
L0165,2025-01-15
L0165,2025-01-16
L0165,2025-01-17
L0165,2025-01-18
L0165,2025-01-19
L0165,2025-01-20
L0165,2025-01-21
L0165,2025-01-22
L0165,2025-01-23
L0165,2025-01-24
L0165,2025-01-25
L0165,2025-01-26
L0165,2025-01-27
L0165,2025-01-28
L0165,2025-01-29
L0165,2025-01-30
L0165,2025-01-31
L0165,2025-02-01
L0165,2025-02-02
L0165,2025-02-03
L0165,2025-02-04
L0165,2025-02-05
L0165,2025-02-06
L0165,2025-02-07
L0165,2025-02-08
L0165,2025-02-09
L0165,2025-02-10
L0165,2025-02-11
L0165,2025-02-12
L0165,2025-02-13
L0165,2025-02-14
L0165,2025-02-15
L0165,2025-02-16
L0165,2025-02-17
L0165,2025-02-18
L0165,2025-02-19
L0165,2025-02-20
L0165,2025-02-21
L0165,2025-02-22
L0165,2025-02-23
L0165,2025-02-24
L0165,2025-02-25
L0165,2025-02-26
L0165,2025-02-27
L0165,2025-02-28
L0165,2025-03-01
L0165,2025-03-02
L0165,2025-03-03
L0165,2025-03-04
L0165,2025-03-05
L0165,2025-03-06
L0165,2025-03-07
L0165,2025-03-08
L0165,2025-03-09
L0165,2025-03-10
L0165,2025-03-11
L0165,2025-03-12
L0165,2025-03-13
L0165,2025-03-14
L0165,2025-03-15
L0165,2025-03-16
L0165,2025-03-17
L0165,2025-03-18
L0165,2025-03-19
L0165,2025-03-20
L0165,2025-03-21
L0165,2025-03-22
L0165,2025-03-23
L0165,2025-03-24
L0165,2025-03-25
L0165,2025-03-26
L0165,2025-03-27
L0165,2025-03-28
L0165,2025-03-29
L0165,2025-03-30
L0165,2025-03-31
L0165,2025-04-01
L0165,2025-04-02
L0165,2025-04-03
L0165,2025-04-04
L0165,2025-04-05
L0165,2025-04-06
L0165,2025-04-07
L0165,2025-04-08
L0165,2025-04-09
L0165,2025-04-10
L0165,2025-04-11
L0165,2025-04-12
L0165,2025-04-13
L0165,2025-04-14
L0165,2025-04-15
L0165,2025-04-16
L0165,2025-04-17
L0165,2025-04-18
L0165,2025-04-19
L0165,2025-04-20
L0165,2025-04-21
L0165,2025-04-22
L0165,2025-04-23
L0165,2025-04-24
L0165,2025-04-25
L0165,2025-04-26
L0165,2025-04-27
L0165,2025-04-28
L0165,2025-04-29
L0165,2025-04-30
L0165,2025-05-01
L0165,2025-05-02
L0165,2025-05-03
L0165,2025-05-04
L0165,2025-05-05
L0165,2025-05-06
L0165,2025-05-07
L0165,2025-05-08
L0165,2025-05-09
L0165,2025-05-10
L0165,2025-05-11
L0165,2025-05-12
L0165,2025-05-13
L0165,2025-05-14
L0165,2025-05-15
L0165,2025-05-16
L0165,2025-05-17
L0165,2025-05-18
L0165,2025-05-19
L0165,2025-05-20
L0165,2025-05-21
L0165,2025-05-22
L0165,2025-05-23
L0165,2025-05-24
L0165,2025-05-25
L0165,2025-05-26
L0165,2025-05-27
L0165,2025-05-28
L0165,2025-05-29
L0165,2025-05-30
L0165,2025-05-31
L0165,2025-06-01
L0165,2025-06-02
L0165,2025-06-03
L0165,2025-06-04
L0165,2025-06-05
L0165,2025-06-06
L0165,2025-06-07
L0165,2025-06-08
L0165,2025-06-09
L0165,2025-06-10
L0165,2025-06-11
L0165,2025-06-12
L0165,2025-06-13
L0165,2025-06-14
L0165,2025-06-15
L0165,2025-06-16
L0165,2025-06-17
L0165,2025-06-18
L0165,2025-06-19
L0165,2025-06-20
L0165,2025-06-21
L0165,2025-06-22
L0165,2025-06-23
L0165,2025-06-24
L0165,2025-06-25
L0165,2025-06-26
L0165,2025-06-27
L0165,2025-06-28
L0165,2025-06-29
L0166,2025-01-01
L0166,2025-01-02
L0166,2025-01-03
L0166,2025-01-04
L0166,2025-01-05
L0166,2025-01-06
L0166,2025-01-07
L0166,2025-01-08
L0166,2025-01-09
L0166,2025-01-10
L0166,2025-01-11
L0166,2025-01-12
L0166,2025-01-13
L0166,2025-01-14
L0166,2025-01-15
L0166,2025-01-16
L0166,2025-01-17
L0166,2025-01-18
L0166,2025-01-19
L0166,2025-01-20
L0166,2025-01-21
L0166,2025-01-22
L0166,2025-01-23
L0166,2025-01-24
L0166,2025-01-25
L0166,2025-01-26
L0166,2025-01-27
L0166,2025-01-28
L0166,2025-01-29
L0166,2025-01-30
L0166,2025-01-31
L0166,2025-02-01
L0166,2025-02-02
L0166,2025-02-03
L0166,2025-02-04
L0166,2025-02-05
L0166,2025-02-06
L0166,2025-02-07
L0166,2025-02-08
L0166,2025-02-09
L0166,2025-02-10
L0166,2025-02-11
L0166,2025-02-12
L0166,2025-02-13
L0166,2025-02-14
L0166,2025-02-15
L0166,2025-02-16
L0166,2025-02-17
L0166,2025-02-18
L0166,2025-02-19
L0166,2025-02-20
L0166,2025-02-21
L0166,2025-02-22
L0166,2025-02-23
L0166,2025-02-24
L0166,2025-02-25
L0166,2025-02-26
L0166,2025-02-27
L0166,2025-02-28
L0166,2025-03-01
L0166,2025-03-02
L0166,2025-03-03
L0166,2025-03-04
L0166,2025-03-05
L0166,2025-03-06
L0166,2025-03-07
L0166,2025-03-08
L0166,2025-03-09
L0166,2025-03-10
L0166,2025-03-11
L0166,2025-03-12
L0166,2025-03-13
L0166,2025-03-14
L0166,2025-03-15
L0166,2025-03-16
L0166,2025-03-17
L0166,2025-03-18
L0166,2025-03-19
L0166,2025-03-20
L0166,2025-03-21
L0166,2025-03-22
L0166,2025-03-23
L0166,2025-03-24
L0166,2025-03-25
L0166,2025-03-26
L0166,2025-03-27
L0166,2025-03-28
L0166,2025-03-29
L0166,2025-03-30
L0166,2025-03-31
L0166,2025-04-01
L0166,2025-04-02
L0166,2025-04-03
L0166,2025-04-04
L0166,2025-04-05
L0166,2025-04-06
L0166,2025-04-07
L0166,2025-04-08
L0166,2025-04-09
L0166,2025-04-10
L0166,2025-04-11
L0166,2025-04-12
L0166,2025-04-13
L0166,2025-04-14
L0166,2025-04-15
L0166,2025-04-16
L0166,2025-04-17
L0166,2025-04-18
L0166,2025-04-19
L0166,2025-04-20
L0166,2025-04-21
L0166,2025-04-22
L0166,2025-04-23
L0166,2025-04-24
L0166,2025-04-25
L0166,2025-04-26
L0166,2025-04-27
L0166,2025-04-28
L0166,2025-04-29
L0166,2025-04-30
L0166,2025-05-01
L0166,2025-05-02
L0166,2025-05-03
L0166,2025-05-04
L0166,2025-05-05
L0166,2025-05-06
L0166,2025-05-07
L0166,2025-05-08
L0166,2025-05-09
L0166,2025-05-10
L0166,2025-05-11
L0166,2025-05-12
L0166,2025-05-13
L0166,2025-05-14
L0166,2025-05-15
L0166,2025-05-16
L0166,2025-05-17
L0166,2025-05-18
L0166,2025-05-19
L0166,2025-05-20
L0166,2025-05-21
L0166,2025-05-22
L0166,2025-05-23
L0166,2025-05-24
L0166,2025-05-25
L0166,2025-05-26
L0166,2025-05-27
L0166,2025-05-28
L0166,2025-05-29
L0166,2025-05-30
L0166,2025-05-31
L0166,2025-06-01
L0166,2025-06-02
L0166,2025-06-03
L0166,2025-06-04
L0166,2025-06-05
L0166,2025-06-06
L0166,2025-06-07
L0166,2025-06-08
L0166,2025-06-09
L0166,2025-06-10
L0166,2025-06-11
L0166,2025-06-12
L0166,2025-06-13
L0166,2025-06-14
L0166,2025-06-15
L0166,2025-06-16
L0166,2025-06-17
L0166,2025-06-18
L0166,2025-06-19
L0166,2025-06-20
L0166,2025-06-21
L0166,2025-06-22
L0166,2025-06-23
L0166,2025-06-24
L0166,2025-06-25
L0166,2025-06-26
L0166,2025-06-27
L0166,2025-06-28
L0166,2025-06-29
L0167,2025-01-01
L0167,2025-01-02
L0167,2025-01-03
L0167,2025-01-04
L0167,2025-01-05
L0167,2025-01-06
L0167,2025-01-07
L0167,2025-01-08
L0167,2025-01-09
L0167,2025-01-10
L0167,2025-01-11
L0167,2025-01-12
L0167,2025-01-13
L0167,2025-01-14
L0167,2025-01-15
L0167,2025-01-16
L0167,2025-01-17
L0167,2025-01-18
L0167,2025-01-19
L0167,2025-01-20
L0167,2025-01-21
L0167,2025-01-22
L0167,2025-01-23
L0167,2025-01-24
L0167,2025-01-25
L0167,2025-01-26
L0167,2025-01-27
L0167,2025-01-28
L0167,2025-01-29
L0167,2025-01-30
L0167,2025-01-31
L0167,2025-02-01
L0167,2025-02-02
L0167,2025-02-03
L0167,2025-02-04
L0167,2025-02-05
L0167,2025-02-06
L0167,2025-02-07
L0167,2025-02-08
L0167,2025-02-09
L0167,2025-02-10
L0167,2025-02-11
L0167,2025-02-12
L0167,2025-02-13
L0167,2025-02-14
L0167,2025-02-15
L0167,2025-02-16
L0167,2025-02-17
L0167,2025-02-18
L0167,2025-02-19
L0167,2025-02-20
L0167,2025-02-21
L0167,2025-02-22
L0167,2025-02-23
L0167,2025-02-24
L0167,2025-02-25
L0167,2025-02-26
L0167,2025-02-27
L0167,2025-02-28
L0167,2025-03-01
L0167,2025-03-02
L0167,2025-03-03
L0167,2025-03-04
L0167,2025-03-05
L0167,2025-03-06
L0167,2025-03-07
L0167,2025-03-08
L0167,2025-03-09
L0167,2025-03-10
L0167,2025-03-11
L0167,2025-03-12
L0167,2025-03-13
L0167,2025-03-14
L0167,2025-03-15
L0167,2025-03-16
L0167,2025-03-17
L0167,2025-03-18
L0167,2025-03-19
L0167,2025-03-20
L0167,2025-03-21
L0167,2025-03-22
L0167,2025-03-23
L0167,2025-03-24
L0167,2025-03-25
L0167,2025-03-26
L0167,2025-03-27
L0167,2025-03-28
L0167,2025-03-29
L0167,2025-03-30
L0167,2025-03-31
L0167,2025-04-01
L0167,2025-04-02
L0167,2025-04-03
L0167,2025-04-04
L0167,2025-04-05
L0167,2025-04-06
L0167,2025-04-07
L0167,2025-04-08
L0167,2025-04-09
L0167,2025-04-10
L0167,2025-04-11
L0167,2025-04-12
L0167,2025-04-13
L0167,2025-04-14
L0167,2025-04-15
L0167,2025-04-16
L0167,2025-04-17
L0167,2025-04-18
L0167,2025-04-19
L0167,2025-04-20
L0167,2025-04-21
L0167,2025-04-22
L0167,2025-04-23
L0167,2025-04-24
L0167,2025-04-25
L0167,2025-04-26
L0167,2025-04-27
L0167,2025-04-28
L0167,2025-04-29
L0167,2025-04-30
L0167,2025-05-01
L0167,2025-05-02
L0167,2025-05-03
L0167,2025-05-04
L0167,2025-05-05
L0167,2025-05-06
L0167,2025-05-07
L0167,2025-05-08
L0167,2025-05-09
L0167,2025-05-10
L0167,2025-05-11
L0167,2025-05-12
L0167,2025-05-13
L0167,2025-05-14
L0167,2025-05-15
L0167,2025-05-16
L0167,2025-05-17
L0167,2025-05-18
L0167,2025-05-19
L0167,2025-05-20
L0167,2025-05-21
L0167,2025-05-22
L0167,2025-05-23
L0167,2025-05-24
L0167,2025-05-25
L0167,2025-05-26
L0167,2025-05-27
L0167,2025-05-28
L0167,2025-05-29
L0167,2025-05-30
L0167,2025-05-31
L0167,2025-06-01
L0167,2025-06-02
L0167,2025-06-03
L0167,2025-06-04
L0167,2025-06-05
L0167,2025-06-06
L0167,2025-06-07
L0167,2025-06-08
L0167,2025-06-09
L0167,2025-06-10
L0167,2025-06-11
L0167,2025-06-12
L0167,2025-06-13
L0167,2025-06-14
L0167,2025-06-15
L0167,2025-06-16
L0167,2025-06-17
L0167,2025-06-18
L0167,2025-06-19
L0167,2025-06-20
L0167,2025-06-21
L0167,2025-06-22
L0167,2025-06-23
L0167,2025-06-24
L0167,2025-06-25
L0167,2025-06-26
L0167,2025-06-27
L0167,2025-06-28
L0167,2025-06-29
L0168,2025-01-01
L0168,2025-01-02
L0168,2025-01-03
L0168,2025-01-04
L0168,2025-01-05
L0168,2025-01-06
L0168,2025-01-07
L0168,2025-01-08
L0168,2025-01-09
L0168,2025-01-10
L0168,2025-01-11
L0168,2025-01-12
L0168,2025-01-13
L0168,2025-01-14
L0168,2025-01-15
L0168,2025-01-16
L0168,2025-01-17
L0168,2025-01-18
L0168,2025-01-19
L0168,2025-01-20
L0168,2025-01-21
L0168,2025-01-22
L0168,2025-01-23
L0168,2025-01-24
L0168,2025-01-25
L0168,2025-01-26
L0168,2025-01-27
L0168,2025-01-28
L0168,2025-01-29
L0168,2025-01-30
L0168,2025-01-31
L0168,2025-02-01
L0168,2025-02-02
L0168,2025-02-03
L0168,2025-02-04
L0168,2025-02-05
L0168,2025-02-06
L0168,2025-02-07
L0168,2025-02-08
L0168,2025-02-09
L0168,2025-02-10
L0168,2025-02-11
L0168,2025-02-12
L0168,2025-02-13
L0168,2025-02-14
L0168,2025-02-15
L0168,2025-02-16
L0168,2025-02-17
L0168,2025-02-18
L0168,2025-02-19
L0168,2025-02-20
L0168,2025-02-21
L0168,2025-02-22
L0168,2025-02-23
L0168,2025-02-24
L0168,2025-02-25
L0168,2025-02-26
L0168,2025-02-27
L0168,2025-02-28
L0168,2025-03-01
L0168,2025-03-02
L0168,2025-03-03
L0168,2025-03-04
L0168,2025-03-05
L0168,2025-03-06
L0168,2025-03-07
L0168,2025-03-08
L0168,2025-03-09
L0168,2025-03-10
L0168,2025-03-11
L0168,2025-03-12
L0168,2025-03-13
L0168,2025-03-14
L0168,2025-03-15
L0168,2025-03-16
L0168,2025-03-17
L0168,2025-03-18
L0168,2025-03-19
L0168,2025-03-20
L0168,2025-03-21
L0168,2025-03-22
L0168,2025-03-23
L0168,2025-03-24
L0168,2025-03-25
L0168,2025-03-26
L0168,2025-03-27
L0168,2025-03-28
L0168,2025-03-29
L0168,2025-03-30
L0168,2025-03-31
L0168,2025-04-01
L0168,2025-04-02
L0168,2025-04-03
L0168,2025-04-04
L0168,2025-04-05
L0168,2025-04-06
L0168,2025-04-07
L0168,2025-04-08
L0168,2025-04-09
L0168,2025-04-10
L0168,2025-04-11
L0168,2025-04-12
L0168,2025-04-13
L0168,2025-04-14
L0168,2025-04-15
L0168,2025-04-16
L0168,2025-04-17
L0168,2025-04-18
L0168,2025-04-19
L0168,2025-04-20
L0168,2025-04-21
L0168,2025-04-22
L0168,2025-04-23
L0168,2025-04-24
L0168,2025-04-25
L0168,2025-04-26
L0168,2025-04-27
L0168,2025-04-28
L0168,2025-04-29
L0168,2025-04-30
L0168,2025-05-01
L0168,2025-05-02
L0168,2025-05-03
L0168,2025-05-04
L0168,2025-05-05
L0168,2025-05-06
L0168,2025-05-07
L0168,2025-05-08
L0168,2025-05-09
L0168,2025-05-10
L0168,2025-05-11
L0168,2025-05-12
L0168,2025-05-13
L0168,2025-05-14
L0168,2025-05-15
L0168,2025-05-16
L0168,2025-05-17
L0168,2025-05-18
L0168,2025-05-19
L0168,2025-05-20
L0168,2025-05-21
L0168,2025-05-22
L0168,2025-05-23
L0168,2025-05-24
L0168,2025-05-25
L0168,2025-05-26
L0168,2025-05-27
L0168,2025-05-28
L0168,2025-05-29
L0168,2025-05-30
L0168,2025-05-31
L0168,2025-06-01
L0168,2025-06-02
L0168,2025-06-03
L0168,2025-06-04
L0168,2025-06-05
L0168,2025-06-06
L0168,2025-06-07
L0168,2025-06-08
L0168,2025-06-09
L0168,2025-06-10
L0168,2025-06-11
L0168,2025-06-12
L0168,2025-06-13
L0168,2025-06-14
L0168,2025-06-15
L0168,2025-06-16
L0168,2025-06-17
L0168,2025-06-18
L0168,2025-06-19
L0168,2025-06-20
L0168,2025-06-21
L0168,2025-06-22
L0168,2025-06-23
L0168,2025-06-24
L0168,2025-06-25
L0168,2025-06-26
L0168,2025-06-27
L0168,2025-06-28
L0168,2025-06-29
L0169,2025-01-01
L0169,2025-01-02
L0169,2025-01-03
L0169,2025-01-04
L0169,2025-01-05
L0169,2025-01-06
L0169,2025-01-07
L0169,2025-01-08
L0169,2025-01-09
L0169,2025-01-10
L0169,2025-01-11
L0169,2025-01-12
L0169,2025-01-13
L0169,2025-01-14
L0169,2025-01-15
L0169,2025-01-16
L0169,2025-01-17
L0169,2025-01-18
L0169,2025-01-19
L0169,2025-01-20
L0169,2025-01-21
L0169,2025-01-22
L0169,2025-01-23
L0169,2025-01-24
L0169,2025-01-25
L0169,2025-01-26
L0169,2025-01-27
L0169,2025-01-28
L0169,2025-01-29
L0169,2025-01-30
L0169,2025-01-31
L0169,2025-02-01
L0169,2025-02-02
L0169,2025-02-03
L0169,2025-02-04
L0169,2025-02-05
L0169,2025-02-06
L0169,2025-02-07
L0169,2025-02-08
L0169,2025-02-09
L0169,2025-02-10
L0169,2025-02-11
L0169,2025-02-12
L0169,2025-02-13
L0169,2025-02-14
L0169,2025-02-15
L0169,2025-02-16
L0169,2025-02-17
L0169,2025-02-18
L0169,2025-02-19
L0169,2025-02-20
L0169,2025-02-21
L0169,2025-02-22
L0169,2025-02-23
L0169,2025-02-24
L0169,2025-02-25
L0169,2025-02-26
L0169,2025-02-27
L0169,2025-02-28
L0169,2025-03-01
L0169,2025-03-02
L0169,2025-03-03
L0169,2025-03-04
L0169,2025-03-05
L0169,2025-03-06
L0169,2025-03-07
L0169,2025-03-08
L0169,2025-03-09
L0169,2025-03-10
L0169,2025-03-11
L0169,2025-03-12
L0169,2025-03-13
L0169,2025-03-14
L0169,2025-03-15
L0169,2025-03-16
L0169,2025-03-17
L0169,2025-03-18
L0169,2025-03-19
L0169,2025-03-20
L0169,2025-03-21
L0169,2025-03-22
L0169,2025-03-23
L0169,2025-03-24
L0169,2025-03-25
L0169,2025-03-26
L0169,2025-03-27
L0169,2025-03-28
L0169,2025-03-29
L0169,2025-03-30
L0169,2025-03-31
L0169,2025-04-01
L0169,2025-04-02
L0169,2025-04-03
L0169,2025-04-04
L0169,2025-04-05
L0169,2025-04-06
L0169,2025-04-07
L0169,2025-04-08
L0169,2025-04-09
L0169,2025-04-10
L0169,2025-04-11
L0169,2025-04-12
L0169,2025-04-13
L0169,2025-04-14
L0169,2025-04-15
L0169,2025-04-16
L0169,2025-04-17
L0169,2025-04-18
L0169,2025-04-19
L0169,2025-04-20
L0169,2025-04-21
L0169,2025-04-22
L0169,2025-04-23
L0169,2025-04-24
L0169,2025-04-25
L0169,2025-04-26
L0169,2025-04-27
L0169,2025-04-28
L0169,2025-04-29
L0169,2025-04-30
L0169,2025-05-01
L0169,2025-05-02
L0169,2025-05-03
L0169,2025-05-04
L0169,2025-05-05
L0169,2025-05-06
L0169,2025-05-07
L0169,2025-05-08
L0169,2025-05-09
L0169,2025-05-10
L0169,2025-05-11
L0169,2025-05-12
L0169,2025-05-13
L0169,2025-05-14
L0169,2025-05-15
L0169,2025-05-16
L0169,2025-05-17
L0169,2025-05-18
L0169,2025-05-19
L0169,2025-05-20
L0169,2025-05-21
L0169,2025-05-22
L0169,2025-05-23
L0169,2025-05-24
L0169,2025-05-25
L0169,2025-05-26
L0169,2025-05-27
L0169,2025-05-28
L0169,2025-05-29
L0169,2025-05-30
L0169,2025-05-31
L0169,2025-06-01
L0169,2025-06-02
L0169,2025-06-03
L0169,2025-06-04
L0169,2025-06-05
L0169,2025-06-06
L0169,2025-06-07
L0169,2025-06-08
L0169,2025-06-09
L0169,2025-06-10
L0169,2025-06-11
L0169,2025-06-12
L0169,2025-06-13
L0169,2025-06-14
L0169,2025-06-15
L0169,2025-06-16
L0169,2025-06-17
L0169,2025-06-18
L0169,2025-06-19
L0169,2025-06-20
L0169,2025-06-21
L0169,2025-06-22
L0169,2025-06-23
L0169,2025-06-24
L0169,2025-06-25
L0169,2025-06-26
L0169,2025-06-27
L0169,2025-06-28
L0169,2025-06-29
L0170,2025-01-01
L0170,2025-01-02
L0170,2025-01-03
L0170,2025-01-04
L0170,2025-01-05
L0170,2025-01-06
L0170,2025-01-07
L0170,2025-01-08
L0170,2025-01-09
L0170,2025-01-10
L0170,2025-01-11
L0170,2025-01-12
L0170,2025-01-13
L0170,2025-01-14
L0170,2025-01-15
L0170,2025-01-16
L0170,2025-01-17
L0170,2025-01-18
L0170,2025-01-19
L0170,2025-01-20
L0170,2025-01-21
L0170,2025-01-22
L0170,2025-01-23
L0170,2025-01-24
L0170,2025-01-25
L0170,2025-01-26
L0170,2025-01-27
L0170,2025-01-28
L0170,2025-01-29
L0170,2025-01-30
L0170,2025-01-31
L0170,2025-02-01
L0170,2025-02-02
L0170,2025-02-03
L0170,2025-02-04
L0170,2025-02-05
L0170,2025-02-06
L0170,2025-02-07
L0170,2025-02-08
L0170,2025-02-09
L0170,2025-02-10
L0170,2025-02-11
L0170,2025-02-12
L0170,2025-02-13
L0170,2025-02-14
L0170,2025-02-15
L0170,2025-02-16
L0170,2025-02-17
L0170,2025-02-18
L0170,2025-02-19
L0170,2025-02-20
L0170,2025-02-21
L0170,2025-02-22
L0170,2025-02-23
L0170,2025-02-24
L0170,2025-02-25
L0170,2025-02-26
L0170,2025-02-27
L0170,2025-02-28
L0170,2025-03-01
L0170,2025-03-02
L0170,2025-03-03
L0170,2025-03-04
L0170,2025-03-05
L0170,2025-03-06
L0170,2025-03-07
L0170,2025-03-08
L0170,2025-03-09
L0170,2025-03-10
L0170,2025-03-11
L0170,2025-03-12
L0170,2025-03-13
L0170,2025-03-14
L0170,2025-03-15
L0170,2025-03-16
L0170,2025-03-17
L0170,2025-03-18
L0170,2025-03-19
L0170,2025-03-20
L0170,2025-03-21
L0170,2025-03-22
L0170,2025-03-23
L0170,2025-03-24
L0170,2025-03-25
L0170,2025-03-26
L0170,2025-03-27
L0170,2025-03-28
L0170,2025-03-29
L0170,2025-03-30
L0170,2025-03-31
L0170,2025-04-01
L0170,2025-04-02
L0170,2025-04-03
L0170,2025-04-04
L0170,2025-04-05
L0170,2025-04-06
L0170,2025-04-07
L0170,2025-04-08
L0170,2025-04-09
L0170,2025-04-10
L0170,2025-04-11
L0170,2025-04-12
L0170,2025-04-13
L0170,2025-04-14
L0170,2025-04-15
L0170,2025-04-16
L0170,2025-04-17
L0170,2025-04-18
L0170,2025-04-19
L0170,2025-04-20
L0170,2025-04-21
L0170,2025-04-22
L0170,2025-04-23
L0170,2025-04-24
L0170,2025-04-25
L0170,2025-04-26
L0170,2025-04-27
L0170,2025-04-28
L0170,2025-04-29
L0170,2025-04-30
L0170,2025-05-01
L0170,2025-05-02
L0170,2025-05-03
L0170,2025-05-04
L0170,2025-05-05
L0170,2025-05-06
L0170,2025-05-07
L0170,2025-05-08
L0170,2025-05-09
L0170,2025-05-10
L0170,2025-05-11
L0170,2025-05-12
L0170,2025-05-13
L0170,2025-05-14
L0170,2025-05-15
L0170,2025-05-16
L0170,2025-05-17
L0170,2025-05-18
L0170,2025-05-19
L0170,2025-05-20
L0170,2025-05-21
L0170,2025-05-22
L0170,2025-05-23
L0170,2025-05-24
L0170,2025-05-25
L0170,2025-05-26
L0170,2025-05-27
L0170,2025-05-28
L0170,2025-05-29
L0170,2025-05-30
L0170,2025-05-31
L0170,2025-06-01
L0170,2025-06-02
L0170,2025-06-03
L0170,2025-06-04
L0170,2025-06-05
L0170,2025-06-06
L0170,2025-06-07
L0170,2025-06-08
L0170,2025-06-09
L0170,2025-06-10
L0170,2025-06-11
L0170,2025-06-12
L0170,2025-06-13
L0170,2025-06-14
L0170,2025-06-15
L0170,2025-06-16
L0170,2025-06-17
L0170,2025-06-18
L0170,2025-06-19
L0170,2025-06-20
L0170,2025-06-21
L0170,2025-06-22
L0170,2025-06-23
L0170,2025-06-24
L0170,2025-06-25
L0170,2025-06-26
L0170,2025-06-27
L0170,2025-06-28
L0170,2025-06-29
L0171,2025-01-01
L0171,2025-01-02
L0171,2025-01-03
L0171,2025-01-04
L0171,2025-01-05
L0171,2025-01-06
L0171,2025-01-07
L0171,2025-01-08
L0171,2025-01-09
L0171,2025-01-10
L0171,2025-01-11
L0171,2025-01-12
L0171,2025-01-13
L0171,2025-01-14
L0171,2025-01-15
L0171,2025-01-16
L0171,2025-01-17
L0171,2025-01-18
L0171,2025-01-19
L0171,2025-01-20
L0171,2025-01-21
L0171,2025-01-22
L0171,2025-01-23
L0171,2025-01-24
L0171,2025-01-25
L0171,2025-01-26
L0171,2025-01-27
L0171,2025-01-28
L0171,2025-01-29
L0171,2025-01-30
L0171,2025-01-31
L0171,2025-02-01
L0171,2025-02-02
L0171,2025-02-03
L0171,2025-02-04
L0171,2025-02-05
L0171,2025-02-06
L0171,2025-02-07
L0171,2025-02-08
L0171,2025-02-09
L0171,2025-02-10
L0171,2025-02-11
L0171,2025-02-12
L0171,2025-02-13
L0171,2025-02-14
L0171,2025-02-15
L0171,2025-02-16
L0171,2025-02-17
L0171,2025-02-18
L0171,2025-02-19
L0171,2025-02-20
L0171,2025-02-21
L0171,2025-02-22
L0171,2025-02-23
L0171,2025-02-24
L0171,2025-02-25
L0171,2025-02-26
L0171,2025-02-27
L0171,2025-02-28
L0171,2025-03-01
L0171,2025-03-02
L0171,2025-03-03
L0171,2025-03-04
L0171,2025-03-05
L0171,2025-03-06
L0171,2025-03-07
L0171,2025-03-08
L0171,2025-03-09
L0171,2025-03-10
L0171,2025-03-11
L0171,2025-03-12
L0171,2025-03-13
L0171,2025-03-14
L0171,2025-03-15
L0171,2025-03-16
L0171,2025-03-17
L0171,2025-03-18
L0171,2025-03-19
L0171,2025-03-20
L0171,2025-03-21
L0171,2025-03-22
L0171,2025-03-23
L0171,2025-03-24
L0171,2025-03-25
L0171,2025-03-26
L0171,2025-03-27
L0171,2025-03-28
L0171,2025-03-29
L0171,2025-03-30
L0171,2025-03-31
L0171,2025-04-01
L0171,2025-04-02
L0171,2025-04-03
L0171,2025-04-04
L0171,2025-04-05
L0171,2025-04-06
L0171,2025-04-07
L0171,2025-04-08
L0171,2025-04-09
L0171,2025-04-10
L0171,2025-04-11
L0171,2025-04-12
L0171,2025-04-13
L0171,2025-04-14
L0171,2025-04-15
L0171,2025-04-16
L0171,2025-04-17
L0171,2025-04-18
L0171,2025-04-19
L0171,2025-04-20
L0171,2025-04-21
L0171,2025-04-22
L0171,2025-04-23
L0171,2025-04-24
L0171,2025-04-25
L0171,2025-04-26
L0171,2025-04-27
L0171,2025-04-28
L0171,2025-04-29
L0171,2025-04-30
L0171,2025-05-01
L0171,2025-05-02
L0171,2025-05-03
L0171,2025-05-04
L0171,2025-05-05
L0171,2025-05-06
L0171,2025-05-07
L0171,2025-05-08
L0171,2025-05-09
L0171,2025-05-10
L0171,2025-05-11
L0171,2025-05-12
L0171,2025-05-13
L0171,2025-05-14
L0171,2025-05-15
L0171,2025-05-16
L0171,2025-05-17
L0171,2025-05-18
L0171,2025-05-19
L0171,2025-05-20
L0171,2025-05-21
L0171,2025-05-22
L0171,2025-05-23
L0171,2025-05-24
L0171,2025-05-25
L0171,2025-05-26
L0171,2025-05-27
L0171,2025-05-28
L0171,2025-05-29
L0171,2025-05-30
L0171,2025-05-31
L0171,2025-06-01
L0171,2025-06-02
L0171,2025-06-03
L0171,2025-06-04
L0171,2025-06-05
L0171,2025-06-06
L0171,2025-06-07
L0171,2025-06-08
L0171,2025-06-09
L0171,2025-06-10
L0171,2025-06-11
L0171,2025-06-12
L0171,2025-06-13
L0171,2025-06-14
L0171,2025-06-15
L0171,2025-06-16
L0171,2025-06-17
L0171,2025-06-18
L0171,2025-06-19
L0171,2025-06-20
L0171,2025-06-21
L0171,2025-06-22
L0171,2025-06-23
L0171,2025-06-24
L0171,2025-06-25
L0171,2025-06-26
L0171,2025-06-27
L0171,2025-06-28
L0171,2025-06-29
L0172,2025-01-01
L0172,2025-01-02
L0172,2025-01-03
L0172,2025-01-04
L0172,2025-01-05
L0172,2025-01-06
L0172,2025-01-07
L0172,2025-01-08
L0172,2025-01-09
L0172,2025-01-10
L0172,2025-01-11
L0172,2025-01-12
L0172,2025-01-13
L0172,2025-01-14
L0172,2025-01-15
L0172,2025-01-16
L0172,2025-01-17
L0172,2025-01-18
L0172,2025-01-19
L0172,2025-01-20
L0172,2025-01-21
L0172,2025-01-22
L0172,2025-01-23
L0172,2025-01-24
L0172,2025-01-25
L0172,2025-01-26
L0172,2025-01-27
L0172,2025-01-28
L0172,2025-01-29
L0172,2025-01-30
L0172,2025-01-31
L0172,2025-02-01
L0172,2025-02-02
L0172,2025-02-03
L0172,2025-02-04
L0172,2025-02-05
L0172,2025-02-06
L0172,2025-02-07
L0172,2025-02-08
L0172,2025-02-09
L0172,2025-02-10
L0172,2025-02-11
L0172,2025-02-12
L0172,2025-02-13
L0172,2025-02-14
L0172,2025-02-15
L0172,2025-02-16
L0172,2025-02-17
L0172,2025-02-18
L0172,2025-02-19
L0172,2025-02-20
L0172,2025-02-21
L0172,2025-02-22
L0172,2025-02-23
L0172,2025-02-24
L0172,2025-02-25
L0172,2025-02-26
L0172,2025-02-27
L0172,2025-02-28
L0172,2025-03-01
L0172,2025-03-02
L0172,2025-03-03
L0172,2025-03-04
L0172,2025-03-05
L0172,2025-03-06
L0172,2025-03-07
L0172,2025-03-08
L0172,2025-03-09
L0172,2025-03-10
L0172,2025-03-11
L0172,2025-03-12
L0172,2025-03-13
L0172,2025-03-14
L0172,2025-03-15
L0172,2025-03-16
L0172,2025-03-17
L0172,2025-03-18
L0172,2025-03-19
L0172,2025-03-20
L0172,2025-03-21
L0172,2025-03-22
L0172,2025-03-23
L0172,2025-03-24
L0172,2025-03-25
L0172,2025-03-26
L0172,2025-03-27
L0172,2025-03-28
L0172,2025-03-29
L0172,2025-03-30
L0172,2025-03-31
L0172,2025-04-01
L0172,2025-04-02
L0172,2025-04-03
L0172,2025-04-04
L0172,2025-04-05
L0172,2025-04-06
L0172,2025-04-07
L0172,2025-04-08
L0172,2025-04-09
L0172,2025-04-10
L0172,2025-04-11
L0172,2025-04-12
L0172,2025-04-13
L0172,2025-04-14
L0172,2025-04-15
L0172,2025-04-16
L0172,2025-04-17
L0172,2025-04-18
L0172,2025-04-19
L0172,2025-04-20
L0172,2025-04-21
L0172,2025-04-22
L0172,2025-04-23
L0172,2025-04-24
L0172,2025-04-25
L0172,2025-04-26
L0172,2025-04-27
L0172,2025-04-28
L0172,2025-04-29
L0172,2025-04-30
L0172,2025-05-01
L0172,2025-05-02
L0172,2025-05-03
L0172,2025-05-04
L0172,2025-05-05
L0172,2025-05-06
L0172,2025-05-07
L0172,2025-05-08
L0172,2025-05-09
L0172,2025-05-10
L0172,2025-05-11
L0172,2025-05-12
L0172,2025-05-13
L0172,2025-05-14
L0172,2025-05-15
L0172,2025-05-16
L0172,2025-05-17
L0172,2025-05-18
L0172,2025-05-19
L0172,2025-05-20
L0172,2025-05-21
L0172,2025-05-22
L0172,2025-05-23
L0172,2025-05-24
L0172,2025-05-25
L0172,2025-05-26
L0172,2025-05-27
L0172,2025-05-28
L0172,2025-05-29
L0172,2025-05-30
L0172,2025-05-31
L0172,2025-06-01
L0172,2025-06-02
L0172,2025-06-03
L0172,2025-06-04
L0172,2025-06-05
L0172,2025-06-06
L0172,2025-06-07
L0172,2025-06-08
L0172,2025-06-09
L0172,2025-06-10
L0172,2025-06-11
L0172,2025-06-12
L0172,2025-06-13
L0172,2025-06-14
L0172,2025-06-15
L0172,2025-06-16
L0172,2025-06-17
L0172,2025-06-18
L0172,2025-06-19
L0172,2025-06-20
L0172,2025-06-21
L0172,2025-06-22
L0172,2025-06-23
L0172,2025-06-24
L0172,2025-06-25
L0172,2025-06-26
L0172,2025-06-27
L0172,2025-06-28
L0172,2025-06-29
L0173,2025-01-01
L0173,2025-01-02
L0173,2025-01-03
L0173,2025-01-04
L0173,2025-01-05
L0173,2025-01-06
L0173,2025-01-07
L0173,2025-01-08
L0173,2025-01-09
L0173,2025-01-10
L0173,2025-01-11
L0173,2025-01-12
L0173,2025-01-13
L0173,2025-01-14
L0173,2025-01-15
L0173,2025-01-16
L0173,2025-01-17
L0173,2025-01-18
L0173,2025-01-19
L0173,2025-01-20
L0173,2025-01-21
L0173,2025-01-22
L0173,2025-01-23
L0173,2025-01-24
L0173,2025-01-25
L0173,2025-01-26
L0173,2025-01-27
L0173,2025-01-28
L0173,2025-01-29
L0173,2025-01-30
L0173,2025-01-31
L0173,2025-02-01
L0173,2025-02-02
L0173,2025-02-03
L0173,2025-02-04
L0173,2025-02-05
L0173,2025-02-06
L0173,2025-02-07
L0173,2025-02-08
L0173,2025-02-09
L0173,2025-02-10
L0173,2025-02-11
L0173,2025-02-12
L0173,2025-02-13
L0173,2025-02-14
L0173,2025-02-15
L0173,2025-02-16
L0173,2025-02-17
L0173,2025-02-18
L0173,2025-02-19
L0173,2025-02-20
L0173,2025-02-21
L0173,2025-02-22
L0173,2025-02-23
L0173,2025-02-24
L0173,2025-02-25
L0173,2025-02-26
L0173,2025-02-27
L0173,2025-02-28
L0173,2025-03-01
L0173,2025-03-02
L0173,2025-03-03
L0173,2025-03-04
L0173,2025-03-05
L0173,2025-03-06
L0173,2025-03-07
L0173,2025-03-08
L0173,2025-03-09
L0173,2025-03-10
L0173,2025-03-11
L0173,2025-03-12
L0173,2025-03-13
L0173,2025-03-14
L0173,2025-03-15
L0173,2025-03-16
L0173,2025-03-17
L0173,2025-03-18
L0173,2025-03-19
L0173,2025-03-20
L0173,2025-03-21
L0173,2025-03-22
L0173,2025-03-23
L0173,2025-03-24
L0173,2025-03-25
L0173,2025-03-26
L0173,2025-03-27
L0173,2025-03-28
L0173,2025-03-29
L0173,2025-03-30
L0173,2025-03-31
L0173,2025-04-01
L0173,2025-04-02
L0173,2025-04-03
L0173,2025-04-04
L0173,2025-04-05
L0173,2025-04-06
L0173,2025-04-07
L0173,2025-04-08
L0173,2025-04-09
L0173,2025-04-10
L0173,2025-04-11
L0173,2025-04-12
L0173,2025-04-13
L0173,2025-04-14
L0173,2025-04-15
L0173,2025-04-16
L0173,2025-04-17
L0173,2025-04-18
L0173,2025-04-19
L0173,2025-04-20
L0173,2025-04-21
L0173,2025-04-22
L0173,2025-04-23
L0173,2025-04-24
L0173,2025-04-25
L0173,2025-04-26
L0173,2025-04-27
L0173,2025-04-28
L0173,2025-04-29
L0173,2025-04-30
L0173,2025-05-01
L0173,2025-05-02
L0173,2025-05-03
L0173,2025-05-04
L0173,2025-05-05
L0173,2025-05-06
L0173,2025-05-07
L0173,2025-05-08
L0173,2025-05-09
L0173,2025-05-10
L0173,2025-05-11
L0173,2025-05-12
L0173,2025-05-13
L0173,2025-05-14
L0173,2025-05-15
L0173,2025-05-16
L0173,2025-05-17
L0173,2025-05-18
L0173,2025-05-19
L0173,2025-05-20
L0173,2025-05-21
L0173,2025-05-22
L0173,2025-05-23
L0173,2025-05-24
L0173,2025-05-25
L0173,2025-05-26
L0173,2025-05-27
L0173,2025-05-28
L0173,2025-05-29
L0173,2025-05-30
L0173,2025-05-31
L0173,2025-06-01
L0173,2025-06-02
L0173,2025-06-03
L0173,2025-06-04
L0173,2025-06-05
L0173,2025-06-06
L0173,2025-06-07
L0173,2025-06-08
L0173,2025-06-09
L0173,2025-06-10
L0173,2025-06-11
L0173,2025-06-12
L0173,2025-06-13
L0173,2025-06-14
L0173,2025-06-15
L0173,2025-06-16
L0173,2025-06-17
L0173,2025-06-18
L0173,2025-06-19
L0173,2025-06-20
L0173,2025-06-21
L0173,2025-06-22
L0173,2025-06-23
L0173,2025-06-24
L0173,2025-06-25
L0173,2025-06-26
L0173,2025-06-27
L0173,2025-06-28
L0173,2025-06-29
L0174,2025-01-01
L0174,2025-01-02
L0174,2025-01-03
L0174,2025-01-04
L0174,2025-01-05
L0174,2025-01-06
L0174,2025-01-07
L0174,2025-01-08
L0174,2025-01-09
L0174,2025-01-10
L0174,2025-01-11
L0174,2025-01-12
L0174,2025-01-13
L0174,2025-01-14
L0174,2025-01-15
L0174,2025-01-16
L0174,2025-01-17
L0174,2025-01-18
L0174,2025-01-19
L0174,2025-01-20
L0174,2025-01-21
L0174,2025-01-22
L0174,2025-01-23
L0174,2025-01-24
L0174,2025-01-25
L0174,2025-01-26
L0174,2025-01-27
L0174,2025-01-28
L0174,2025-01-29
L0174,2025-01-30
L0174,2025-01-31
L0174,2025-02-01
L0174,2025-02-02
L0174,2025-02-03
L0174,2025-02-04
L0174,2025-02-05
L0174,2025-02-06
L0174,2025-02-07
L0174,2025-02-08
L0174,2025-02-09
L0174,2025-02-10
L0174,2025-02-11
L0174,2025-02-12
L0174,2025-02-13
L0174,2025-02-14
L0174,2025-02-15
L0174,2025-02-16
L0174,2025-02-17
L0174,2025-02-18
L0174,2025-02-19
L0174,2025-02-20
L0174,2025-02-21
L0174,2025-02-22
L0174,2025-02-23
L0174,2025-02-24
L0174,2025-02-25
L0174,2025-02-26
L0174,2025-02-27
L0174,2025-02-28
L0174,2025-03-01
L0174,2025-03-02
L0174,2025-03-03
L0174,2025-03-04
L0174,2025-03-05
L0174,2025-03-06
L0174,2025-03-07
L0174,2025-03-08
L0174,2025-03-09
L0174,2025-03-10
L0174,2025-03-11
L0174,2025-03-12
L0174,2025-03-13
L0174,2025-03-14
L0174,2025-03-15
L0174,2025-03-16
L0174,2025-03-17
L0174,2025-03-18
L0174,2025-03-19
L0174,2025-03-20
L0174,2025-03-21
L0174,2025-03-22
L0174,2025-03-23
L0174,2025-03-24
L0174,2025-03-25
L0174,2025-03-26
L0174,2025-03-27
L0174,2025-03-28
L0174,2025-03-29
L0174,2025-03-30
L0174,2025-03-31
L0174,2025-04-01
L0174,2025-04-02
L0174,2025-04-03
L0174,2025-04-04
L0174,2025-04-05
L0174,2025-04-06
L0174,2025-04-07
L0174,2025-04-08
L0174,2025-04-09
L0174,2025-04-10
L0174,2025-04-11
L0174,2025-04-12
L0174,2025-04-13
L0174,2025-04-14
L0174,2025-04-15
L0174,2025-04-16
L0174,2025-04-17
L0174,2025-04-18
L0174,2025-04-19
L0174,2025-04-20
L0174,2025-04-21
L0174,2025-04-22
L0174,2025-04-23
L0174,2025-04-24
L0174,2025-04-25
L0174,2025-04-26
L0174,2025-04-27
L0174,2025-04-28
L0174,2025-04-29
L0174,2025-04-30
L0174,2025-05-01
L0174,2025-05-02
L0174,2025-05-03
L0174,2025-05-04
L0174,2025-05-05
L0174,2025-05-06
L0174,2025-05-07
L0174,2025-05-08
L0174,2025-05-09
L0174,2025-05-10
L0174,2025-05-11
L0174,2025-05-12
L0174,2025-05-13
L0174,2025-05-14
L0174,2025-05-15
L0174,2025-05-16
L0174,2025-05-17
L0174,2025-05-18
L0174,2025-05-19
L0174,2025-05-20
L0174,2025-05-21
L0174,2025-05-22
L0174,2025-05-23
L0174,2025-05-24
L0174,2025-05-25
L0174,2025-05-26
L0174,2025-05-27
L0174,2025-05-28
L0174,2025-05-29
L0174,2025-05-30
L0174,2025-05-31
L0174,2025-06-01
L0174,2025-06-02
L0174,2025-06-03
L0174,2025-06-04
L0174,2025-06-05
L0174,2025-06-06
L0174,2025-06-07
L0174,2025-06-08
L0174,2025-06-09
L0174,2025-06-10
L0174,2025-06-11
L0174,2025-06-12
L0174,2025-06-13
L0174,2025-06-14
L0174,2025-06-15
L0174,2025-06-16
L0174,2025-06-17
L0174,2025-06-18
L0174,2025-06-19
L0174,2025-06-20
L0174,2025-06-21
L0174,2025-06-22
L0174,2025-06-23
L0174,2025-06-24
L0174,2025-06-25
L0174,2025-06-26
L0174,2025-06-27
L0174,2025-06-28
L0174,2025-06-29
L0175,2025-01-01
L0175,2025-01-02
L0175,2025-01-03
L0175,2025-01-04
L0175,2025-01-05
L0175,2025-01-06
L0175,2025-01-07
L0175,2025-01-08
L0175,2025-01-09
L0175,2025-01-10
L0175,2025-01-11
L0175,2025-01-12
L0175,2025-01-13
L0175,2025-01-14
L0175,2025-01-15
L0175,2025-01-16
L0175,2025-01-17
L0175,2025-01-18
L0175,2025-01-19
L0175,2025-01-20
L0175,2025-01-21
L0175,2025-01-22
L0175,2025-01-23
L0175,2025-01-24
L0175,2025-01-25
L0175,2025-01-26
L0175,2025-01-27
L0175,2025-01-28
L0175,2025-01-29
L0175,2025-01-30
L0175,2025-01-31
L0175,2025-02-01
L0175,2025-02-02
L0175,2025-02-03
L0175,2025-02-04
L0175,2025-02-05
L0175,2025-02-06
L0175,2025-02-07
L0175,2025-02-08
L0175,2025-02-09
L0175,2025-02-10
L0175,2025-02-11
L0175,2025-02-12
L0175,2025-02-13
L0175,2025-02-14
L0175,2025-02-15
L0175,2025-02-16
L0175,2025-02-17
L0175,2025-02-18
L0175,2025-02-19
L0175,2025-02-20
L0175,2025-02-21
L0175,2025-02-22
L0175,2025-02-23
L0175,2025-02-24
L0175,2025-02-25
L0175,2025-02-26
L0175,2025-02-27
L0175,2025-02-28
L0175,2025-03-01
L0175,2025-03-02
L0175,2025-03-03
L0175,2025-03-04
L0175,2025-03-05
L0175,2025-03-06
L0175,2025-03-07
L0175,2025-03-08
L0175,2025-03-09
L0175,2025-03-10
L0175,2025-03-11
L0175,2025-03-12
L0175,2025-03-13
L0175,2025-03-14
L0175,2025-03-15
L0175,2025-03-16
L0175,2025-03-17
L0175,2025-03-18
L0175,2025-03-19
L0175,2025-03-20
L0175,2025-03-21
L0175,2025-03-22
L0175,2025-03-23
L0175,2025-03-24
L0175,2025-03-25
L0175,2025-03-26
L0175,2025-03-27
L0175,2025-03-28
L0175,2025-03-29
L0175,2025-03-30
L0175,2025-03-31
L0175,2025-04-01
L0175,2025-04-02
L0175,2025-04-03
L0175,2025-04-04
L0175,2025-04-05
L0175,2025-04-06
L0175,2025-04-07
L0175,2025-04-08
L0175,2025-04-09
L0175,2025-04-10
L0175,2025-04-11
L0175,2025-04-12
L0175,2025-04-13
L0175,2025-04-14
L0175,2025-04-15
L0175,2025-04-16
L0175,2025-04-17
L0175,2025-04-18
L0175,2025-04-19
L0175,2025-04-20
L0175,2025-04-21
L0175,2025-04-22
L0175,2025-04-23
L0175,2025-04-24
L0175,2025-04-25
L0175,2025-04-26
L0175,2025-04-27
L0175,2025-04-28
L0175,2025-04-29
L0175,2025-04-30
L0175,2025-05-01
L0175,2025-05-02
L0175,2025-05-03
L0175,2025-05-04
L0175,2025-05-05
L0175,2025-05-06
L0175,2025-05-07
L0175,2025-05-08
L0175,2025-05-09
L0175,2025-05-10
L0175,2025-05-11
L0175,2025-05-12
L0175,2025-05-13
L0175,2025-05-14
L0175,2025-05-15
L0175,2025-05-16
L0175,2025-05-17
L0175,2025-05-18
L0175,2025-05-19
L0175,2025-05-20
L0175,2025-05-21
L0175,2025-05-22
L0175,2025-05-23
L0175,2025-05-24
L0175,2025-05-25
L0175,2025-05-26
L0175,2025-05-27
L0175,2025-05-28
L0175,2025-05-29
L0175,2025-05-30
L0175,2025-05-31
L0175,2025-06-01
L0175,2025-06-02
L0175,2025-06-03
L0175,2025-06-04
L0175,2025-06-05
L0175,2025-06-06
L0175,2025-06-07
L0175,2025-06-08
L0175,2025-06-09
L0175,2025-06-10
L0175,2025-06-11
L0175,2025-06-12
L0175,2025-06-13
L0175,2025-06-14
L0175,2025-06-15
L0175,2025-06-16
L0175,2025-06-17
L0175,2025-06-18
L0175,2025-06-19
L0175,2025-06-20
L0175,2025-06-21
L0175,2025-06-22
L0175,2025-06-23
L0175,2025-06-24
L0175,2025-06-25
L0175,2025-06-26
L0175,2025-06-27
L0175,2025-06-28
L0175,2025-06-29
L0176,2025-01-01
L0176,2025-01-02
L0176,2025-01-03
L0176,2025-01-04
L0176,2025-01-05
L0176,2025-01-06
L0176,2025-01-07
L0176,2025-01-08
L0176,2025-01-09
L0176,2025-01-10
L0176,2025-01-11
L0176,2025-01-12
L0176,2025-01-13
L0176,2025-01-14
L0176,2025-01-15
L0176,2025-01-16
L0176,2025-01-17
L0176,2025-01-18
L0176,2025-01-19
L0176,2025-01-20
L0176,2025-01-21
L0176,2025-01-22
L0176,2025-01-23
L0176,2025-01-24
L0176,2025-01-25
L0176,2025-01-26
L0176,2025-01-27
L0176,2025-01-28
L0176,2025-01-29
L0176,2025-01-30
L0176,2025-01-31
L0176,2025-02-01
L0176,2025-02-02
L0176,2025-02-03
L0176,2025-02-04
L0176,2025-02-05
L0176,2025-02-06
L0176,2025-02-07
L0176,2025-02-08
L0176,2025-02-09
L0176,2025-02-10
L0176,2025-02-11
L0176,2025-02-12
L0176,2025-02-13
L0176,2025-02-14
L0176,2025-02-15
L0176,2025-02-16
L0176,2025-02-17
L0176,2025-02-18
L0176,2025-02-19
L0176,2025-02-20
L0176,2025-02-21
L0176,2025-02-22
L0176,2025-02-23
L0176,2025-02-24
L0176,2025-02-25
L0176,2025-02-26
L0176,2025-02-27
L0176,2025-02-28
L0176,2025-03-01
L0176,2025-03-02
L0176,2025-03-03
L0176,2025-03-04
L0176,2025-03-05
L0176,2025-03-06
L0176,2025-03-07
L0176,2025-03-08
L0176,2025-03-09
L0176,2025-03-10
L0176,2025-03-11
L0176,2025-03-12
L0176,2025-03-13
L0176,2025-03-14
L0176,2025-03-15
L0176,2025-03-16
L0176,2025-03-17
L0176,2025-03-18
L0176,2025-03-19
L0176,2025-03-20
L0176,2025-03-21
L0176,2025-03-22
L0176,2025-03-23
L0176,2025-03-24
L0176,2025-03-25
L0176,2025-03-26
L0176,2025-03-27
L0176,2025-03-28
L0176,2025-03-29
L0176,2025-03-30
L0176,2025-03-31
L0176,2025-04-01
L0176,2025-04-02
L0176,2025-04-03
L0176,2025-04-04
L0176,2025-04-05
L0176,2025-04-06
L0176,2025-04-07
L0176,2025-04-08
L0176,2025-04-09
L0176,2025-04-10
L0176,2025-04-11
L0176,2025-04-12
L0176,2025-04-13
L0176,2025-04-14
L0176,2025-04-15
L0176,2025-04-16
L0176,2025-04-17
L0176,2025-04-18
L0176,2025-04-19
L0176,2025-04-20
L0176,2025-04-21
L0176,2025-04-22
L0176,2025-04-23
L0176,2025-04-24
L0176,2025-04-25
L0176,2025-04-26
L0176,2025-04-27
L0176,2025-04-28
L0176,2025-04-29
L0176,2025-04-30
L0176,2025-05-01
L0176,2025-05-02
L0176,2025-05-03
L0176,2025-05-04
L0176,2025-05-05
L0176,2025-05-06
L0176,2025-05-07
L0176,2025-05-08
L0176,2025-05-09
L0176,2025-05-10
L0176,2025-05-11
L0176,2025-05-12
L0176,2025-05-13
L0176,2025-05-14
L0176,2025-05-15
L0176,2025-05-16
L0176,2025-05-17
L0176,2025-05-18
L0176,2025-05-19
L0176,2025-05-20
L0176,2025-05-21
L0176,2025-05-22
L0176,2025-05-23
L0176,2025-05-24
L0176,2025-05-25
L0176,2025-05-26
L0176,2025-05-27
L0176,2025-05-28
L0176,2025-05-29
L0176,2025-05-30
L0176,2025-05-31
L0176,2025-06-01
L0176,2025-06-02
L0176,2025-06-03
L0176,2025-06-04
L0176,2025-06-05
L0176,2025-06-06
L0176,2025-06-07
L0176,2025-06-08
L0176,2025-06-09
L0176,2025-06-10
L0176,2025-06-11
L0176,2025-06-12
L0176,2025-06-13
L0176,2025-06-14
L0176,2025-06-15
L0176,2025-06-16
L0176,2025-06-17
L0176,2025-06-18
L0176,2025-06-19
L0176,2025-06-20
L0176,2025-06-21
L0176,2025-06-22
L0176,2025-06-23
L0176,2025-06-24
L0176,2025-06-25
L0176,2025-06-26
L0176,2025-06-27
L0176,2025-06-28
L0176,2025-06-29
L0177,2025-01-01
L0177,2025-01-02
L0177,2025-01-03
L0177,2025-01-04
L0177,2025-01-05
L0177,2025-01-06
L0177,2025-01-07
L0177,2025-01-08
L0177,2025-01-09
L0177,2025-01-10
L0177,2025-01-11
L0177,2025-01-12
L0177,2025-01-13
L0177,2025-01-14
L0177,2025-01-15
L0177,2025-01-16
L0177,2025-01-17
L0177,2025-01-18
L0177,2025-01-19
L0177,2025-01-20
L0177,2025-01-21
L0177,2025-01-22
L0177,2025-01-23
L0177,2025-01-24
L0177,2025-01-25
L0177,2025-01-26
L0177,2025-01-27
L0177,2025-01-28
L0177,2025-01-29
L0177,2025-01-30
L0177,2025-01-31
L0177,2025-02-01
L0177,2025-02-02
L0177,2025-02-03
L0177,2025-02-04
L0177,2025-02-05
L0177,2025-02-06
L0177,2025-02-07
L0177,2025-02-08
L0177,2025-02-09
L0177,2025-02-10
L0177,2025-02-11
L0177,2025-02-12
L0177,2025-02-13
L0177,2025-02-14
L0177,2025-02-15
L0177,2025-02-16
L0177,2025-02-17
L0177,2025-02-18
L0177,2025-02-19
L0177,2025-02-20
L0177,2025-02-21
L0177,2025-02-22
L0177,2025-02-23
L0177,2025-02-24
L0177,2025-02-25
L0177,2025-02-26
L0177,2025-02-27
L0177,2025-02-28
L0177,2025-03-01
L0177,2025-03-02
L0177,2025-03-03
L0177,2025-03-04
L0177,2025-03-05
L0177,2025-03-06
L0177,2025-03-07
L0177,2025-03-08
L0177,2025-03-09
L0177,2025-03-10
L0177,2025-03-11
L0177,2025-03-12
L0177,2025-03-13
L0177,2025-03-14
L0177,2025-03-15
L0177,2025-03-16
L0177,2025-03-17
L0177,2025-03-18
L0177,2025-03-19
L0177,2025-03-20
L0177,2025-03-21
L0177,2025-03-22
L0177,2025-03-23
L0177,2025-03-24
L0177,2025-03-25
L0177,2025-03-26
L0177,2025-03-27
L0177,2025-03-28
L0177,2025-03-29
L0177,2025-03-30
L0177,2025-03-31
L0177,2025-04-01
L0177,2025-04-02
L0177,2025-04-03
L0177,2025-04-04
L0177,2025-04-05
L0177,2025-04-06
L0177,2025-04-07
L0177,2025-04-08
L0177,2025-04-09
L0177,2025-04-10
L0177,2025-04-11
L0177,2025-04-12
L0177,2025-04-13
L0177,2025-04-14
L0177,2025-04-15
L0177,2025-04-16
L0177,2025-04-17
L0177,2025-04-18
L0177,2025-04-19
L0177,2025-04-20
L0177,2025-04-21
L0177,2025-04-22
L0177,2025-04-23
L0177,2025-04-24
L0177,2025-04-25
L0177,2025-04-26
L0177,2025-04-27
L0177,2025-04-28
L0177,2025-04-29
L0177,2025-04-30
L0177,2025-05-01
L0177,2025-05-02
L0177,2025-05-03
L0177,2025-05-04
L0177,2025-05-05
L0177,2025-05-06
L0177,2025-05-07
L0177,2025-05-08
L0177,2025-05-09
L0177,2025-05-10
L0177,2025-05-11
L0177,2025-05-12
L0177,2025-05-13
L0177,2025-05-14
L0177,2025-05-15
L0177,2025-05-16
L0177,2025-05-17
L0177,2025-05-18
L0177,2025-05-19
L0177,2025-05-20
L0177,2025-05-21
L0177,2025-05-22
L0177,2025-05-23
L0177,2025-05-24
L0177,2025-05-25
L0177,2025-05-26
L0177,2025-05-27
L0177,2025-05-28
L0177,2025-05-29
L0177,2025-05-30
L0177,2025-05-31
L0177,2025-06-01
L0177,2025-06-02
L0177,2025-06-03
L0177,2025-06-04
L0177,2025-06-05
L0177,2025-06-06
L0177,2025-06-07
L0177,2025-06-08
L0177,2025-06-09
L0177,2025-06-10
L0177,2025-06-11
L0177,2025-06-12
L0177,2025-06-13
L0177,2025-06-14
L0177,2025-06-15
L0177,2025-06-16
L0177,2025-06-17
L0177,2025-06-18
L0177,2025-06-19
L0177,2025-06-20
L0177,2025-06-21
L0177,2025-06-22
L0177,2025-06-23
L0177,2025-06-24
L0177,2025-06-25
L0177,2025-06-26
L0177,2025-06-27
L0177,2025-06-28
L0177,2025-06-29
L0178,2025-01-01
L0178,2025-01-02
L0178,2025-01-03
L0178,2025-01-04
L0178,2025-01-05
L0178,2025-01-06
L0178,2025-01-07
L0178,2025-01-08
L0178,2025-01-09
L0178,2025-01-10
L0178,2025-01-11
L0178,2025-01-12
L0178,2025-01-13
L0178,2025-01-14
L0178,2025-01-15
L0178,2025-01-16
L0178,2025-01-17
L0178,2025-01-18
L0178,2025-01-19
L0178,2025-01-20
L0178,2025-01-21
L0178,2025-01-22
L0178,2025-01-23
L0178,2025-01-24
L0178,2025-01-25
L0178,2025-01-26
L0178,2025-01-27
L0178,2025-01-28
L0178,2025-01-29
L0178,2025-01-30
L0178,2025-01-31
L0178,2025-02-01
L0178,2025-02-02
L0178,2025-02-03
L0178,2025-02-04
L0178,2025-02-05
L0178,2025-02-06
L0178,2025-02-07
L0178,2025-02-08
L0178,2025-02-09
L0178,2025-02-10
L0178,2025-02-11
L0178,2025-02-12
L0178,2025-02-13
L0178,2025-02-14
L0178,2025-02-15
L0178,2025-02-16
L0178,2025-02-17
L0178,2025-02-18
L0178,2025-02-19
L0178,2025-02-20
L0178,2025-02-21
L0178,2025-02-22
L0178,2025-02-23
L0178,2025-02-24
L0178,2025-02-25
L0178,2025-02-26
L0178,2025-02-27
L0178,2025-02-28
L0178,2025-03-01
L0178,2025-03-02
L0178,2025-03-03
L0178,2025-03-04
L0178,2025-03-05
L0178,2025-03-06
L0178,2025-03-07
L0178,2025-03-08
L0178,2025-03-09
L0178,2025-03-10
L0178,2025-03-11
L0178,2025-03-12
L0178,2025-03-13
L0178,2025-03-14
L0178,2025-03-15
L0178,2025-03-16
L0178,2025-03-17
L0178,2025-03-18
L0178,2025-03-19
L0178,2025-03-20
L0178,2025-03-21
L0178,2025-03-22
L0178,2025-03-23
L0178,2025-03-24
L0178,2025-03-25
L0178,2025-03-26
L0178,2025-03-27
L0178,2025-03-28
L0178,2025-03-29
L0178,2025-03-30
L0178,2025-03-31
L0178,2025-04-01
L0178,2025-04-02
L0178,2025-04-03
L0178,2025-04-04
L0178,2025-04-05
L0178,2025-04-06
L0178,2025-04-07
L0178,2025-04-08
L0178,2025-04-09
L0178,2025-04-10
L0178,2025-04-11
L0178,2025-04-12
L0178,2025-04-13
L0178,2025-04-14
L0178,2025-04-15
L0178,2025-04-16
L0178,2025-04-17
L0178,2025-04-18
L0178,2025-04-19
L0178,2025-04-20
L0178,2025-04-21
L0178,2025-04-22
L0178,2025-04-23
L0178,2025-04-24
L0178,2025-04-25
L0178,2025-04-26
L0178,2025-04-27
L0178,2025-04-28
L0178,2025-04-29
L0178,2025-04-30
L0178,2025-05-01
L0178,2025-05-02
L0178,2025-05-03
L0178,2025-05-04
L0178,2025-05-05
L0178,2025-05-06
L0178,2025-05-07
L0178,2025-05-08
L0178,2025-05-09
L0178,2025-05-10
L0178,2025-05-11
L0178,2025-05-12
L0178,2025-05-13
L0178,2025-05-14
L0178,2025-05-15
L0178,2025-05-16
L0178,2025-05-17
L0178,2025-05-18
L0178,2025-05-19
L0178,2025-05-20
L0178,2025-05-21
L0178,2025-05-22
L0178,2025-05-23
L0178,2025-05-24
L0178,2025-05-25
L0178,2025-05-26
L0178,2025-05-27
L0178,2025-05-28
L0178,2025-05-29
L0178,2025-05-30
L0178,2025-05-31
L0178,2025-06-01
L0178,2025-06-02
L0178,2025-06-03
L0178,2025-06-04
L0178,2025-06-05
L0178,2025-06-06
L0178,2025-06-07
L0178,2025-06-08
L0178,2025-06-09
L0178,2025-06-10
L0178,2025-06-11
L0178,2025-06-12
L0178,2025-06-13
L0178,2025-06-14
L0178,2025-06-15
L0178,2025-06-16
L0178,2025-06-17
L0178,2025-06-18
L0178,2025-06-19
L0178,2025-06-20
L0178,2025-06-21
L0178,2025-06-22
L0178,2025-06-23
L0178,2025-06-24
L0178,2025-06-25
L0178,2025-06-26
L0178,2025-06-27
L0178,2025-06-28
L0178,2025-06-29
L0179,2025-01-01
L0179,2025-01-02
L0179,2025-01-03
L0179,2025-01-04
L0179,2025-01-05
L0179,2025-01-06
L0179,2025-01-07
L0179,2025-01-08
L0179,2025-01-09
L0179,2025-01-10
L0179,2025-01-11
L0179,2025-01-12
L0179,2025-01-13
L0179,2025-01-14
L0179,2025-01-15
L0179,2025-01-16
L0179,2025-01-17
L0179,2025-01-18
L0179,2025-01-19
L0179,2025-01-20
L0179,2025-01-21
L0179,2025-01-22
L0179,2025-01-23
L0179,2025-01-24
L0179,2025-01-25
L0179,2025-01-26
L0179,2025-01-27
L0179,2025-01-28
L0179,2025-01-29
L0179,2025-01-30
L0179,2025-01-31
L0179,2025-02-01
L0179,2025-02-02
L0179,2025-02-03
L0179,2025-02-04
L0179,2025-02-05
L0179,2025-02-06
L0179,2025-02-07
L0179,2025-02-08
L0179,2025-02-09
L0179,2025-02-10
L0179,2025-02-11
L0179,2025-02-12
L0179,2025-02-13
L0179,2025-02-14
L0179,2025-02-15
L0179,2025-02-16
L0179,2025-02-17
L0179,2025-02-18
L0179,2025-02-19
L0179,2025-02-20
L0179,2025-02-21
L0179,2025-02-22
L0179,2025-02-23
L0179,2025-02-24
L0179,2025-02-25
L0179,2025-02-26
L0179,2025-02-27
L0179,2025-02-28
L0179,2025-03-01
L0179,2025-03-02
L0179,2025-03-03
L0179,2025-03-04
L0179,2025-03-05
L0179,2025-03-06
L0179,2025-03-07
L0179,2025-03-08
L0179,2025-03-09
L0179,2025-03-10
L0179,2025-03-11
L0179,2025-03-12
L0179,2025-03-13
L0179,2025-03-14
L0179,2025-03-15
L0179,2025-03-16
L0179,2025-03-17
L0179,2025-03-18
L0179,2025-03-19
L0179,2025-03-20
L0179,2025-03-21
L0179,2025-03-22
L0179,2025-03-23
L0179,2025-03-24
L0179,2025-03-25
L0179,2025-03-26
L0179,2025-03-27
L0179,2025-03-28
L0179,2025-03-29
L0179,2025-03-30
L0179,2025-03-31
L0179,2025-04-01
L0179,2025-04-02
L0179,2025-04-03
L0179,2025-04-04
L0179,2025-04-05
L0179,2025-04-06
L0179,2025-04-07
L0179,2025-04-08
L0179,2025-04-09
L0179,2025-04-10
L0179,2025-04-11
L0179,2025-04-12
L0179,2025-04-13
L0179,2025-04-14
L0179,2025-04-15
L0179,2025-04-16
L0179,2025-04-17
L0179,2025-04-18
L0179,2025-04-19
L0179,2025-04-20
L0179,2025-04-21
L0179,2025-04-22
L0179,2025-04-23
L0179,2025-04-24
L0179,2025-04-25
L0179,2025-04-26
L0179,2025-04-27
L0179,2025-04-28
L0179,2025-04-29
L0179,2025-04-30
L0179,2025-05-01
L0179,2025-05-02
L0179,2025-05-03
L0179,2025-05-04
L0179,2025-05-05
L0179,2025-05-06
L0179,2025-05-07
L0179,2025-05-08
L0179,2025-05-09
L0179,2025-05-10
L0179,2025-05-11
L0179,2025-05-12
L0179,2025-05-13
L0179,2025-05-14
L0179,2025-05-15
L0179,2025-05-16
L0179,2025-05-17
L0179,2025-05-18
L0179,2025-05-19
L0179,2025-05-20
L0179,2025-05-21
L0179,2025-05-22
L0179,2025-05-23
L0179,2025-05-24
L0179,2025-05-25
L0179,2025-05-26
L0179,2025-05-27
L0179,2025-05-28
L0179,2025-05-29
L0179,2025-05-30
L0179,2025-05-31
L0179,2025-06-01
L0179,2025-06-02
L0179,2025-06-03
L0179,2025-06-04
L0179,2025-06-05
L0179,2025-06-06
L0179,2025-06-07
L0179,2025-06-08
L0179,2025-06-09
L0179,2025-06-10
L0179,2025-06-11
L0179,2025-06-12
L0179,2025-06-13
L0179,2025-06-14
L0179,2025-06-15
L0179,2025-06-16
L0179,2025-06-17
L0179,2025-06-18
L0179,2025-06-19
L0179,2025-06-20
L0179,2025-06-21
L0179,2025-06-22
L0179,2025-06-23
L0179,2025-06-24
L0179,2025-06-25
L0179,2025-06-26
L0179,2025-06-27
L0179,2025-06-28
L0179,2025-06-29
L0180,2025-01-01
L0180,2025-01-02
L0180,2025-01-03
L0180,2025-01-04
L0180,2025-01-05
L0180,2025-01-06
L0180,2025-01-07
L0180,2025-01-08
L0180,2025-01-09
L0180,2025-01-10
L0180,2025-01-11
L0180,2025-01-12
L0180,2025-01-13
L0180,2025-01-14
L0180,2025-01-15
L0180,2025-01-16
L0180,2025-01-17
L0180,2025-01-18
L0180,2025-01-19
L0180,2025-01-20
L0180,2025-01-21
L0180,2025-01-22
L0180,2025-01-23
L0180,2025-01-24
L0180,2025-01-25
L0180,2025-01-26
L0180,2025-01-27
L0180,2025-01-28
L0180,2025-01-29
L0180,2025-01-30
L0180,2025-01-31
L0180,2025-02-01
L0180,2025-02-02
L0180,2025-02-03
L0180,2025-02-04
L0180,2025-02-05
L0180,2025-02-06
L0180,2025-02-07
L0180,2025-02-08
L0180,2025-02-09
L0180,2025-02-10
L0180,2025-02-11
L0180,2025-02-12
L0180,2025-02-13
L0180,2025-02-14
L0180,2025-02-15
L0180,2025-02-16
L0180,2025-02-17
L0180,2025-02-18
L0180,2025-02-19
L0180,2025-02-20
L0180,2025-02-21
L0180,2025-02-22
L0180,2025-02-23
L0180,2025-02-24
L0180,2025-02-25
L0180,2025-02-26
L0180,2025-02-27
L0180,2025-02-28
L0180,2025-03-01
L0180,2025-03-02
L0180,2025-03-03
L0180,2025-03-04
L0180,2025-03-05
L0180,2025-03-06
L0180,2025-03-07
L0180,2025-03-08
L0180,2025-03-09
L0180,2025-03-10
L0180,2025-03-11
L0180,2025-03-12
L0180,2025-03-13
L0180,2025-03-14
L0180,2025-03-15
L0180,2025-03-16
L0180,2025-03-17
L0180,2025-03-18
L0180,2025-03-19
L0180,2025-03-20
L0180,2025-03-21
L0180,2025-03-22
L0180,2025-03-23
L0180,2025-03-24
L0180,2025-03-25
L0180,2025-03-26
L0180,2025-03-27
L0180,2025-03-28
L0180,2025-03-29
L0180,2025-03-30
L0180,2025-03-31
L0180,2025-04-01
L0180,2025-04-02
L0180,2025-04-03
L0180,2025-04-04
L0180,2025-04-05
L0180,2025-04-06
L0180,2025-04-07
L0180,2025-04-08
L0180,2025-04-09
L0180,2025-04-10
L0180,2025-04-11
L0180,2025-04-12
L0180,2025-04-13
L0180,2025-04-14
L0180,2025-04-15
L0180,2025-04-16
L0180,2025-04-17
L0180,2025-04-18
L0180,2025-04-19
L0180,2025-04-20
L0180,2025-04-21
L0180,2025-04-22
L0180,2025-04-23
L0180,2025-04-24
L0180,2025-04-25
L0180,2025-04-26
L0180,2025-04-27
L0180,2025-04-28
L0180,2025-04-29
L0180,2025-04-30
L0180,2025-05-01
L0180,2025-05-02
L0180,2025-05-03
L0180,2025-05-04
L0180,2025-05-05
L0180,2025-05-06
L0180,2025-05-07
L0180,2025-05-08
L0180,2025-05-09
L0180,2025-05-10
L0180,2025-05-11
L0180,2025-05-12
L0180,2025-05-13
L0180,2025-05-14
L0180,2025-05-15
L0180,2025-05-16
L0180,2025-05-17
L0180,2025-05-18
L0180,2025-05-19
L0180,2025-05-20
L0180,2025-05-21
L0180,2025-05-22
L0180,2025-05-23
L0180,2025-05-24
L0180,2025-05-25
L0180,2025-05-26
L0180,2025-05-27
L0180,2025-05-28
L0180,2025-05-29
L0180,2025-05-30
L0180,2025-05-31
L0180,2025-06-01
L0180,2025-06-02
L0180,2025-06-03
L0180,2025-06-04
L0180,2025-06-05
L0180,2025-06-06
L0180,2025-06-07
L0180,2025-06-08
L0180,2025-06-09
L0180,2025-06-10
L0180,2025-06-11
L0180,2025-06-12
L0180,2025-06-13
L0180,2025-06-14
L0180,2025-06-15
L0180,2025-06-16
L0180,2025-06-17
L0180,2025-06-18
L0180,2025-06-19
L0180,2025-06-20
L0180,2025-06-21
L0180,2025-06-22
L0180,2025-06-23
L0180,2025-06-24
L0180,2025-06-25
L0180,2025-06-26
L0180,2025-06-27
L0180,2025-06-28
L0180,2025-06-29
L0181,2025-01-01
L0181,2025-01-02
L0181,2025-01-03
L0181,2025-01-04
L0181,2025-01-05
L0181,2025-01-06
L0181,2025-01-07
L0181,2025-01-08
L0181,2025-01-09
L0181,2025-01-10
L0181,2025-01-11
L0181,2025-01-12
L0181,2025-01-13
L0181,2025-01-14
L0181,2025-01-15
L0181,2025-01-16
L0181,2025-01-17
L0181,2025-01-18
L0181,2025-01-19
L0181,2025-01-20
L0181,2025-01-21
L0181,2025-01-22
L0181,2025-01-23
L0181,2025-01-24
L0181,2025-01-25
L0181,2025-01-26
L0181,2025-01-27
L0181,2025-01-28
L0181,2025-01-29
L0181,2025-01-30
L0181,2025-01-31
L0181,2025-02-01
L0181,2025-02-02
L0181,2025-02-03
L0181,2025-02-04
L0181,2025-02-05
L0181,2025-02-06
L0181,2025-02-07
L0181,2025-02-08
L0181,2025-02-09
L0181,2025-02-10
L0181,2025-02-11
L0181,2025-02-12
L0181,2025-02-13
L0181,2025-02-14
L0181,2025-02-15
L0181,2025-02-16
L0181,2025-02-17
L0181,2025-02-18
L0181,2025-02-19
L0181,2025-02-20
L0181,2025-02-21
L0181,2025-02-22
L0181,2025-02-23
L0181,2025-02-24
L0181,2025-02-25
L0181,2025-02-26
L0181,2025-02-27
L0181,2025-02-28
L0181,2025-03-01
L0181,2025-03-02
L0181,2025-03-03
L0181,2025-03-04
L0181,2025-03-05
L0181,2025-03-06
L0181,2025-03-07
L0181,2025-03-08
L0181,2025-03-09
L0181,2025-03-10
L0181,2025-03-11
L0181,2025-03-12
L0181,2025-03-13
L0181,2025-03-14
L0181,2025-03-15
L0181,2025-03-16
L0181,2025-03-17
L0181,2025-03-18
L0181,2025-03-19
L0181,2025-03-20
L0181,2025-03-21
L0181,2025-03-22
L0181,2025-03-23
L0181,2025-03-24
L0181,2025-03-25
L0181,2025-03-26
L0181,2025-03-27
L0181,2025-03-28
L0181,2025-03-29
L0181,2025-03-30
L0181,2025-03-31
L0181,2025-04-01
L0181,2025-04-02
L0181,2025-04-03
L0181,2025-04-04
L0181,2025-04-05
L0181,2025-04-06
L0181,2025-04-07
L0181,2025-04-08
L0181,2025-04-09
L0181,2025-04-10
L0181,2025-04-11
L0181,2025-04-12
L0181,2025-04-13
L0181,2025-04-14
L0181,2025-04-15
L0181,2025-04-16
L0181,2025-04-17
L0181,2025-04-18
L0181,2025-04-19
L0181,2025-04-20
L0181,2025-04-21
L0181,2025-04-22
L0181,2025-04-23
L0181,2025-04-24
L0181,2025-04-25
L0181,2025-04-26
L0181,2025-04-27
L0181,2025-04-28
L0181,2025-04-29
L0181,2025-04-30
L0181,2025-05-01
L0181,2025-05-02
L0181,2025-05-03
L0181,2025-05-04
L0181,2025-05-05
L0181,2025-05-06
L0181,2025-05-07
L0181,2025-05-08
L0181,2025-05-09
L0181,2025-05-10
L0181,2025-05-11
L0181,2025-05-12
L0181,2025-05-13
L0181,2025-05-14
L0181,2025-05-15
L0181,2025-05-16
L0181,2025-05-17
L0181,2025-05-18
L0181,2025-05-19
L0181,2025-05-20
L0181,2025-05-21
L0181,2025-05-22
L0181,2025-05-23
L0181,2025-05-24
L0181,2025-05-25
L0181,2025-05-26
L0181,2025-05-27
L0181,2025-05-28
L0181,2025-05-29
L0181,2025-05-30
L0181,2025-05-31
L0181,2025-06-01
L0181,2025-06-02
L0181,2025-06-03
L0181,2025-06-04
L0181,2025-06-05
L0181,2025-06-06
L0181,2025-06-07
L0181,2025-06-08
L0181,2025-06-09
L0181,2025-06-10
L0181,2025-06-11
L0181,2025-06-12
L0181,2025-06-13
L0181,2025-06-14
L0181,2025-06-15
L0181,2025-06-16
L0181,2025-06-17
L0181,2025-06-18
L0181,2025-06-19
L0181,2025-06-20
L0181,2025-06-21
L0181,2025-06-22
L0181,2025-06-23
L0181,2025-06-24
L0181,2025-06-25
L0181,2025-06-26
L0181,2025-06-27
L0181,2025-06-28
L0181,2025-06-29
L0182,2025-01-01
L0182,2025-01-02
L0182,2025-01-03
L0182,2025-01-04
L0182,2025-01-05
L0182,2025-01-06
L0182,2025-01-07
L0182,2025-01-08
L0182,2025-01-09
L0182,2025-01-10
L0182,2025-01-11
L0182,2025-01-12
L0182,2025-01-13
L0182,2025-01-14
L0182,2025-01-15
L0182,2025-01-16
L0182,2025-01-17
L0182,2025-01-18
L0182,2025-01-19
L0182,2025-01-20
L0182,2025-01-21
L0182,2025-01-22
L0182,2025-01-23
L0182,2025-01-24
L0182,2025-01-25
L0182,2025-01-26
L0182,2025-01-27
L0182,2025-01-28
L0182,2025-01-29
L0182,2025-01-30
L0182,2025-01-31
L0182,2025-02-01
L0182,2025-02-02
L0182,2025-02-03
L0182,2025-02-04
L0182,2025-02-05
L0182,2025-02-06
L0182,2025-02-07
L0182,2025-02-08
L0182,2025-02-09
L0182,2025-02-10
L0182,2025-02-11
L0182,2025-02-12
L0182,2025-02-13
L0182,2025-02-14
L0182,2025-02-15
L0182,2025-02-16
L0182,2025-02-17
L0182,2025-02-18
L0182,2025-02-19
L0182,2025-02-20
L0182,2025-02-21
L0182,2025-02-22
L0182,2025-02-23
L0182,2025-02-24
L0182,2025-02-25
L0182,2025-02-26
L0182,2025-02-27
L0182,2025-02-28
L0182,2025-03-01
L0182,2025-03-02
L0182,2025-03-03
L0182,2025-03-04
L0182,2025-03-05
L0182,2025-03-06
L0182,2025-03-07
L0182,2025-03-08
L0182,2025-03-09
L0182,2025-03-10
L0182,2025-03-11
L0182,2025-03-12
L0182,2025-03-13
L0182,2025-03-14
L0182,2025-03-15
L0182,2025-03-16
L0182,2025-03-17
L0182,2025-03-18
L0182,2025-03-19
L0182,2025-03-20
L0182,2025-03-21
L0182,2025-03-22
L0182,2025-03-23
L0182,2025-03-24
L0182,2025-03-25
L0182,2025-03-26
L0182,2025-03-27
L0182,2025-03-28
L0182,2025-03-29
L0182,2025-03-30
L0182,2025-03-31
L0182,2025-04-01
L0182,2025-04-02
L0182,2025-04-03
L0182,2025-04-04
L0182,2025-04-05
L0182,2025-04-06
L0182,2025-04-07
L0182,2025-04-08
L0182,2025-04-09
L0182,2025-04-10
L0182,2025-04-11
L0182,2025-04-12
L0182,2025-04-13
L0182,2025-04-14
L0182,2025-04-15
L0182,2025-04-16
L0182,2025-04-17
L0182,2025-04-18
L0182,2025-04-19
L0182,2025-04-20
L0182,2025-04-21
L0182,2025-04-22
L0182,2025-04-23
L0182,2025-04-24
L0182,2025-04-25
L0182,2025-04-26
L0182,2025-04-27
L0182,2025-04-28
L0182,2025-04-29
L0182,2025-04-30
L0182,2025-05-01
L0182,2025-05-02
L0182,2025-05-03
L0182,2025-05-04
L0182,2025-05-05
L0182,2025-05-06
L0182,2025-05-07
L0182,2025-05-08
L0182,2025-05-09
L0182,2025-05-10
L0182,2025-05-11
L0182,2025-05-12
L0182,2025-05-13
L0182,2025-05-14
L0182,2025-05-15
L0182,2025-05-16
L0182,2025-05-17
L0182,2025-05-18
L0182,2025-05-19
L0182,2025-05-20
L0182,2025-05-21
L0182,2025-05-22
L0182,2025-05-23
L0182,2025-05-24
L0182,2025-05-25
L0182,2025-05-26
L0182,2025-05-27
L0182,2025-05-28
L0182,2025-05-29
L0182,2025-05-30
L0182,2025-05-31
L0182,2025-06-01
L0182,2025-06-02
L0182,2025-06-03
L0182,2025-06-04
L0182,2025-06-05
L0182,2025-06-06
L0182,2025-06-07
L0182,2025-06-08
L0182,2025-06-09
L0182,2025-06-10
L0182,2025-06-11
L0182,2025-06-12
L0182,2025-06-13
L0182,2025-06-14
L0182,2025-06-15
L0182,2025-06-16
L0182,2025-06-17
L0182,2025-06-18
L0182,2025-06-19
L0182,2025-06-20
L0182,2025-06-21
L0182,2025-06-22
L0182,2025-06-23
L0182,2025-06-24
L0182,2025-06-25
L0182,2025-06-26
L0182,2025-06-27
L0182,2025-06-28
L0182,2025-06-29
L0183,2025-01-01
L0183,2025-01-02
L0183,2025-01-03
L0183,2025-01-04
L0183,2025-01-05
L0183,2025-01-06
L0183,2025-01-07
L0183,2025-01-08
L0183,2025-01-09
L0183,2025-01-10
L0183,2025-01-11
L0183,2025-01-12
L0183,2025-01-13
L0183,2025-01-14
L0183,2025-01-15
L0183,2025-01-16
L0183,2025-01-17
L0183,2025-01-18
L0183,2025-01-19
L0183,2025-01-20
L0183,2025-01-21
L0183,2025-01-22
L0183,2025-01-23
L0183,2025-01-24
L0183,2025-01-25
L0183,2025-01-26
L0183,2025-01-27
L0183,2025-01-28
L0183,2025-01-29
L0183,2025-01-30
L0183,2025-01-31
L0183,2025-02-01
L0183,2025-02-02
L0183,2025-02-03
L0183,2025-02-04
L0183,2025-02-05
L0183,2025-02-06
L0183,2025-02-07
L0183,2025-02-08
L0183,2025-02-09
L0183,2025-02-10
L0183,2025-02-11
L0183,2025-02-12
L0183,2025-02-13
L0183,2025-02-14
L0183,2025-02-15
L0183,2025-02-16
L0183,2025-02-17
L0183,2025-02-18
L0183,2025-02-19
L0183,2025-02-20
L0183,2025-02-21
L0183,2025-02-22
L0183,2025-02-23
L0183,2025-02-24
L0183,2025-02-25
L0183,2025-02-26
L0183,2025-02-27
L0183,2025-02-28
L0183,2025-03-01
L0183,2025-03-02
L0183,2025-03-03
L0183,2025-03-04
L0183,2025-03-05
L0183,2025-03-06
L0183,2025-03-07
L0183,2025-03-08
L0183,2025-03-09
L0183,2025-03-10
L0183,2025-03-11
L0183,2025-03-12
L0183,2025-03-13
L0183,2025-03-14
L0183,2025-03-15
L0183,2025-03-16
L0183,2025-03-17
L0183,2025-03-18
L0183,2025-03-19
L0183,2025-03-20
L0183,2025-03-21
L0183,2025-03-22
L0183,2025-03-23
L0183,2025-03-24
L0183,2025-03-25
L0183,2025-03-26
L0183,2025-03-27
L0183,2025-03-28
L0183,2025-03-29
L0183,2025-03-30
L0183,2025-03-31
L0183,2025-04-01
L0183,2025-04-02
L0183,2025-04-03
L0183,2025-04-04
L0183,2025-04-05
L0183,2025-04-06
L0183,2025-04-07
L0183,2025-04-08
L0183,2025-04-09
L0183,2025-04-10
L0183,2025-04-11
L0183,2025-04-12
L0183,2025-04-13
L0183,2025-04-14
L0183,2025-04-15
L0183,2025-04-16
L0183,2025-04-17
L0183,2025-04-18
L0183,2025-04-19
L0183,2025-04-20
L0183,2025-04-21
L0183,2025-04-22
L0183,2025-04-23
L0183,2025-04-24
L0183,2025-04-25
L0183,2025-04-26
L0183,2025-04-27
L0183,2025-04-28
L0183,2025-04-29
L0183,2025-04-30
L0183,2025-05-01
L0183,2025-05-02
L0183,2025-05-03
L0183,2025-05-04
L0183,2025-05-05
L0183,2025-05-06
L0183,2025-05-07
L0183,2025-05-08
L0183,2025-05-09
L0183,2025-05-10
L0183,2025-05-11
L0183,2025-05-12
L0183,2025-05-13
L0183,2025-05-14
L0183,2025-05-15
L0183,2025-05-16
L0183,2025-05-17
L0183,2025-05-18
L0183,2025-05-19
L0183,2025-05-20
L0183,2025-05-21
L0183,2025-05-22
L0183,2025-05-23
L0183,2025-05-24
L0183,2025-05-25
L0183,2025-05-26
L0183,2025-05-27
L0183,2025-05-28
L0183,2025-05-29
L0183,2025-05-30
L0183,2025-05-31
L0183,2025-06-01
L0183,2025-06-02
L0183,2025-06-03
L0183,2025-06-04
L0183,2025-06-05
L0183,2025-06-06
L0183,2025-06-07
L0183,2025-06-08
L0183,2025-06-09
L0183,2025-06-10
L0183,2025-06-11
L0183,2025-06-12
L0183,2025-06-13
L0183,2025-06-14
L0183,2025-06-15
L0183,2025-06-16
L0183,2025-06-17
L0183,2025-06-18
L0183,2025-06-19
L0183,2025-06-20
L0183,2025-06-21
L0183,2025-06-22
L0183,2025-06-23
L0183,2025-06-24
L0183,2025-06-25
L0183,2025-06-26
L0183,2025-06-27
L0183,2025-06-28
L0183,2025-06-29
L0184,2025-01-01
L0184,2025-01-02
L0184,2025-01-03
L0184,2025-01-04
L0184,2025-01-05
L0184,2025-01-06
L0184,2025-01-07
L0184,2025-01-08
L0184,2025-01-09
L0184,2025-01-10
L0184,2025-01-11
L0184,2025-01-12
L0184,2025-01-13
L0184,2025-01-14
L0184,2025-01-15
L0184,2025-01-16
L0184,2025-01-17
L0184,2025-01-18
L0184,2025-01-19
L0184,2025-01-20
L0184,2025-01-21
L0184,2025-01-22
L0184,2025-01-23
L0184,2025-01-24
L0184,2025-01-25
L0184,2025-01-26
L0184,2025-01-27
L0184,2025-01-28
L0184,2025-01-29
L0184,2025-01-30
L0184,2025-01-31
L0184,2025-02-01
L0184,2025-02-02
L0184,2025-02-03
L0184,2025-02-04
L0184,2025-02-05
L0184,2025-02-06
L0184,2025-02-07
L0184,2025-02-08
L0184,2025-02-09
L0184,2025-02-10
L0184,2025-02-11
L0184,2025-02-12
L0184,2025-02-13
L0184,2025-02-14
L0184,2025-02-15
L0184,2025-02-16
L0184,2025-02-17
L0184,2025-02-18
L0184,2025-02-19
L0184,2025-02-20
L0184,2025-02-21
L0184,2025-02-22
L0184,2025-02-23
L0184,2025-02-24
L0184,2025-02-25
L0184,2025-02-26
L0184,2025-02-27
L0184,2025-02-28
L0184,2025-03-01
L0184,2025-03-02
L0184,2025-03-03
L0184,2025-03-04
L0184,2025-03-05
L0184,2025-03-06
L0184,2025-03-07
L0184,2025-03-08
L0184,2025-03-09
L0184,2025-03-10
L0184,2025-03-11
L0184,2025-03-12
L0184,2025-03-13
L0184,2025-03-14
L0184,2025-03-15
L0184,2025-03-16
L0184,2025-03-17
L0184,2025-03-18
L0184,2025-03-19
L0184,2025-03-20
L0184,2025-03-21
L0184,2025-03-22
L0184,2025-03-23
L0184,2025-03-24
L0184,2025-03-25
L0184,2025-03-26
L0184,2025-03-27
L0184,2025-03-28
L0184,2025-03-29
L0184,2025-03-30
L0184,2025-03-31
L0184,2025-04-01
L0184,2025-04-02
L0184,2025-04-03
L0184,2025-04-04
L0184,2025-04-05
L0184,2025-04-06
L0184,2025-04-07
L0184,2025-04-08
L0184,2025-04-09
L0184,2025-04-10
L0184,2025-04-11
L0184,2025-04-12
L0184,2025-04-13
L0184,2025-04-14
L0184,2025-04-15
L0184,2025-04-16
L0184,2025-04-17
L0184,2025-04-18
L0184,2025-04-19
L0184,2025-04-20
L0184,2025-04-21
L0184,2025-04-22
L0184,2025-04-23
L0184,2025-04-24
L0184,2025-04-25
L0184,2025-04-26
L0184,2025-04-27
L0184,2025-04-28
L0184,2025-04-29
L0184,2025-04-30
L0184,2025-05-01
L0184,2025-05-02
L0184,2025-05-03
L0184,2025-05-04
L0184,2025-05-05
L0184,2025-05-06
L0184,2025-05-07
L0184,2025-05-08
L0184,2025-05-09
L0184,2025-05-10
L0184,2025-05-11
L0184,2025-05-12
L0184,2025-05-13
L0184,2025-05-14
L0184,2025-05-15
L0184,2025-05-16
L0184,2025-05-17
L0184,2025-05-18
L0184,2025-05-19
L0184,2025-05-20
L0184,2025-05-21
L0184,2025-05-22
L0184,2025-05-23
L0184,2025-05-24
L0184,2025-05-25
L0184,2025-05-26
L0184,2025-05-27
L0184,2025-05-28
L0184,2025-05-29
L0184,2025-05-30
L0184,2025-05-31
L0184,2025-06-01
L0184,2025-06-02
L0184,2025-06-03
L0184,2025-06-04
L0184,2025-06-05
L0184,2025-06-06
L0184,2025-06-07
L0184,2025-06-08
L0184,2025-06-09
L0184,2025-06-10
L0184,2025-06-11
L0184,2025-06-12
L0184,2025-06-13
L0184,2025-06-14
L0184,2025-06-15
L0184,2025-06-16
L0184,2025-06-17
L0184,2025-06-18
L0184,2025-06-19
L0184,2025-06-20
L0184,2025-06-21
L0184,2025-06-22
L0184,2025-06-23
L0184,2025-06-24
L0184,2025-06-25
L0184,2025-06-26
L0184,2025-06-27
L0184,2025-06-28
L0184,2025-06-29
L0185,2025-01-01
L0185,2025-01-02
L0185,2025-01-03
L0185,2025-01-04
L0185,2025-01-05
L0185,2025-01-06
L0185,2025-01-07
L0185,2025-01-08
L0185,2025-01-09
L0185,2025-01-10
L0185,2025-01-11
L0185,2025-01-12
L0185,2025-01-13
L0185,2025-01-14
L0185,2025-01-15
L0185,2025-01-16
L0185,2025-01-17
L0185,2025-01-18
L0185,2025-01-19
L0185,2025-01-20
L0185,2025-01-21
L0185,2025-01-22
L0185,2025-01-23
L0185,2025-01-24
L0185,2025-01-25
L0185,2025-01-26
L0185,2025-01-27
L0185,2025-01-28
L0185,2025-01-29
L0185,2025-01-30
L0185,2025-01-31
L0185,2025-02-01
L0185,2025-02-02
L0185,2025-02-03
L0185,2025-02-04
L0185,2025-02-05
L0185,2025-02-06
L0185,2025-02-07
L0185,2025-02-08
L0185,2025-02-09
L0185,2025-02-10
L0185,2025-02-11
L0185,2025-02-12
L0185,2025-02-13
L0185,2025-02-14
L0185,2025-02-15
L0185,2025-02-16
L0185,2025-02-17
L0185,2025-02-18
L0185,2025-02-19
L0185,2025-02-20
L0185,2025-02-21
L0185,2025-02-22
L0185,2025-02-23
L0185,2025-02-24
L0185,2025-02-25
L0185,2025-02-26
L0185,2025-02-27
L0185,2025-02-28
L0185,2025-03-01
L0185,2025-03-02
L0185,2025-03-03
L0185,2025-03-04
L0185,2025-03-05
L0185,2025-03-06
L0185,2025-03-07
L0185,2025-03-08
L0185,2025-03-09
L0185,2025-03-10
L0185,2025-03-11
L0185,2025-03-12
L0185,2025-03-13
L0185,2025-03-14
L0185,2025-03-15
L0185,2025-03-16
L0185,2025-03-17
L0185,2025-03-18
L0185,2025-03-19
L0185,2025-03-20
L0185,2025-03-21
L0185,2025-03-22
L0185,2025-03-23
L0185,2025-03-24
L0185,2025-03-25
L0185,2025-03-26
L0185,2025-03-27
L0185,2025-03-28
L0185,2025-03-29
L0185,2025-03-30
L0185,2025-03-31
L0185,2025-04-01
L0185,2025-04-02
L0185,2025-04-03
L0185,2025-04-04
L0185,2025-04-05
L0185,2025-04-06
L0185,2025-04-07
L0185,2025-04-08
L0185,2025-04-09
L0185,2025-04-10
L0185,2025-04-11
L0185,2025-04-12
L0185,2025-04-13
L0185,2025-04-14
L0185,2025-04-15
L0185,2025-04-16
L0185,2025-04-17
L0185,2025-04-18
L0185,2025-04-19
L0185,2025-04-20
L0185,2025-04-21
L0185,2025-04-22
L0185,2025-04-23
L0185,2025-04-24
L0185,2025-04-25
L0185,2025-04-26
L0185,2025-04-27
L0185,2025-04-28
L0185,2025-04-29
L0185,2025-04-30
L0185,2025-05-01
L0185,2025-05-02
L0185,2025-05-03
L0185,2025-05-04
L0185,2025-05-05
L0185,2025-05-06
L0185,2025-05-07
L0185,2025-05-08
L0185,2025-05-09
L0185,2025-05-10
L0185,2025-05-11
L0185,2025-05-12
L0185,2025-05-13
L0185,2025-05-14
L0185,2025-05-15
L0185,2025-05-16
L0185,2025-05-17
L0185,2025-05-18
L0185,2025-05-19
L0185,2025-05-20
L0185,2025-05-21
L0185,2025-05-22
L0185,2025-05-23
L0185,2025-05-24
L0185,2025-05-25
L0185,2025-05-26
L0185,2025-05-27
L0185,2025-05-28
L0185,2025-05-29
L0185,2025-05-30
L0185,2025-05-31
L0185,2025-06-01
L0185,2025-06-02
L0185,2025-06-03
L0185,2025-06-04
L0185,2025-06-05
L0185,2025-06-06
L0185,2025-06-07
L0185,2025-06-08
L0185,2025-06-09
L0185,2025-06-10
L0185,2025-06-11
L0185,2025-06-12
L0185,2025-06-13
L0185,2025-06-14
L0185,2025-06-15
L0185,2025-06-16
L0185,2025-06-17
L0185,2025-06-18
L0185,2025-06-19
L0185,2025-06-20
L0185,2025-06-21
L0185,2025-06-22
L0185,2025-06-23
L0185,2025-06-24
L0185,2025-06-25
L0185,2025-06-26
L0185,2025-06-27
L0185,2025-06-28
L0185,2025-06-29
L0186,2025-01-01
L0186,2025-01-02
L0186,2025-01-03
L0186,2025-01-04
L0186,2025-01-05
L0186,2025-01-06
L0186,2025-01-07
L0186,2025-01-08
L0186,2025-01-09
L0186,2025-01-10
L0186,2025-01-11
L0186,2025-01-12
L0186,2025-01-13
L0186,2025-01-14
L0186,2025-01-15
L0186,2025-01-16
L0186,2025-01-17
L0186,2025-01-18
L0186,2025-01-19
L0186,2025-01-20
L0186,2025-01-21
L0186,2025-01-22
L0186,2025-01-23
L0186,2025-01-24
L0186,2025-01-25
L0186,2025-01-26
L0186,2025-01-27
L0186,2025-01-28
L0186,2025-01-29
L0186,2025-01-30
L0186,2025-01-31
L0186,2025-02-01
L0186,2025-02-02
L0186,2025-02-03
L0186,2025-02-04
L0186,2025-02-05
L0186,2025-02-06
L0186,2025-02-07
L0186,2025-02-08
L0186,2025-02-09
L0186,2025-02-10
L0186,2025-02-11
L0186,2025-02-12
L0186,2025-02-13
L0186,2025-02-14
L0186,2025-02-15
L0186,2025-02-16
L0186,2025-02-17
L0186,2025-02-18
L0186,2025-02-19
L0186,2025-02-20
L0186,2025-02-21
L0186,2025-02-22
L0186,2025-02-23
L0186,2025-02-24
L0186,2025-02-25
L0186,2025-02-26
L0186,2025-02-27
L0186,2025-02-28
L0186,2025-03-01
L0186,2025-03-02
L0186,2025-03-03
L0186,2025-03-04
L0186,2025-03-05
L0186,2025-03-06
L0186,2025-03-07
L0186,2025-03-08
L0186,2025-03-09
L0186,2025-03-10
L0186,2025-03-11
L0186,2025-03-12
L0186,2025-03-13
L0186,2025-03-14
L0186,2025-03-15
L0186,2025-03-16
L0186,2025-03-17
L0186,2025-03-18
L0186,2025-03-19
L0186,2025-03-20
L0186,2025-03-21
L0186,2025-03-22
L0186,2025-03-23
L0186,2025-03-24
L0186,2025-03-25
L0186,2025-03-26
L0186,2025-03-27
L0186,2025-03-28
L0186,2025-03-29
L0186,2025-03-30
L0186,2025-03-31
L0186,2025-04-01
L0186,2025-04-02
L0186,2025-04-03
L0186,2025-04-04
L0186,2025-04-05
L0186,2025-04-06
L0186,2025-04-07
L0186,2025-04-08
L0186,2025-04-09
L0186,2025-04-10
L0186,2025-04-11
L0186,2025-04-12
L0186,2025-04-13
L0186,2025-04-14
L0186,2025-04-15
L0186,2025-04-16
L0186,2025-04-17
L0186,2025-04-18
L0186,2025-04-19
L0186,2025-04-20
L0186,2025-04-21
L0186,2025-04-22
L0186,2025-04-23
L0186,2025-04-24
L0186,2025-04-25
L0186,2025-04-26
L0186,2025-04-27
L0186,2025-04-28
L0186,2025-04-29
L0186,2025-04-30
L0186,2025-05-01
L0186,2025-05-02
L0186,2025-05-03
L0186,2025-05-04
L0186,2025-05-05
L0186,2025-05-06
L0186,2025-05-07
L0186,2025-05-08
L0186,2025-05-09
L0186,2025-05-10
L0186,2025-05-11
L0186,2025-05-12
L0186,2025-05-13
L0186,2025-05-14
L0186,2025-05-15
L0186,2025-05-16
L0186,2025-05-17
L0186,2025-05-18
L0186,2025-05-19
L0186,2025-05-20
L0186,2025-05-21
L0186,2025-05-22
L0186,2025-05-23
L0186,2025-05-24
L0186,2025-05-25
L0186,2025-05-26
L0186,2025-05-27
L0186,2025-05-28
L0186,2025-05-29
L0186,2025-05-30
L0186,2025-05-31
L0186,2025-06-01
L0186,2025-06-02
L0186,2025-06-03
L0186,2025-06-04
L0186,2025-06-05
L0186,2025-06-06
L0186,2025-06-07
L0186,2025-06-08
L0186,2025-06-09
L0186,2025-06-10
L0186,2025-06-11
L0186,2025-06-12
L0186,2025-06-13
L0186,2025-06-14
L0186,2025-06-15
L0186,2025-06-16
L0186,2025-06-17
L0186,2025-06-18
L0186,2025-06-19
L0186,2025-06-20
L0186,2025-06-21
L0186,2025-06-22
L0186,2025-06-23
L0186,2025-06-24
L0186,2025-06-25
L0186,2025-06-26
L0186,2025-06-27
L0186,2025-06-28
L0186,2025-06-29
L0187,2025-01-01
L0187,2025-01-02
L0187,2025-01-03
L0187,2025-01-04
L0187,2025-01-05
L0187,2025-01-06
L0187,2025-01-07
L0187,2025-01-08
L0187,2025-01-09
L0187,2025-01-10
L0187,2025-01-11
L0187,2025-01-12
L0187,2025-01-13
L0187,2025-01-14
L0187,2025-01-15
L0187,2025-01-16
L0187,2025-01-17
L0187,2025-01-18
L0187,2025-01-19
L0187,2025-01-20
L0187,2025-01-21
L0187,2025-01-22
L0187,2025-01-23
L0187,2025-01-24
L0187,2025-01-25
L0187,2025-01-26
L0187,2025-01-27
L0187,2025-01-28
L0187,2025-01-29
L0187,2025-01-30
L0187,2025-01-31
L0187,2025-02-01
L0187,2025-02-02
L0187,2025-02-03
L0187,2025-02-04
L0187,2025-02-05
L0187,2025-02-06
L0187,2025-02-07
L0187,2025-02-08
L0187,2025-02-09
L0187,2025-02-10
L0187,2025-02-11
L0187,2025-02-12
L0187,2025-02-13
L0187,2025-02-14
L0187,2025-02-15
L0187,2025-02-16
L0187,2025-02-17
L0187,2025-02-18
L0187,2025-02-19
L0187,2025-02-20
L0187,2025-02-21
L0187,2025-02-22
L0187,2025-02-23
L0187,2025-02-24
L0187,2025-02-25
L0187,2025-02-26
L0187,2025-02-27
L0187,2025-02-28
L0187,2025-03-01
L0187,2025-03-02
L0187,2025-03-03
L0187,2025-03-04
L0187,2025-03-05
L0187,2025-03-06
L0187,2025-03-07
L0187,2025-03-08
L0187,2025-03-09
L0187,2025-03-10
L0187,2025-03-11
L0187,2025-03-12
L0187,2025-03-13
L0187,2025-03-14
L0187,2025-03-15
L0187,2025-03-16
L0187,2025-03-17
L0187,2025-03-18
L0187,2025-03-19
L0187,2025-03-20
L0187,2025-03-21
L0187,2025-03-22
L0187,2025-03-23
L0187,2025-03-24
L0187,2025-03-25
L0187,2025-03-26
L0187,2025-03-27
L0187,2025-03-28
L0187,2025-03-29
L0187,2025-03-30
L0187,2025-03-31
L0187,2025-04-01
L0187,2025-04-02
L0187,2025-04-03
L0187,2025-04-04
L0187,2025-04-05
L0187,2025-04-06
L0187,2025-04-07
L0187,2025-04-08
L0187,2025-04-09
L0187,2025-04-10
L0187,2025-04-11
L0187,2025-04-12
L0187,2025-04-13
L0187,2025-04-14
L0187,2025-04-15
L0187,2025-04-16
L0187,2025-04-17
L0187,2025-04-18
L0187,2025-04-19
L0187,2025-04-20
L0187,2025-04-21
L0187,2025-04-22
L0187,2025-04-23
L0187,2025-04-24
L0187,2025-04-25
L0187,2025-04-26
L0187,2025-04-27
L0187,2025-04-28
L0187,2025-04-29
L0187,2025-04-30
L0187,2025-05-01
L0187,2025-05-02
L0187,2025-05-03
L0187,2025-05-04
L0187,2025-05-05
L0187,2025-05-06
L0187,2025-05-07
L0187,2025-05-08
L0187,2025-05-09
L0187,2025-05-10
L0187,2025-05-11
L0187,2025-05-12
L0187,2025-05-13
L0187,2025-05-14
L0187,2025-05-15
L0187,2025-05-16
L0187,2025-05-17
L0187,2025-05-18
L0187,2025-05-19
L0187,2025-05-20
L0187,2025-05-21
L0187,2025-05-22
L0187,2025-05-23
L0187,2025-05-24
L0187,2025-05-25
L0187,2025-05-26
L0187,2025-05-27
L0187,2025-05-28
L0187,2025-05-29
L0187,2025-05-30
L0187,2025-05-31
L0187,2025-06-01
L0187,2025-06-02
L0187,2025-06-03
L0187,2025-06-04
L0187,2025-06-05
L0187,2025-06-06
L0187,2025-06-07
L0187,2025-06-08
L0187,2025-06-09
L0187,2025-06-10
L0187,2025-06-11
L0187,2025-06-12
L0187,2025-06-13
L0187,2025-06-14
L0187,2025-06-15
L0187,2025-06-16
L0187,2025-06-17
L0187,2025-06-18
L0187,2025-06-19
L0187,2025-06-20
L0187,2025-06-21
L0187,2025-06-22
L0187,2025-06-23
L0187,2025-06-24
L0187,2025-06-25
L0187,2025-06-26
L0187,2025-06-27
L0187,2025-06-28
L0187,2025-06-29
L0188,2025-01-01
L0188,2025-01-02
L0188,2025-01-03
L0188,2025-01-04
L0188,2025-01-05
L0188,2025-01-06
L0188,2025-01-07
L0188,2025-01-08
L0188,2025-01-09
L0188,2025-01-10
L0188,2025-01-11
L0188,2025-01-12
L0188,2025-01-13
L0188,2025-01-14
L0188,2025-01-15
L0188,2025-01-16
L0188,2025-01-17
L0188,2025-01-18
L0188,2025-01-19
L0188,2025-01-20
L0188,2025-01-21
L0188,2025-01-22
L0188,2025-01-23
L0188,2025-01-24
L0188,2025-01-25
L0188,2025-01-26
L0188,2025-01-27
L0188,2025-01-28
L0188,2025-01-29
L0188,2025-01-30
L0188,2025-01-31
L0188,2025-02-01
L0188,2025-02-02
L0188,2025-02-03
L0188,2025-02-04
L0188,2025-02-05
L0188,2025-02-06
L0188,2025-02-07
L0188,2025-02-08
L0188,2025-02-09
L0188,2025-02-10
L0188,2025-02-11
L0188,2025-02-12
L0188,2025-02-13
L0188,2025-02-14
L0188,2025-02-15
L0188,2025-02-16
L0188,2025-02-17
L0188,2025-02-18
L0188,2025-02-19
L0188,2025-02-20
L0188,2025-02-21
L0188,2025-02-22
L0188,2025-02-23
L0188,2025-02-24
L0188,2025-02-25
L0188,2025-02-26
L0188,2025-02-27
L0188,2025-02-28
L0188,2025-03-01
L0188,2025-03-02
L0188,2025-03-03
L0188,2025-03-04
L0188,2025-03-05
L0188,2025-03-06
L0188,2025-03-07
L0188,2025-03-08
L0188,2025-03-09
L0188,2025-03-10
L0188,2025-03-11
L0188,2025-03-12
L0188,2025-03-13
L0188,2025-03-14
L0188,2025-03-15
L0188,2025-03-16
L0188,2025-03-17
L0188,2025-03-18
L0188,2025-03-19
L0188,2025-03-20
L0188,2025-03-21
L0188,2025-03-22
L0188,2025-03-23
L0188,2025-03-24
L0188,2025-03-25
L0188,2025-03-26
L0188,2025-03-27
L0188,2025-03-28
L0188,2025-03-29
L0188,2025-03-30
L0188,2025-03-31
L0188,2025-04-01
L0188,2025-04-02
L0188,2025-04-03
L0188,2025-04-04
L0188,2025-04-05
L0188,2025-04-06
L0188,2025-04-07
L0188,2025-04-08
L0188,2025-04-09
L0188,2025-04-10
L0188,2025-04-11
L0188,2025-04-12
L0188,2025-04-13
L0188,2025-04-14
L0188,2025-04-15
L0188,2025-04-16
L0188,2025-04-17
L0188,2025-04-18
L0188,2025-04-19
L0188,2025-04-20
L0188,2025-04-21
L0188,2025-04-22
L0188,2025-04-23
L0188,2025-04-24
L0188,2025-04-25
L0188,2025-04-26
L0188,2025-04-27
L0188,2025-04-28
L0188,2025-04-29
L0188,2025-04-30
L0188,2025-05-01
L0188,2025-05-02
L0188,2025-05-03
L0188,2025-05-04
L0188,2025-05-05
L0188,2025-05-06
L0188,2025-05-07
L0188,2025-05-08
L0188,2025-05-09
L0188,2025-05-10
L0188,2025-05-11
L0188,2025-05-12
L0188,2025-05-13
L0188,2025-05-14
L0188,2025-05-15
L0188,2025-05-16
L0188,2025-05-17
L0188,2025-05-18
L0188,2025-05-19
L0188,2025-05-20
L0188,2025-05-21
L0188,2025-05-22
L0188,2025-05-23
L0188,2025-05-24
L0188,2025-05-25
L0188,2025-05-26
L0188,2025-05-27
L0188,2025-05-28
L0188,2025-05-29
L0188,2025-05-30
L0188,2025-05-31
L0188,2025-06-01
L0188,2025-06-02
L0188,2025-06-03
L0188,2025-06-04
L0188,2025-06-05
L0188,2025-06-06
L0188,2025-06-07
L0188,2025-06-08
L0188,2025-06-09
L0188,2025-06-10
L0188,2025-06-11
L0188,2025-06-12
L0188,2025-06-13
L0188,2025-06-14
L0188,2025-06-15
L0188,2025-06-16
L0188,2025-06-17
L0188,2025-06-18
L0188,2025-06-19
L0188,2025-06-20
L0188,2025-06-21
L0188,2025-06-22
L0188,2025-06-23
L0188,2025-06-24
L0188,2025-06-25
L0188,2025-06-26
L0188,2025-06-27
L0188,2025-06-28
L0188,2025-06-29
L0189,2025-01-01
L0189,2025-01-02
L0189,2025-01-03
L0189,2025-01-04
L0189,2025-01-05
L0189,2025-01-06
L0189,2025-01-07
L0189,2025-01-08
L0189,2025-01-09
L0189,2025-01-10
L0189,2025-01-11
L0189,2025-01-12
L0189,2025-01-13
L0189,2025-01-14
L0189,2025-01-15
L0189,2025-01-16
L0189,2025-01-17
L0189,2025-01-18
L0189,2025-01-19
L0189,2025-01-20
L0189,2025-01-21
L0189,2025-01-22
L0189,2025-01-23
L0189,2025-01-24
L0189,2025-01-25
L0189,2025-01-26
L0189,2025-01-27
L0189,2025-01-28
L0189,2025-01-29
L0189,2025-01-30
L0189,2025-01-31
L0189,2025-02-01
L0189,2025-02-02
L0189,2025-02-03
L0189,2025-02-04
L0189,2025-02-05
L0189,2025-02-06
L0189,2025-02-07
L0189,2025-02-08
L0189,2025-02-09
L0189,2025-02-10
L0189,2025-02-11
L0189,2025-02-12
L0189,2025-02-13
L0189,2025-02-14
L0189,2025-02-15
L0189,2025-02-16
L0189,2025-02-17
L0189,2025-02-18
L0189,2025-02-19
L0189,2025-02-20
L0189,2025-02-21
L0189,2025-02-22
L0189,2025-02-23
L0189,2025-02-24
L0189,2025-02-25
L0189,2025-02-26
L0189,2025-02-27
L0189,2025-02-28
L0189,2025-03-01
L0189,2025-03-02
L0189,2025-03-03
L0189,2025-03-04
L0189,2025-03-05
L0189,2025-03-06
L0189,2025-03-07
L0189,2025-03-08
L0189,2025-03-09
L0189,2025-03-10
L0189,2025-03-11
L0189,2025-03-12
L0189,2025-03-13
L0189,2025-03-14
L0189,2025-03-15
L0189,2025-03-16
L0189,2025-03-17
L0189,2025-03-18
L0189,2025-03-19
L0189,2025-03-20
L0189,2025-03-21
L0189,2025-03-22
L0189,2025-03-23
L0189,2025-03-24
L0189,2025-03-25
L0189,2025-03-26
L0189,2025-03-27
L0189,2025-03-28
L0189,2025-03-29
L0189,2025-03-30
L0189,2025-03-31
L0189,2025-04-01
L0189,2025-04-02
L0189,2025-04-03
L0189,2025-04-04
L0189,2025-04-05
L0189,2025-04-06
L0189,2025-04-07
L0189,2025-04-08
L0189,2025-04-09
L0189,2025-04-10
L0189,2025-04-11
L0189,2025-04-12
L0189,2025-04-13
L0189,2025-04-14
L0189,2025-04-15
L0189,2025-04-16
L0189,2025-04-17
L0189,2025-04-18
L0189,2025-04-19
L0189,2025-04-20
L0189,2025-04-21
L0189,2025-04-22
L0189,2025-04-23
L0189,2025-04-24
L0189,2025-04-25
L0189,2025-04-26
L0189,2025-04-27
L0189,2025-04-28
L0189,2025-04-29
L0189,2025-04-30
L0189,2025-05-01
L0189,2025-05-02
L0189,2025-05-03
L0189,2025-05-04
L0189,2025-05-05
L0189,2025-05-06
L0189,2025-05-07
L0189,2025-05-08
L0189,2025-05-09
L0189,2025-05-10
L0189,2025-05-11
L0189,2025-05-12
L0189,2025-05-13
L0189,2025-05-14
L0189,2025-05-15
L0189,2025-05-16
L0189,2025-05-17
L0189,2025-05-18
L0189,2025-05-19
L0189,2025-05-20
L0189,2025-05-21
L0189,2025-05-22
L0189,2025-05-23
L0189,2025-05-24
L0189,2025-05-25
L0189,2025-05-26
L0189,2025-05-27
L0189,2025-05-28
L0189,2025-05-29
L0189,2025-05-30
L0189,2025-05-31
L0189,2025-06-01
L0189,2025-06-02
L0189,2025-06-03
L0189,2025-06-04
L0189,2025-06-05
L0189,2025-06-06
L0189,2025-06-07
L0189,2025-06-08
L0189,2025-06-09
L0189,2025-06-10
L0189,2025-06-11
L0189,2025-06-12
L0189,2025-06-13
L0189,2025-06-14
L0189,2025-06-15
L0189,2025-06-16
L0189,2025-06-17
L0189,2025-06-18
L0189,2025-06-19
L0189,2025-06-20
L0189,2025-06-21
L0189,2025-06-22
L0189,2025-06-23
L0189,2025-06-24
L0189,2025-06-25
L0189,2025-06-26
L0189,2025-06-27
L0189,2025-06-28
L0189,2025-06-29
L0190,2025-01-01
L0190,2025-01-02
L0190,2025-01-03
L0190,2025-01-04
L0190,2025-01-05
L0190,2025-01-06
L0190,2025-01-07
L0190,2025-01-08
L0190,2025-01-09
L0190,2025-01-10
L0190,2025-01-11
L0190,2025-01-12
L0190,2025-01-13
L0190,2025-01-14
L0190,2025-01-15
L0190,2025-01-16
L0190,2025-01-17
L0190,2025-01-18
L0190,2025-01-19
L0190,2025-01-20
L0190,2025-01-21
L0190,2025-01-22
L0190,2025-01-23
L0190,2025-01-24
L0190,2025-01-25
L0190,2025-01-26
L0190,2025-01-27
L0190,2025-01-28
L0190,2025-01-29
L0190,2025-01-30
L0190,2025-01-31
L0190,2025-02-01
L0190,2025-02-02
L0190,2025-02-03
L0190,2025-02-04
L0190,2025-02-05
L0190,2025-02-06
L0190,2025-02-07
L0190,2025-02-08
L0190,2025-02-09
L0190,2025-02-10
L0190,2025-02-11
L0190,2025-02-12
L0190,2025-02-13
L0190,2025-02-14
L0190,2025-02-15
L0190,2025-02-16
L0190,2025-02-17
L0190,2025-02-18
L0190,2025-02-19
L0190,2025-02-20
L0190,2025-02-21
L0190,2025-02-22
L0190,2025-02-23
L0190,2025-02-24
L0190,2025-02-25
L0190,2025-02-26
L0190,2025-02-27
L0190,2025-02-28
L0190,2025-03-01
L0190,2025-03-02
L0190,2025-03-03
L0190,2025-03-04
L0190,2025-03-05
L0190,2025-03-06
L0190,2025-03-07
L0190,2025-03-08
L0190,2025-03-09
L0190,2025-03-10
L0190,2025-03-11
L0190,2025-03-12
L0190,2025-03-13
L0190,2025-03-14
L0190,2025-03-15
L0190,2025-03-16
L0190,2025-03-17
L0190,2025-03-18
L0190,2025-03-19
L0190,2025-03-20
L0190,2025-03-21
L0190,2025-03-22
L0190,2025-03-23
L0190,2025-03-24
L0190,2025-03-25
L0190,2025-03-26
L0190,2025-03-27
L0190,2025-03-28
L0190,2025-03-29
L0190,2025-03-30
L0190,2025-03-31
L0190,2025-04-01
L0190,2025-04-02
L0190,2025-04-03
L0190,2025-04-04
L0190,2025-04-05
L0190,2025-04-06
L0190,2025-04-07
L0190,2025-04-08
L0190,2025-04-09
L0190,2025-04-10
L0190,2025-04-11
L0190,2025-04-12
L0190,2025-04-13
L0190,2025-04-14
L0190,2025-04-15
L0190,2025-04-16
L0190,2025-04-17
L0190,2025-04-18
L0190,2025-04-19
L0190,2025-04-20
L0190,2025-04-21
L0190,2025-04-22
L0190,2025-04-23
L0190,2025-04-24
L0190,2025-04-25
L0190,2025-04-26
L0190,2025-04-27
L0190,2025-04-28
L0190,2025-04-29
L0190,2025-04-30
L0190,2025-05-01
L0190,2025-05-02
L0190,2025-05-03
L0190,2025-05-04
L0190,2025-05-05
L0190,2025-05-06
L0190,2025-05-07
L0190,2025-05-08
L0190,2025-05-09
L0190,2025-05-10
L0190,2025-05-11
L0190,2025-05-12
L0190,2025-05-13
L0190,2025-05-14
L0190,2025-05-15
L0190,2025-05-16
L0190,2025-05-17
L0190,2025-05-18
L0190,2025-05-19
L0190,2025-05-20
L0190,2025-05-21
L0190,2025-05-22
L0190,2025-05-23
L0190,2025-05-24
L0190,2025-05-25
L0190,2025-05-26
L0190,2025-05-27
L0190,2025-05-28
L0190,2025-05-29
L0190,2025-05-30
L0190,2025-05-31
L0190,2025-06-01
L0190,2025-06-02
L0190,2025-06-03
L0190,2025-06-04
L0190,2025-06-05
L0190,2025-06-06
L0190,2025-06-07
L0190,2025-06-08
L0190,2025-06-09
L0190,2025-06-10
L0190,2025-06-11
L0190,2025-06-12
L0190,2025-06-13
L0190,2025-06-14
L0190,2025-06-15
L0190,2025-06-16
L0190,2025-06-17
L0190,2025-06-18
L0190,2025-06-19
L0190,2025-06-20
L0190,2025-06-21
L0190,2025-06-22
L0190,2025-06-23
L0190,2025-06-24
L0190,2025-06-25
L0190,2025-06-26
L0190,2025-06-27
L0190,2025-06-28
L0190,2025-06-29
L0191,2025-01-01
L0191,2025-01-02
L0191,2025-01-03
L0191,2025-01-04
L0191,2025-01-05
L0191,2025-01-06
L0191,2025-01-07
L0191,2025-01-08
L0191,2025-01-09
L0191,2025-01-10
L0191,2025-01-11
L0191,2025-01-12
L0191,2025-01-13
L0191,2025-01-14
L0191,2025-01-15
L0191,2025-01-16
L0191,2025-01-17
L0191,2025-01-18
L0191,2025-01-19
L0191,2025-01-20
L0191,2025-01-21
L0191,2025-01-22
L0191,2025-01-23
L0191,2025-01-24
L0191,2025-01-25
L0191,2025-01-26
L0191,2025-01-27
L0191,2025-01-28
L0191,2025-01-29
L0191,2025-01-30
L0191,2025-01-31
L0191,2025-02-01
L0191,2025-02-02
L0191,2025-02-03
L0191,2025-02-04
L0191,2025-02-05
L0191,2025-02-06
L0191,2025-02-07
L0191,2025-02-08
L0191,2025-02-09
L0191,2025-02-10
L0191,2025-02-11
L0191,2025-02-12
L0191,2025-02-13
L0191,2025-02-14
L0191,2025-02-15
L0191,2025-02-16
L0191,2025-02-17
L0191,2025-02-18
L0191,2025-02-19
L0191,2025-02-20
L0191,2025-02-21
L0191,2025-02-22
L0191,2025-02-23
L0191,2025-02-24
L0191,2025-02-25
L0191,2025-02-26
L0191,2025-02-27
L0191,2025-02-28
L0191,2025-03-01
L0191,2025-03-02
L0191,2025-03-03
L0191,2025-03-04
L0191,2025-03-05
L0191,2025-03-06
L0191,2025-03-07
L0191,2025-03-08
L0191,2025-03-09
L0191,2025-03-10
L0191,2025-03-11
L0191,2025-03-12
L0191,2025-03-13
L0191,2025-03-14
L0191,2025-03-15
L0191,2025-03-16
L0191,2025-03-17
L0191,2025-03-18
L0191,2025-03-19
L0191,2025-03-20
L0191,2025-03-21
L0191,2025-03-22
L0191,2025-03-23
L0191,2025-03-24
L0191,2025-03-25
L0191,2025-03-26
L0191,2025-03-27
L0191,2025-03-28
L0191,2025-03-29
L0191,2025-03-30
L0191,2025-03-31
L0191,2025-04-01
L0191,2025-04-02
L0191,2025-04-03
L0191,2025-04-04
L0191,2025-04-05
L0191,2025-04-06
L0191,2025-04-07
L0191,2025-04-08
L0191,2025-04-09
L0191,2025-04-10
L0191,2025-04-11
L0191,2025-04-12
L0191,2025-04-13
L0191,2025-04-14
L0191,2025-04-15
L0191,2025-04-16
L0191,2025-04-17
L0191,2025-04-18
L0191,2025-04-19
L0191,2025-04-20
L0191,2025-04-21
L0191,2025-04-22
L0191,2025-04-23
L0191,2025-04-24
L0191,2025-04-25
L0191,2025-04-26
L0191,2025-04-27
L0191,2025-04-28
L0191,2025-04-29
L0191,2025-04-30
L0191,2025-05-01
L0191,2025-05-02
L0191,2025-05-03
L0191,2025-05-04
L0191,2025-05-05
L0191,2025-05-06
L0191,2025-05-07
L0191,2025-05-08
L0191,2025-05-09
L0191,2025-05-10
L0191,2025-05-11
L0191,2025-05-12
L0191,2025-05-13
L0191,2025-05-14
L0191,2025-05-15
L0191,2025-05-16
L0191,2025-05-17
L0191,2025-05-18
L0191,2025-05-19
L0191,2025-05-20
L0191,2025-05-21
L0191,2025-05-22
L0191,2025-05-23
L0191,2025-05-24
L0191,2025-05-25
L0191,2025-05-26
L0191,2025-05-27
L0191,2025-05-28
L0191,2025-05-29
L0191,2025-05-30
L0191,2025-05-31
L0191,2025-06-01
L0191,2025-06-02
L0191,2025-06-03
L0191,2025-06-04
L0191,2025-06-05
L0191,2025-06-06
L0191,2025-06-07
L0191,2025-06-08
L0191,2025-06-09
L0191,2025-06-10
L0191,2025-06-11
L0191,2025-06-12
L0191,2025-06-13
L0191,2025-06-14
L0191,2025-06-15
L0191,2025-06-16
L0191,2025-06-17
L0191,2025-06-18
L0191,2025-06-19
L0191,2025-06-20
L0191,2025-06-21
L0191,2025-06-22
L0191,2025-06-23
L0191,2025-06-24
L0191,2025-06-25
L0191,2025-06-26
L0191,2025-06-27
L0191,2025-06-28
L0191,2025-06-29
L0192,2025-01-01
L0192,2025-01-02
L0192,2025-01-03
L0192,2025-01-04
L0192,2025-01-05
L0192,2025-01-06
L0192,2025-01-07
L0192,2025-01-08
L0192,2025-01-09
L0192,2025-01-10
L0192,2025-01-11
L0192,2025-01-12
L0192,2025-01-13
L0192,2025-01-14
L0192,2025-01-15
L0192,2025-01-16
L0192,2025-01-17
L0192,2025-01-18
L0192,2025-01-19
L0192,2025-01-20
L0192,2025-01-21
L0192,2025-01-22
L0192,2025-01-23
L0192,2025-01-24
L0192,2025-01-25
L0192,2025-01-26
L0192,2025-01-27
L0192,2025-01-28
L0192,2025-01-29
L0192,2025-01-30
L0192,2025-01-31
L0192,2025-02-01
L0192,2025-02-02
L0192,2025-02-03
L0192,2025-02-04
L0192,2025-02-05
L0192,2025-02-06
L0192,2025-02-07
L0192,2025-02-08
L0192,2025-02-09
L0192,2025-02-10
L0192,2025-02-11
L0192,2025-02-12
L0192,2025-02-13
L0192,2025-02-14
L0192,2025-02-15
L0192,2025-02-16
L0192,2025-02-17
L0192,2025-02-18
L0192,2025-02-19
L0192,2025-02-20
L0192,2025-02-21
L0192,2025-02-22
L0192,2025-02-23
L0192,2025-02-24
L0192,2025-02-25
L0192,2025-02-26
L0192,2025-02-27
L0192,2025-02-28
L0192,2025-03-01
L0192,2025-03-02
L0192,2025-03-03
L0192,2025-03-04
L0192,2025-03-05
L0192,2025-03-06
L0192,2025-03-07
L0192,2025-03-08
L0192,2025-03-09
L0192,2025-03-10
L0192,2025-03-11
L0192,2025-03-12
L0192,2025-03-13
L0192,2025-03-14
L0192,2025-03-15
L0192,2025-03-16
L0192,2025-03-17
L0192,2025-03-18
L0192,2025-03-19
L0192,2025-03-20
L0192,2025-03-21
L0192,2025-03-22
L0192,2025-03-23
L0192,2025-03-24
L0192,2025-03-25
L0192,2025-03-26
L0192,2025-03-27
L0192,2025-03-28
L0192,2025-03-29
L0192,2025-03-30
L0192,2025-03-31
L0192,2025-04-01
L0192,2025-04-02
L0192,2025-04-03
L0192,2025-04-04
L0192,2025-04-05
L0192,2025-04-06
L0192,2025-04-07
L0192,2025-04-08
L0192,2025-04-09
L0192,2025-04-10
L0192,2025-04-11
L0192,2025-04-12
L0192,2025-04-13
L0192,2025-04-14
L0192,2025-04-15
L0192,2025-04-16
L0192,2025-04-17
L0192,2025-04-18
L0192,2025-04-19
L0192,2025-04-20
L0192,2025-04-21
L0192,2025-04-22
L0192,2025-04-23
L0192,2025-04-24
L0192,2025-04-25
L0192,2025-04-26
L0192,2025-04-27
L0192,2025-04-28
L0192,2025-04-29
L0192,2025-04-30
L0192,2025-05-01
L0192,2025-05-02
L0192,2025-05-03
L0192,2025-05-04
L0192,2025-05-05
L0192,2025-05-06
L0192,2025-05-07
L0192,2025-05-08
L0192,2025-05-09
L0192,2025-05-10
L0192,2025-05-11
L0192,2025-05-12
L0192,2025-05-13
L0192,2025-05-14
L0192,2025-05-15
L0192,2025-05-16
L0192,2025-05-17
L0192,2025-05-18
L0192,2025-05-19
L0192,2025-05-20
L0192,2025-05-21
L0192,2025-05-22
L0192,2025-05-23
L0192,2025-05-24
L0192,2025-05-25
L0192,2025-05-26
L0192,2025-05-27
L0192,2025-05-28
L0192,2025-05-29
L0192,2025-05-30
L0192,2025-05-31
L0192,2025-06-01
L0192,2025-06-02
L0192,2025-06-03
L0192,2025-06-04
L0192,2025-06-05
L0192,2025-06-06
L0192,2025-06-07
L0192,2025-06-08
L0192,2025-06-09
L0192,2025-06-10
L0192,2025-06-11
L0192,2025-06-12
L0192,2025-06-13
L0192,2025-06-14
L0192,2025-06-15
L0192,2025-06-16
L0192,2025-06-17
L0192,2025-06-18
L0192,2025-06-19
L0192,2025-06-20
L0192,2025-06-21
L0192,2025-06-22
L0192,2025-06-23
L0192,2025-06-24
L0192,2025-06-25
L0192,2025-06-26
L0192,2025-06-27
L0192,2025-06-28
L0192,2025-06-29
L0193,2025-01-01
L0193,2025-01-02
L0193,2025-01-03
L0193,2025-01-04
L0193,2025-01-05
L0193,2025-01-06
L0193,2025-01-07
L0193,2025-01-08
L0193,2025-01-09
L0193,2025-01-10
L0193,2025-01-11
L0193,2025-01-12
L0193,2025-01-13
L0193,2025-01-14
L0193,2025-01-15
L0193,2025-01-16
L0193,2025-01-17
L0193,2025-01-18
L0193,2025-01-19
L0193,2025-01-20
L0193,2025-01-21
L0193,2025-01-22
L0193,2025-01-23
L0193,2025-01-24
L0193,2025-01-25
L0193,2025-01-26
L0193,2025-01-27
L0193,2025-01-28
L0193,2025-01-29
L0193,2025-01-30
L0193,2025-01-31
L0193,2025-02-01
L0193,2025-02-02
L0193,2025-02-03
L0193,2025-02-04
L0193,2025-02-05
L0193,2025-02-06
L0193,2025-02-07
L0193,2025-02-08
L0193,2025-02-09
L0193,2025-02-10
L0193,2025-02-11
L0193,2025-02-12
L0193,2025-02-13
L0193,2025-02-14
L0193,2025-02-15
L0193,2025-02-16
L0193,2025-02-17
L0193,2025-02-18
L0193,2025-02-19
L0193,2025-02-20
L0193,2025-02-21
L0193,2025-02-22
L0193,2025-02-23
L0193,2025-02-24
L0193,2025-02-25
L0193,2025-02-26
L0193,2025-02-27
L0193,2025-02-28
L0193,2025-03-01
L0193,2025-03-02
L0193,2025-03-03
L0193,2025-03-04
L0193,2025-03-05
L0193,2025-03-06
L0193,2025-03-07
L0193,2025-03-08
L0193,2025-03-09
L0193,2025-03-10
L0193,2025-03-11
L0193,2025-03-12
L0193,2025-03-13
L0193,2025-03-14
L0193,2025-03-15
L0193,2025-03-16
L0193,2025-03-17
L0193,2025-03-18
L0193,2025-03-19
L0193,2025-03-20
L0193,2025-03-21
L0193,2025-03-22
L0193,2025-03-23
L0193,2025-03-24
L0193,2025-03-25
L0193,2025-03-26
L0193,2025-03-27
L0193,2025-03-28
L0193,2025-03-29
L0193,2025-03-30
L0193,2025-03-31
L0193,2025-04-01
L0193,2025-04-02
L0193,2025-04-03
L0193,2025-04-04
L0193,2025-04-05
L0193,2025-04-06
L0193,2025-04-07
L0193,2025-04-08
L0193,2025-04-09
L0193,2025-04-10
L0193,2025-04-11
L0193,2025-04-12
L0193,2025-04-13
L0193,2025-04-14
L0193,2025-04-15
L0193,2025-04-16
L0193,2025-04-17
L0193,2025-04-18
L0193,2025-04-19
L0193,2025-04-20
L0193,2025-04-21
L0193,2025-04-22
L0193,2025-04-23
L0193,2025-04-24
L0193,2025-04-25
L0193,2025-04-26
L0193,2025-04-27
L0193,2025-04-28
L0193,2025-04-29
L0193,2025-04-30
L0193,2025-05-01
L0193,2025-05-02
L0193,2025-05-03
L0193,2025-05-04
L0193,2025-05-05
L0193,2025-05-06
L0193,2025-05-07
L0193,2025-05-08
L0193,2025-05-09
L0193,2025-05-10
L0193,2025-05-11
L0193,2025-05-12
L0193,2025-05-13
L0193,2025-05-14
L0193,2025-05-15
L0193,2025-05-16
L0193,2025-05-17
L0193,2025-05-18
L0193,2025-05-19
L0193,2025-05-20
L0193,2025-05-21
L0193,2025-05-22
L0193,2025-05-23
L0193,2025-05-24
L0193,2025-05-25
L0193,2025-05-26
L0193,2025-05-27
L0193,2025-05-28
L0193,2025-05-29
L0193,2025-05-30
L0193,2025-05-31
L0193,2025-06-01
L0193,2025-06-02
L0193,2025-06-03
L0193,2025-06-04
L0193,2025-06-05
L0193,2025-06-06
L0193,2025-06-07
L0193,2025-06-08
L0193,2025-06-09
L0193,2025-06-10
L0193,2025-06-11
L0193,2025-06-12
L0193,2025-06-13
L0193,2025-06-14
L0193,2025-06-15
L0193,2025-06-16
L0193,2025-06-17
L0193,2025-06-18
L0193,2025-06-19
L0193,2025-06-20
L0193,2025-06-21
L0193,2025-06-22
L0193,2025-06-23
L0193,2025-06-24
L0193,2025-06-25
L0193,2025-06-26
L0193,2025-06-27
L0193,2025-06-28
L0193,2025-06-29
L0194,2025-01-01
L0194,2025-01-02
L0194,2025-01-03
L0194,2025-01-04
L0194,2025-01-05
L0194,2025-01-06
L0194,2025-01-07
L0194,2025-01-08
L0194,2025-01-09
L0194,2025-01-10
L0194,2025-01-11
L0194,2025-01-12
L0194,2025-01-13
L0194,2025-01-14
L0194,2025-01-15
L0194,2025-01-16
L0194,2025-01-17
L0194,2025-01-18
L0194,2025-01-19
L0194,2025-01-20
L0194,2025-01-21
L0194,2025-01-22
L0194,2025-01-23
L0194,2025-01-24
L0194,2025-01-25
L0194,2025-01-26
L0194,2025-01-27
L0194,2025-01-28
L0194,2025-01-29
L0194,2025-01-30
L0194,2025-01-31
L0194,2025-02-01
L0194,2025-02-02
L0194,2025-02-03
L0194,2025-02-04
L0194,2025-02-05
L0194,2025-02-06
L0194,2025-02-07
L0194,2025-02-08
L0194,2025-02-09
L0194,2025-02-10
L0194,2025-02-11
L0194,2025-02-12
L0194,2025-02-13
L0194,2025-02-14
L0194,2025-02-15
L0194,2025-02-16
L0194,2025-02-17
L0194,2025-02-18
L0194,2025-02-19
L0194,2025-02-20
L0194,2025-02-21
L0194,2025-02-22
L0194,2025-02-23
L0194,2025-02-24
L0194,2025-02-25
L0194,2025-02-26
L0194,2025-02-27
L0194,2025-02-28
L0194,2025-03-01
L0194,2025-03-02
L0194,2025-03-03
L0194,2025-03-04
L0194,2025-03-05
L0194,2025-03-06
L0194,2025-03-07
L0194,2025-03-08
L0194,2025-03-09
L0194,2025-03-10
L0194,2025-03-11
L0194,2025-03-12
L0194,2025-03-13
L0194,2025-03-14
L0194,2025-03-15
L0194,2025-03-16
L0194,2025-03-17
L0194,2025-03-18
L0194,2025-03-19
L0194,2025-03-20
L0194,2025-03-21
L0194,2025-03-22
L0194,2025-03-23
L0194,2025-03-24
L0194,2025-03-25
L0194,2025-03-26
L0194,2025-03-27
L0194,2025-03-28
L0194,2025-03-29
L0194,2025-03-30
L0194,2025-03-31
L0194,2025-04-01
L0194,2025-04-02
L0194,2025-04-03
L0194,2025-04-04
L0194,2025-04-05
L0194,2025-04-06
L0194,2025-04-07
L0194,2025-04-08
L0194,2025-04-09
L0194,2025-04-10
L0194,2025-04-11
L0194,2025-04-12
L0194,2025-04-13
L0194,2025-04-14
L0194,2025-04-15
L0194,2025-04-16
L0194,2025-04-17
L0194,2025-04-18
L0194,2025-04-19
L0194,2025-04-20
L0194,2025-04-21
L0194,2025-04-22
L0194,2025-04-23
L0194,2025-04-24
L0194,2025-04-25
L0194,2025-04-26
L0194,2025-04-27
L0194,2025-04-28
L0194,2025-04-29
L0194,2025-04-30
L0194,2025-05-01
L0194,2025-05-02
L0194,2025-05-03
L0194,2025-05-04
L0194,2025-05-05
L0194,2025-05-06
L0194,2025-05-07
L0194,2025-05-08
L0194,2025-05-09
L0194,2025-05-10
L0194,2025-05-11
L0194,2025-05-12
L0194,2025-05-13
L0194,2025-05-14
L0194,2025-05-15
L0194,2025-05-16
L0194,2025-05-17
L0194,2025-05-18
L0194,2025-05-19
L0194,2025-05-20
L0194,2025-05-21
L0194,2025-05-22
L0194,2025-05-23
L0194,2025-05-24
L0194,2025-05-25
L0194,2025-05-26
L0194,2025-05-27
L0194,2025-05-28
L0194,2025-05-29
L0194,2025-05-30
L0194,2025-05-31
L0194,2025-06-01
L0194,2025-06-02
L0194,2025-06-03
L0194,2025-06-04
L0194,2025-06-05
L0194,2025-06-06
L0194,2025-06-07
L0194,2025-06-08
L0194,2025-06-09
L0194,2025-06-10
L0194,2025-06-11
L0194,2025-06-12
L0194,2025-06-13
L0194,2025-06-14
L0194,2025-06-15
L0194,2025-06-16
L0194,2025-06-17
L0194,2025-06-18
L0194,2025-06-19
L0194,2025-06-20
L0194,2025-06-21
L0194,2025-06-22
L0194,2025-06-23
L0194,2025-06-24
L0194,2025-06-25
L0194,2025-06-26
L0194,2025-06-27
L0194,2025-06-28
L0194,2025-06-29
L0195,2025-01-01
L0195,2025-01-02
L0195,2025-01-03
L0195,2025-01-04
L0195,2025-01-05
L0195,2025-01-06
L0195,2025-01-07
L0195,2025-01-08
L0195,2025-01-09
L0195,2025-01-10
L0195,2025-01-11
L0195,2025-01-12
L0195,2025-01-13
L0195,2025-01-14
L0195,2025-01-15
L0195,2025-01-16
L0195,2025-01-17
L0195,2025-01-18
L0195,2025-01-19
L0195,2025-01-20
L0195,2025-01-21
L0195,2025-01-22
L0195,2025-01-23
L0195,2025-01-24
L0195,2025-01-25
L0195,2025-01-26
L0195,2025-01-27
L0195,2025-01-28
L0195,2025-01-29
L0195,2025-01-30
L0195,2025-01-31
L0195,2025-02-01
L0195,2025-02-02
L0195,2025-02-03
L0195,2025-02-04
L0195,2025-02-05
L0195,2025-02-06
L0195,2025-02-07
L0195,2025-02-08
L0195,2025-02-09
L0195,2025-02-10
L0195,2025-02-11
L0195,2025-02-12
L0195,2025-02-13
L0195,2025-02-14
L0195,2025-02-15
L0195,2025-02-16
L0195,2025-02-17
L0195,2025-02-18
L0195,2025-02-19
L0195,2025-02-20
L0195,2025-02-21
L0195,2025-02-22
L0195,2025-02-23
L0195,2025-02-24
L0195,2025-02-25
L0195,2025-02-26
L0195,2025-02-27
L0195,2025-02-28
L0195,2025-03-01
L0195,2025-03-02
L0195,2025-03-03
L0195,2025-03-04
L0195,2025-03-05
L0195,2025-03-06
L0195,2025-03-07
L0195,2025-03-08
L0195,2025-03-09
L0195,2025-03-10
L0195,2025-03-11
L0195,2025-03-12
L0195,2025-03-13
L0195,2025-03-14
L0195,2025-03-15
L0195,2025-03-16
L0195,2025-03-17
L0195,2025-03-18
L0195,2025-03-19
L0195,2025-03-20
L0195,2025-03-21
L0195,2025-03-22
L0195,2025-03-23
L0195,2025-03-24
L0195,2025-03-25
L0195,2025-03-26
L0195,2025-03-27
L0195,2025-03-28
L0195,2025-03-29
L0195,2025-03-30
L0195,2025-03-31
L0195,2025-04-01
L0195,2025-04-02
L0195,2025-04-03
L0195,2025-04-04
L0195,2025-04-05
L0195,2025-04-06
L0195,2025-04-07
L0195,2025-04-08
L0195,2025-04-09
L0195,2025-04-10
L0195,2025-04-11
L0195,2025-04-12
L0195,2025-04-13
L0195,2025-04-14
L0195,2025-04-15
L0195,2025-04-16
L0195,2025-04-17
L0195,2025-04-18
L0195,2025-04-19
L0195,2025-04-20
L0195,2025-04-21
L0195,2025-04-22
L0195,2025-04-23
L0195,2025-04-24
L0195,2025-04-25
L0195,2025-04-26
L0195,2025-04-27
L0195,2025-04-28
L0195,2025-04-29
L0195,2025-04-30
L0195,2025-05-01
L0195,2025-05-02
L0195,2025-05-03
L0195,2025-05-04
L0195,2025-05-05
L0195,2025-05-06
L0195,2025-05-07
L0195,2025-05-08
L0195,2025-05-09
L0195,2025-05-10
L0195,2025-05-11
L0195,2025-05-12
L0195,2025-05-13
L0195,2025-05-14
L0195,2025-05-15
L0195,2025-05-16
L0195,2025-05-17
L0195,2025-05-18
L0195,2025-05-19
L0195,2025-05-20
L0195,2025-05-21
L0195,2025-05-22
L0195,2025-05-23
L0195,2025-05-24
L0195,2025-05-25
L0195,2025-05-26
L0195,2025-05-27
L0195,2025-05-28
L0195,2025-05-29
L0195,2025-05-30
L0195,2025-05-31
L0195,2025-06-01
L0195,2025-06-02
L0195,2025-06-03
L0195,2025-06-04
L0195,2025-06-05
L0195,2025-06-06
L0195,2025-06-07
L0195,2025-06-08
L0195,2025-06-09
L0195,2025-06-10
L0195,2025-06-11
L0195,2025-06-12
L0195,2025-06-13
L0195,2025-06-14
L0195,2025-06-15
L0195,2025-06-16
L0195,2025-06-17
L0195,2025-06-18
L0195,2025-06-19
L0195,2025-06-20
L0195,2025-06-21
L0195,2025-06-22
L0195,2025-06-23
L0195,2025-06-24
L0195,2025-06-25
L0195,2025-06-26
L0195,2025-06-27
L0195,2025-06-28
L0195,2025-06-29
L0196,2025-01-01
L0196,2025-01-02
L0196,2025-01-03
L0196,2025-01-04
L0196,2025-01-05
L0196,2025-01-06
L0196,2025-01-07
L0196,2025-01-08
L0196,2025-01-09
L0196,2025-01-10
L0196,2025-01-11
L0196,2025-01-12
L0196,2025-01-13
L0196,2025-01-14
L0196,2025-01-15
L0196,2025-01-16
L0196,2025-01-17
L0196,2025-01-18
L0196,2025-01-19
L0196,2025-01-20
L0196,2025-01-21
L0196,2025-01-22
L0196,2025-01-23
L0196,2025-01-24
L0196,2025-01-25
L0196,2025-01-26
L0196,2025-01-27
L0196,2025-01-28
L0196,2025-01-29
L0196,2025-01-30
L0196,2025-01-31
L0196,2025-02-01
L0196,2025-02-02
L0196,2025-02-03
L0196,2025-02-04
L0196,2025-02-05
L0196,2025-02-06
L0196,2025-02-07
L0196,2025-02-08
L0196,2025-02-09
L0196,2025-02-10
L0196,2025-02-11
L0196,2025-02-12
L0196,2025-02-13
L0196,2025-02-14
L0196,2025-02-15
L0196,2025-02-16
L0196,2025-02-17
L0196,2025-02-18
L0196,2025-02-19
L0196,2025-02-20
L0196,2025-02-21
L0196,2025-02-22
L0196,2025-02-23
L0196,2025-02-24
L0196,2025-02-25
L0196,2025-02-26
L0196,2025-02-27
L0196,2025-02-28
L0196,2025-03-01
L0196,2025-03-02
L0196,2025-03-03
L0196,2025-03-04
L0196,2025-03-05
L0196,2025-03-06
L0196,2025-03-07
L0196,2025-03-08
L0196,2025-03-09
L0196,2025-03-10
L0196,2025-03-11
L0196,2025-03-12
L0196,2025-03-13
L0196,2025-03-14
L0196,2025-03-15
L0196,2025-03-16
L0196,2025-03-17
L0196,2025-03-18
L0196,2025-03-19
L0196,2025-03-20
L0196,2025-03-21
L0196,2025-03-22
L0196,2025-03-23
L0196,2025-03-24
L0196,2025-03-25
L0196,2025-03-26
L0196,2025-03-27
L0196,2025-03-28
L0196,2025-03-29
L0196,2025-03-30
L0196,2025-03-31
L0196,2025-04-01
L0196,2025-04-02
L0196,2025-04-03
L0196,2025-04-04
L0196,2025-04-05
L0196,2025-04-06
L0196,2025-04-07
L0196,2025-04-08
L0196,2025-04-09
L0196,2025-04-10
L0196,2025-04-11
L0196,2025-04-12
L0196,2025-04-13
L0196,2025-04-14
L0196,2025-04-15
L0196,2025-04-16
L0196,2025-04-17
L0196,2025-04-18
L0196,2025-04-19
L0196,2025-04-20
L0196,2025-04-21
L0196,2025-04-22
L0196,2025-04-23
L0196,2025-04-24
L0196,2025-04-25
L0196,2025-04-26
L0196,2025-04-27
L0196,2025-04-28
L0196,2025-04-29
L0196,2025-04-30
L0196,2025-05-01
L0196,2025-05-02
L0196,2025-05-03
L0196,2025-05-04
L0196,2025-05-05
L0196,2025-05-06
L0196,2025-05-07
L0196,2025-05-08
L0196,2025-05-09
L0196,2025-05-10
L0196,2025-05-11
L0196,2025-05-12
L0196,2025-05-13
L0196,2025-05-14
L0196,2025-05-15
L0196,2025-05-16
L0196,2025-05-17
L0196,2025-05-18
L0196,2025-05-19
L0196,2025-05-20
L0196,2025-05-21
L0196,2025-05-22
L0196,2025-05-23
L0196,2025-05-24
L0196,2025-05-25
L0196,2025-05-26
L0196,2025-05-27
L0196,2025-05-28
L0196,2025-05-29
L0196,2025-05-30
L0196,2025-05-31
L0196,2025-06-01
L0196,2025-06-02
L0196,2025-06-03
L0196,2025-06-04
L0196,2025-06-05
L0196,2025-06-06
L0196,2025-06-07
L0196,2025-06-08
L0196,2025-06-09
L0196,2025-06-10
L0196,2025-06-11
L0196,2025-06-12
L0196,2025-06-13
L0196,2025-06-14
L0196,2025-06-15
L0196,2025-06-16
L0196,2025-06-17
L0196,2025-06-18
L0196,2025-06-19
L0196,2025-06-20
L0196,2025-06-21
L0196,2025-06-22
L0196,2025-06-23
L0196,2025-06-24
L0196,2025-06-25
L0196,2025-06-26
L0196,2025-06-27
L0196,2025-06-28
L0196,2025-06-29
L0197,2025-01-01
L0197,2025-01-02
L0197,2025-01-03
L0197,2025-01-04
L0197,2025-01-05
L0197,2025-01-06
L0197,2025-01-07
L0197,2025-01-08
L0197,2025-01-09
L0197,2025-01-10
L0197,2025-01-11
L0197,2025-01-12
L0197,2025-01-13
L0197,2025-01-14
L0197,2025-01-15
L0197,2025-01-16
L0197,2025-01-17
L0197,2025-01-18
L0197,2025-01-19
L0197,2025-01-20
L0197,2025-01-21
L0197,2025-01-22
L0197,2025-01-23
L0197,2025-01-24
L0197,2025-01-25
L0197,2025-01-26
L0197,2025-01-27
L0197,2025-01-28
L0197,2025-01-29
L0197,2025-01-30
L0197,2025-01-31
L0197,2025-02-01
L0197,2025-02-02
L0197,2025-02-03
L0197,2025-02-04
L0197,2025-02-05
L0197,2025-02-06
L0197,2025-02-07
L0197,2025-02-08
L0197,2025-02-09
L0197,2025-02-10
L0197,2025-02-11
L0197,2025-02-12
L0197,2025-02-13
L0197,2025-02-14
L0197,2025-02-15
L0197,2025-02-16
L0197,2025-02-17
L0197,2025-02-18
L0197,2025-02-19
L0197,2025-02-20
L0197,2025-02-21
L0197,2025-02-22
L0197,2025-02-23
L0197,2025-02-24
L0197,2025-02-25
L0197,2025-02-26
L0197,2025-02-27
L0197,2025-02-28
L0197,2025-03-01
L0197,2025-03-02
L0197,2025-03-03
L0197,2025-03-04
L0197,2025-03-05
L0197,2025-03-06
L0197,2025-03-07
L0197,2025-03-08
L0197,2025-03-09
L0197,2025-03-10
L0197,2025-03-11
L0197,2025-03-12
L0197,2025-03-13
L0197,2025-03-14
L0197,2025-03-15
L0197,2025-03-16
L0197,2025-03-17
L0197,2025-03-18
L0197,2025-03-19
L0197,2025-03-20
L0197,2025-03-21
L0197,2025-03-22
L0197,2025-03-23
L0197,2025-03-24
L0197,2025-03-25
L0197,2025-03-26
L0197,2025-03-27
L0197,2025-03-28
L0197,2025-03-29
L0197,2025-03-30
L0197,2025-03-31
L0197,2025-04-01
L0197,2025-04-02
L0197,2025-04-03
L0197,2025-04-04
L0197,2025-04-05
L0197,2025-04-06
L0197,2025-04-07
L0197,2025-04-08
L0197,2025-04-09
L0197,2025-04-10
L0197,2025-04-11
L0197,2025-04-12
L0197,2025-04-13
L0197,2025-04-14
L0197,2025-04-15
L0197,2025-04-16
L0197,2025-04-17
L0197,2025-04-18
L0197,2025-04-19
L0197,2025-04-20
L0197,2025-04-21
L0197,2025-04-22
L0197,2025-04-23
L0197,2025-04-24
L0197,2025-04-25
L0197,2025-04-26
L0197,2025-04-27
L0197,2025-04-28
L0197,2025-04-29
L0197,2025-04-30
L0197,2025-05-01
L0197,2025-05-02
L0197,2025-05-03
L0197,2025-05-04
L0197,2025-05-05
L0197,2025-05-06
L0197,2025-05-07
L0197,2025-05-08
L0197,2025-05-09
L0197,2025-05-10
L0197,2025-05-11
L0197,2025-05-12
L0197,2025-05-13
L0197,2025-05-14
L0197,2025-05-15
L0197,2025-05-16
L0197,2025-05-17
L0197,2025-05-18
L0197,2025-05-19
L0197,2025-05-20
L0197,2025-05-21
L0197,2025-05-22
L0197,2025-05-23
L0197,2025-05-24
L0197,2025-05-25
L0197,2025-05-26
L0197,2025-05-27
L0197,2025-05-28
L0197,2025-05-29
L0197,2025-05-30
L0197,2025-05-31
L0197,2025-06-01
L0197,2025-06-02
L0197,2025-06-03
L0197,2025-06-04
L0197,2025-06-05
L0197,2025-06-06
L0197,2025-06-07
L0197,2025-06-08
L0197,2025-06-09
L0197,2025-06-10
L0197,2025-06-11
L0197,2025-06-12
L0197,2025-06-13
L0197,2025-06-14
L0197,2025-06-15
L0197,2025-06-16
L0197,2025-06-17
L0197,2025-06-18
L0197,2025-06-19
L0197,2025-06-20
L0197,2025-06-21
L0197,2025-06-22
L0197,2025-06-23
L0197,2025-06-24
L0197,2025-06-25
L0197,2025-06-26
L0197,2025-06-27
L0197,2025-06-28
L0197,2025-06-29
L0198,2025-01-01
L0198,2025-01-02
L0198,2025-01-03
L0198,2025-01-04
L0198,2025-01-05
L0198,2025-01-06
L0198,2025-01-07
L0198,2025-01-08
L0198,2025-01-09
L0198,2025-01-10
L0198,2025-01-11
L0198,2025-01-12
L0198,2025-01-13
L0198,2025-01-14
L0198,2025-01-15
L0198,2025-01-16
L0198,2025-01-17
L0198,2025-01-18
L0198,2025-01-19
L0198,2025-01-20
L0198,2025-01-21
L0198,2025-01-22
L0198,2025-01-23
L0198,2025-01-24
L0198,2025-01-25
L0198,2025-01-26
L0198,2025-01-27
L0198,2025-01-28
L0198,2025-01-29
L0198,2025-01-30
L0198,2025-01-31
L0198,2025-02-01
L0198,2025-02-02
L0198,2025-02-03
L0198,2025-02-04
L0198,2025-02-05
L0198,2025-02-06
L0198,2025-02-07
L0198,2025-02-08
L0198,2025-02-09
L0198,2025-02-10
L0198,2025-02-11
L0198,2025-02-12
L0198,2025-02-13
L0198,2025-02-14
L0198,2025-02-15
L0198,2025-02-16
L0198,2025-02-17
L0198,2025-02-18
L0198,2025-02-19
L0198,2025-02-20
L0198,2025-02-21
L0198,2025-02-22
L0198,2025-02-23
L0198,2025-02-24
L0198,2025-02-25
L0198,2025-02-26
L0198,2025-02-27
L0198,2025-02-28
L0198,2025-03-01
L0198,2025-03-02
L0198,2025-03-03
L0198,2025-03-04
L0198,2025-03-05
L0198,2025-03-06
L0198,2025-03-07
L0198,2025-03-08
L0198,2025-03-09
L0198,2025-03-10
L0198,2025-03-11
L0198,2025-03-12
L0198,2025-03-13
L0198,2025-03-14
L0198,2025-03-15
L0198,2025-03-16
L0198,2025-03-17
L0198,2025-03-18
L0198,2025-03-19
L0198,2025-03-20
L0198,2025-03-21
L0198,2025-03-22
L0198,2025-03-23
L0198,2025-03-24
L0198,2025-03-25
L0198,2025-03-26
L0198,2025-03-27
L0198,2025-03-28
L0198,2025-03-29
L0198,2025-03-30
L0198,2025-03-31
L0198,2025-04-01
L0198,2025-04-02
L0198,2025-04-03
L0198,2025-04-04
L0198,2025-04-05
L0198,2025-04-06
L0198,2025-04-07
L0198,2025-04-08
L0198,2025-04-09
L0198,2025-04-10
L0198,2025-04-11
L0198,2025-04-12
L0198,2025-04-13
L0198,2025-04-14
L0198,2025-04-15
L0198,2025-04-16
L0198,2025-04-17
L0198,2025-04-18
L0198,2025-04-19
L0198,2025-04-20
L0198,2025-04-21
L0198,2025-04-22
L0198,2025-04-23
L0198,2025-04-24
L0198,2025-04-25
L0198,2025-04-26
L0198,2025-04-27
L0198,2025-04-28
L0198,2025-04-29
L0198,2025-04-30
L0198,2025-05-01
L0198,2025-05-02
L0198,2025-05-03
L0198,2025-05-04
L0198,2025-05-05
L0198,2025-05-06
L0198,2025-05-07
L0198,2025-05-08
L0198,2025-05-09
L0198,2025-05-10
L0198,2025-05-11
L0198,2025-05-12
L0198,2025-05-13
L0198,2025-05-14
L0198,2025-05-15
L0198,2025-05-16
L0198,2025-05-17
L0198,2025-05-18
L0198,2025-05-19
L0198,2025-05-20
L0198,2025-05-21
L0198,2025-05-22
L0198,2025-05-23
L0198,2025-05-24
L0198,2025-05-25
L0198,2025-05-26
L0198,2025-05-27
L0198,2025-05-28
L0198,2025-05-29
L0198,2025-05-30
L0198,2025-05-31
L0198,2025-06-01
L0198,2025-06-02
L0198,2025-06-03
L0198,2025-06-04
L0198,2025-06-05
L0198,2025-06-06
L0198,2025-06-07
L0198,2025-06-08
L0198,2025-06-09
L0198,2025-06-10
L0198,2025-06-11
L0198,2025-06-12
L0198,2025-06-13
L0198,2025-06-14
L0198,2025-06-15
L0198,2025-06-16
L0198,2025-06-17
L0198,2025-06-18
L0198,2025-06-19
L0198,2025-06-20
L0198,2025-06-21
L0198,2025-06-22
L0198,2025-06-23
L0198,2025-06-24
L0198,2025-06-25
L0198,2025-06-26
L0198,2025-06-27
L0198,2025-06-28
L0198,2025-06-29
L0199,2025-01-01
L0199,2025-01-02
L0199,2025-01-03
L0199,2025-01-04
L0199,2025-01-05
L0199,2025-01-06
L0199,2025-01-07
L0199,2025-01-08
L0199,2025-01-09
L0199,2025-01-10
L0199,2025-01-11
L0199,2025-01-12
L0199,2025-01-13
L0199,2025-01-14
L0199,2025-01-15
L0199,2025-01-16
L0199,2025-01-17
L0199,2025-01-18
L0199,2025-01-19
L0199,2025-01-20
L0199,2025-01-21
L0199,2025-01-22
L0199,2025-01-23
L0199,2025-01-24
L0199,2025-01-25
L0199,2025-01-26
L0199,2025-01-27
L0199,2025-01-28
L0199,2025-01-29
L0199,2025-01-30
L0199,2025-01-31
L0199,2025-02-01
L0199,2025-02-02
L0199,2025-02-03
L0199,2025-02-04
L0199,2025-02-05
L0199,2025-02-06
L0199,2025-02-07
L0199,2025-02-08
L0199,2025-02-09
L0199,2025-02-10
L0199,2025-02-11
L0199,2025-02-12
L0199,2025-02-13
L0199,2025-02-14
L0199,2025-02-15
L0199,2025-02-16
L0199,2025-02-17
L0199,2025-02-18
L0199,2025-02-19
L0199,2025-02-20
L0199,2025-02-21
L0199,2025-02-22
L0199,2025-02-23
L0199,2025-02-24
L0199,2025-02-25
L0199,2025-02-26
L0199,2025-02-27
L0199,2025-02-28
L0199,2025-03-01
L0199,2025-03-02
L0199,2025-03-03
L0199,2025-03-04
L0199,2025-03-05
L0199,2025-03-06
L0199,2025-03-07
L0199,2025-03-08
L0199,2025-03-09
L0199,2025-03-10
L0199,2025-03-11
L0199,2025-03-12
L0199,2025-03-13
L0199,2025-03-14
L0199,2025-03-15
L0199,2025-03-16
L0199,2025-03-17
L0199,2025-03-18
L0199,2025-03-19
L0199,2025-03-20
L0199,2025-03-21
L0199,2025-03-22
L0199,2025-03-23
L0199,2025-03-24
L0199,2025-03-25
L0199,2025-03-26
L0199,2025-03-27
L0199,2025-03-28
L0199,2025-03-29
L0199,2025-03-30
L0199,2025-03-31
L0199,2025-04-01
L0199,2025-04-02
L0199,2025-04-03
L0199,2025-04-04
L0199,2025-04-05
L0199,2025-04-06
L0199,2025-04-07
L0199,2025-04-08
L0199,2025-04-09
L0199,2025-04-10
L0199,2025-04-11
L0199,2025-04-12
L0199,2025-04-13
L0199,2025-04-14
L0199,2025-04-15
L0199,2025-04-16
L0199,2025-04-17
L0199,2025-04-18
L0199,2025-04-19
L0199,2025-04-20
L0199,2025-04-21
L0199,2025-04-22
L0199,2025-04-23
L0199,2025-04-24
L0199,2025-04-25
L0199,2025-04-26
L0199,2025-04-27
L0199,2025-04-28
L0199,2025-04-29
L0199,2025-04-30
L0199,2025-05-01
L0199,2025-05-02
L0199,2025-05-03
L0199,2025-05-04
L0199,2025-05-05
L0199,2025-05-06
L0199,2025-05-07
L0199,2025-05-08
L0199,2025-05-09
L0199,2025-05-10
L0199,2025-05-11
L0199,2025-05-12
L0199,2025-05-13
L0199,2025-05-14
L0199,2025-05-15
L0199,2025-05-16
L0199,2025-05-17
L0199,2025-05-18
L0199,2025-05-19
L0199,2025-05-20
L0199,2025-05-21
L0199,2025-05-22
L0199,2025-05-23
L0199,2025-05-24
L0199,2025-05-25
L0199,2025-05-26
L0199,2025-05-27
L0199,2025-05-28
L0199,2025-05-29
L0199,2025-05-30
L0199,2025-05-31
L0199,2025-06-01
L0199,2025-06-02
L0199,2025-06-03
L0199,2025-06-04
L0199,2025-06-05
L0199,2025-06-06
L0199,2025-06-07
L0199,2025-06-08
L0199,2025-06-09
L0199,2025-06-10
L0199,2025-06-11
L0199,2025-06-12
L0199,2025-06-13
L0199,2025-06-14
L0199,2025-06-15
L0199,2025-06-16
L0199,2025-06-17
L0199,2025-06-18
L0199,2025-06-19
L0199,2025-06-20
L0199,2025-06-21
L0199,2025-06-22
L0199,2025-06-23
L0199,2025-06-24
L0199,2025-06-25
L0199,2025-06-26
L0199,2025-06-27
L0199,2025-06-28
L0199,2025-06-29
L0200,2025-01-01
L0200,2025-01-02
L0200,2025-01-03
L0200,2025-01-04
L0200,2025-01-05
L0200,2025-01-06
L0200,2025-01-07
L0200,2025-01-08
L0200,2025-01-09
L0200,2025-01-10
L0200,2025-01-11
L0200,2025-01-12
L0200,2025-01-13
L0200,2025-01-14
L0200,2025-01-15
L0200,2025-01-16
L0200,2025-01-17
L0200,2025-01-18
L0200,2025-01-19
L0200,2025-01-20
L0200,2025-01-21
L0200,2025-01-22
L0200,2025-01-23
L0200,2025-01-24
L0200,2025-01-25
L0200,2025-01-26
L0200,2025-01-27
L0200,2025-01-28
L0200,2025-01-29
L0200,2025-01-30
L0200,2025-01-31
L0200,2025-02-01
L0200,2025-02-02
L0200,2025-02-03
L0200,2025-02-04
L0200,2025-02-05
L0200,2025-02-06
L0200,2025-02-07
L0200,2025-02-08
L0200,2025-02-09
L0200,2025-02-10
L0200,2025-02-11
L0200,2025-02-12
L0200,2025-02-13
L0200,2025-02-14
L0200,2025-02-15
L0200,2025-02-16
L0200,2025-02-17
L0200,2025-02-18
L0200,2025-02-19
L0200,2025-02-20
L0200,2025-02-21
L0200,2025-02-22
L0200,2025-02-23
L0200,2025-02-24
L0200,2025-02-25
L0200,2025-02-26
L0200,2025-02-27
L0200,2025-02-28
L0200,2025-03-01
L0200,2025-03-02
L0200,2025-03-03
L0200,2025-03-04
L0200,2025-03-05
L0200,2025-03-06
L0200,2025-03-07
L0200,2025-03-08
L0200,2025-03-09
L0200,2025-03-10
L0200,2025-03-11
L0200,2025-03-12
L0200,2025-03-13
L0200,2025-03-14
L0200,2025-03-15
L0200,2025-03-16
L0200,2025-03-17
L0200,2025-03-18
L0200,2025-03-19
L0200,2025-03-20
L0200,2025-03-21
L0200,2025-03-22
L0200,2025-03-23
L0200,2025-03-24
L0200,2025-03-25
L0200,2025-03-26
L0200,2025-03-27
L0200,2025-03-28
L0200,2025-03-29
L0200,2025-03-30
L0200,2025-03-31
L0200,2025-04-01
L0200,2025-04-02
L0200,2025-04-03
L0200,2025-04-04
L0200,2025-04-05
L0200,2025-04-06
L0200,2025-04-07
L0200,2025-04-08
L0200,2025-04-09
L0200,2025-04-10
L0200,2025-04-11
L0200,2025-04-12
L0200,2025-04-13
L0200,2025-04-14
L0200,2025-04-15
L0200,2025-04-16
L0200,2025-04-17
L0200,2025-04-18
L0200,2025-04-19
L0200,2025-04-20
L0200,2025-04-21
L0200,2025-04-22
L0200,2025-04-23
L0200,2025-04-24
L0200,2025-04-25
L0200,2025-04-26
L0200,2025-04-27
L0200,2025-04-28
L0200,2025-04-29
L0200,2025-04-30
L0200,2025-05-01
L0200,2025-05-02
L0200,2025-05-03
L0200,2025-05-04
L0200,2025-05-05
L0200,2025-05-06
L0200,2025-05-07
L0200,2025-05-08
L0200,2025-05-09
L0200,2025-05-10
L0200,2025-05-11
L0200,2025-05-12
L0200,2025-05-13
L0200,2025-05-14
L0200,2025-05-15
L0200,2025-05-16
L0200,2025-05-17
L0200,2025-05-18
L0200,2025-05-19
L0200,2025-05-20
L0200,2025-05-21
L0200,2025-05-22
L0200,2025-05-23
L0200,2025-05-24
L0200,2025-05-25
L0200,2025-05-26
L0200,2025-05-27
L0200,2025-05-28
L0200,2025-05-29
L0200,2025-05-30
L0200,2025-05-31
L0200,2025-06-01
L0200,2025-06-02
L0200,2025-06-03
L0200,2025-06-04
L0200,2025-06-05
L0200,2025-06-06
L0200,2025-06-07
L0200,2025-06-08
L0200,2025-06-09
L0200,2025-06-10
L0200,2025-06-11
L0200,2025-06-12
L0200,2025-06-13
L0200,2025-06-14
L0200,2025-06-15
L0200,2025-06-16
L0200,2025-06-17
L0200,2025-06-18
L0200,2025-06-19
L0200,2025-06-20
L0200,2025-06-21
L0200,2025-06-22
L0200,2025-06-23
L0200,2025-06-24
L0200,2025-06-25
L0200,2025-06-26
L0200,2025-06-27
L0200,2025-06-28
L0200,2025-06-29
L0201,2025-01-01
L0201,2025-01-02
L0201,2025-01-03
L0201,2025-01-04
L0201,2025-01-05
L0201,2025-01-06
L0201,2025-01-07
L0201,2025-01-08
L0201,2025-01-09
L0201,2025-01-10
L0201,2025-01-11
L0201,2025-01-12
L0201,2025-01-13
L0201,2025-01-14
L0201,2025-01-15
L0201,2025-01-16
L0201,2025-01-17
L0201,2025-01-18
L0201,2025-01-19
L0201,2025-01-20
L0201,2025-01-21
L0201,2025-01-22
L0201,2025-01-23
L0201,2025-01-24
L0201,2025-01-25
L0201,2025-01-26
L0201,2025-01-27
L0201,2025-01-28
L0201,2025-01-29
L0201,2025-01-30
L0201,2025-01-31
L0201,2025-02-01
L0201,2025-02-02
L0201,2025-02-03
L0201,2025-02-04
L0201,2025-02-05
L0201,2025-02-06
L0201,2025-02-07
L0201,2025-02-08
L0201,2025-02-09
L0201,2025-02-10
L0201,2025-02-11
L0201,2025-02-12
L0201,2025-02-13
L0201,2025-02-14
L0201,2025-02-15
L0201,2025-02-16
L0201,2025-02-17
L0201,2025-02-18
L0201,2025-02-19
L0201,2025-02-20
L0201,2025-02-21
L0201,2025-02-22
L0201,2025-02-23
L0201,2025-02-24
L0201,2025-02-25
L0201,2025-02-26
L0201,2025-02-27
L0201,2025-02-28
L0201,2025-03-01
L0201,2025-03-02
L0201,2025-03-03
L0201,2025-03-04
L0201,2025-03-05
L0201,2025-03-06
L0201,2025-03-07
L0201,2025-03-08
L0201,2025-03-09
L0201,2025-03-10
L0201,2025-03-11
L0201,2025-03-12
L0201,2025-03-13
L0201,2025-03-14
L0201,2025-03-15
L0201,2025-03-16
L0201,2025-03-17
L0201,2025-03-18
L0201,2025-03-19
L0201,2025-03-20
L0201,2025-03-21
L0201,2025-03-22
L0201,2025-03-23
L0201,2025-03-24
L0201,2025-03-25
L0201,2025-03-26
L0201,2025-03-27
L0201,2025-03-28
L0201,2025-03-29
L0201,2025-03-30
L0201,2025-03-31
L0201,2025-04-01
L0201,2025-04-02
L0201,2025-04-03
L0201,2025-04-04
L0201,2025-04-05
L0201,2025-04-06
L0201,2025-04-07
L0201,2025-04-08
L0201,2025-04-09
L0201,2025-04-10
L0201,2025-04-11
L0201,2025-04-12
L0201,2025-04-13
L0201,2025-04-14
L0201,2025-04-15
L0201,2025-04-16
L0201,2025-04-17
L0201,2025-04-18
L0201,2025-04-19
L0201,2025-04-20
L0201,2025-04-21
L0201,2025-04-22
L0201,2025-04-23
L0201,2025-04-24
L0201,2025-04-25
L0201,2025-04-26
L0201,2025-04-27
L0201,2025-04-28
L0201,2025-04-29
L0201,2025-04-30
L0201,2025-05-01
L0201,2025-05-02
L0201,2025-05-03
L0201,2025-05-04
L0201,2025-05-05
L0201,2025-05-06
L0201,2025-05-07
L0201,2025-05-08
L0201,2025-05-09
L0201,2025-05-10
L0201,2025-05-11
L0201,2025-05-12
L0201,2025-05-13
L0201,2025-05-14
L0201,2025-05-15
L0201,2025-05-16
L0201,2025-05-17
L0201,2025-05-18
L0201,2025-05-19
L0201,2025-05-20
L0201,2025-05-21
L0201,2025-05-22
L0201,2025-05-23
L0201,2025-05-24
L0201,2025-05-25
L0201,2025-05-26
L0201,2025-05-27
L0201,2025-05-28
L0201,2025-05-29
L0201,2025-05-30
L0201,2025-05-31
L0201,2025-06-01
L0201,2025-06-02
L0201,2025-06-03
L0201,2025-06-04
L0201,2025-06-05
L0201,2025-06-06
L0201,2025-06-07
L0201,2025-06-08
L0201,2025-06-09
L0201,2025-06-10
L0201,2025-06-11
L0201,2025-06-12
L0201,2025-06-13
L0201,2025-06-14
L0201,2025-06-15
L0201,2025-06-16
L0201,2025-06-17
L0201,2025-06-18
L0201,2025-06-19
L0201,2025-06-20
L0201,2025-06-21
L0201,2025-06-22
L0201,2025-06-23
L0201,2025-06-24
L0201,2025-06-25
L0201,2025-06-26
L0201,2025-06-27
L0201,2025-06-28
L0201,2025-06-29
L0202,2025-01-01
L0202,2025-01-02
L0202,2025-01-03
L0202,2025-01-04
L0202,2025-01-05
L0202,2025-01-06
L0202,2025-01-07
L0202,2025-01-08
L0202,2025-01-09
L0202,2025-01-10
L0202,2025-01-11
L0202,2025-01-12
L0202,2025-01-13
L0202,2025-01-14
L0202,2025-01-15
L0202,2025-01-16
L0202,2025-01-17
L0202,2025-01-18
L0202,2025-01-19
L0202,2025-01-20
L0202,2025-01-21
L0202,2025-01-22
L0202,2025-01-23
L0202,2025-01-24
L0202,2025-01-25
L0202,2025-01-26
L0202,2025-01-27
L0202,2025-01-28
L0202,2025-01-29
L0202,2025-01-30
L0202,2025-01-31
L0202,2025-02-01
L0202,2025-02-02
L0202,2025-02-03
L0202,2025-02-04
L0202,2025-02-05
L0202,2025-02-06
L0202,2025-02-07
L0202,2025-02-08
L0202,2025-02-09
L0202,2025-02-10
L0202,2025-02-11
L0202,2025-02-12
L0202,2025-02-13
L0202,2025-02-14
L0202,2025-02-15
L0202,2025-02-16
L0202,2025-02-17
L0202,2025-02-18
L0202,2025-02-19
L0202,2025-02-20
L0202,2025-02-21
L0202,2025-02-22
L0202,2025-02-23
L0202,2025-02-24
L0202,2025-02-25
L0202,2025-02-26
L0202,2025-02-27
L0202,2025-02-28
L0202,2025-03-01
L0202,2025-03-02
L0202,2025-03-03
L0202,2025-03-04
L0202,2025-03-05
L0202,2025-03-06
L0202,2025-03-07
L0202,2025-03-08
L0202,2025-03-09
L0202,2025-03-10
L0202,2025-03-11
L0202,2025-03-12
L0202,2025-03-13
L0202,2025-03-14
L0202,2025-03-15
L0202,2025-03-16
L0202,2025-03-17
L0202,2025-03-18
L0202,2025-03-19
L0202,2025-03-20
L0202,2025-03-21
L0202,2025-03-22
L0202,2025-03-23
L0202,2025-03-24
L0202,2025-03-25
L0202,2025-03-26
L0202,2025-03-27
L0202,2025-03-28
L0202,2025-03-29
L0202,2025-03-30
L0202,2025-03-31
L0202,2025-04-01
L0202,2025-04-02
L0202,2025-04-03
L0202,2025-04-04
L0202,2025-04-05
L0202,2025-04-06
L0202,2025-04-07
L0202,2025-04-08
L0202,2025-04-09
L0202,2025-04-10
L0202,2025-04-11
L0202,2025-04-12
L0202,2025-04-13
L0202,2025-04-14
L0202,2025-04-15
L0202,2025-04-16
L0202,2025-04-17
L0202,2025-04-18
L0202,2025-04-19
L0202,2025-04-20
L0202,2025-04-21
L0202,2025-04-22
L0202,2025-04-23
L0202,2025-04-24
L0202,2025-04-25
L0202,2025-04-26
L0202,2025-04-27
L0202,2025-04-28
L0202,2025-04-29
L0202,2025-04-30
L0202,2025-05-01
L0202,2025-05-02
L0202,2025-05-03
L0202,2025-05-04
L0202,2025-05-05
L0202,2025-05-06
L0202,2025-05-07
L0202,2025-05-08
L0202,2025-05-09
L0202,2025-05-10
L0202,2025-05-11
L0202,2025-05-12
L0202,2025-05-13
L0202,2025-05-14
L0202,2025-05-15
L0202,2025-05-16
L0202,2025-05-17
L0202,2025-05-18
L0202,2025-05-19
L0202,2025-05-20
L0202,2025-05-21
L0202,2025-05-22
L0202,2025-05-23
L0202,2025-05-24
L0202,2025-05-25
L0202,2025-05-26
L0202,2025-05-27
L0202,2025-05-28
L0202,2025-05-29
L0202,2025-05-30
L0202,2025-05-31
L0202,2025-06-01
L0202,2025-06-02
L0202,2025-06-03
L0202,2025-06-04
L0202,2025-06-05
L0202,2025-06-06
L0202,2025-06-07
L0202,2025-06-08
L0202,2025-06-09
L0202,2025-06-10
L0202,2025-06-11
L0202,2025-06-12
L0202,2025-06-13
L0202,2025-06-14
L0202,2025-06-15
L0202,2025-06-16
L0202,2025-06-17
L0202,2025-06-18
L0202,2025-06-19
L0202,2025-06-20
L0202,2025-06-21
L0202,2025-06-22
L0202,2025-06-23
L0202,2025-06-24
L0202,2025-06-25
L0202,2025-06-26
L0202,2025-06-27
L0202,2025-06-28
L0202,2025-06-29
L0203,2025-01-01
L0203,2025-01-02
L0203,2025-01-03
L0203,2025-01-04
L0203,2025-01-05
L0203,2025-01-06
L0203,2025-01-07
L0203,2025-01-08
L0203,2025-01-09
L0203,2025-01-10
L0203,2025-01-11
L0203,2025-01-12
L0203,2025-01-13
L0203,2025-01-14
L0203,2025-01-15
L0203,2025-01-16
L0203,2025-01-17
L0203,2025-01-18
L0203,2025-01-19
L0203,2025-01-20
L0203,2025-01-21
L0203,2025-01-22
L0203,2025-01-23
L0203,2025-01-24
L0203,2025-01-25
L0203,2025-01-26
L0203,2025-01-27
L0203,2025-01-28
L0203,2025-01-29
L0203,2025-01-30
L0203,2025-01-31
L0203,2025-02-01
L0203,2025-02-02
L0203,2025-02-03
L0203,2025-02-04
L0203,2025-02-05
L0203,2025-02-06
L0203,2025-02-07
L0203,2025-02-08
L0203,2025-02-09
L0203,2025-02-10
L0203,2025-02-11
L0203,2025-02-12
L0203,2025-02-13
L0203,2025-02-14
L0203,2025-02-15
L0203,2025-02-16
L0203,2025-02-17
L0203,2025-02-18
L0203,2025-02-19
L0203,2025-02-20
L0203,2025-02-21
L0203,2025-02-22
L0203,2025-02-23
L0203,2025-02-24
L0203,2025-02-25
L0203,2025-02-26
L0203,2025-02-27
L0203,2025-02-28
L0203,2025-03-01
L0203,2025-03-02
L0203,2025-03-03
L0203,2025-03-04
L0203,2025-03-05
L0203,2025-03-06
L0203,2025-03-07
L0203,2025-03-08
L0203,2025-03-09
L0203,2025-03-10
L0203,2025-03-11
L0203,2025-03-12
L0203,2025-03-13
L0203,2025-03-14
L0203,2025-03-15
L0203,2025-03-16
L0203,2025-03-17
L0203,2025-03-18
L0203,2025-03-19
L0203,2025-03-20
L0203,2025-03-21
L0203,2025-03-22
L0203,2025-03-23
L0203,2025-03-24
L0203,2025-03-25
L0203,2025-03-26
L0203,2025-03-27
L0203,2025-03-28
L0203,2025-03-29
L0203,2025-03-30
L0203,2025-03-31
L0203,2025-04-01
L0203,2025-04-02
L0203,2025-04-03
L0203,2025-04-04
L0203,2025-04-05
L0203,2025-04-06
L0203,2025-04-07
L0203,2025-04-08
L0203,2025-04-09
L0203,2025-04-10
L0203,2025-04-11
L0203,2025-04-12
L0203,2025-04-13
L0203,2025-04-14
L0203,2025-04-15
L0203,2025-04-16
L0203,2025-04-17
L0203,2025-04-18
L0203,2025-04-19
L0203,2025-04-20
L0203,2025-04-21
L0203,2025-04-22
L0203,2025-04-23
L0203,2025-04-24
L0203,2025-04-25
L0203,2025-04-26
L0203,2025-04-27
L0203,2025-04-28
L0203,2025-04-29
L0203,2025-04-30
L0203,2025-05-01
L0203,2025-05-02
L0203,2025-05-03
L0203,2025-05-04
L0203,2025-05-05
L0203,2025-05-06
L0203,2025-05-07
L0203,2025-05-08
L0203,2025-05-09
L0203,2025-05-10
L0203,2025-05-11
L0203,2025-05-12
L0203,2025-05-13
L0203,2025-05-14
L0203,2025-05-15
L0203,2025-05-16
L0203,2025-05-17
L0203,2025-05-18
L0203,2025-05-19
L0203,2025-05-20
L0203,2025-05-21
L0203,2025-05-22
L0203,2025-05-23
L0203,2025-05-24
L0203,2025-05-25
L0203,2025-05-26
L0203,2025-05-27
L0203,2025-05-28
L0203,2025-05-29
L0203,2025-05-30
L0203,2025-05-31
L0203,2025-06-01
L0203,2025-06-02
L0203,2025-06-03
L0203,2025-06-04
L0203,2025-06-05
L0203,2025-06-06
L0203,2025-06-07
L0203,2025-06-08
L0203,2025-06-09
L0203,2025-06-10
L0203,2025-06-11
L0203,2025-06-12
L0203,2025-06-13
L0203,2025-06-14
L0203,2025-06-15
L0203,2025-06-16
L0203,2025-06-17
L0203,2025-06-18
L0203,2025-06-19
L0203,2025-06-20
L0203,2025-06-21
L0203,2025-06-22
L0203,2025-06-23
L0203,2025-06-24
L0203,2025-06-25
L0203,2025-06-26
L0203,2025-06-27
L0203,2025-06-28
L0203,2025-06-29
L0204,2025-01-01
L0204,2025-01-02
L0204,2025-01-03
L0204,2025-01-04
L0204,2025-01-05
L0204,2025-01-06
L0204,2025-01-07
L0204,2025-01-08
L0204,2025-01-09
L0204,2025-01-10
L0204,2025-01-11
L0204,2025-01-12
L0204,2025-01-13
L0204,2025-01-14
L0204,2025-01-15
L0204,2025-01-16
L0204,2025-01-17
L0204,2025-01-18
L0204,2025-01-19
L0204,2025-01-20
L0204,2025-01-21
L0204,2025-01-22
L0204,2025-01-23
L0204,2025-01-24
L0204,2025-01-25
L0204,2025-01-26
L0204,2025-01-27
L0204,2025-01-28
L0204,2025-01-29
L0204,2025-01-30
L0204,2025-01-31
L0204,2025-02-01
L0204,2025-02-02
L0204,2025-02-03
L0204,2025-02-04
L0204,2025-02-05
L0204,2025-02-06
L0204,2025-02-07
L0204,2025-02-08
L0204,2025-02-09
L0204,2025-02-10
L0204,2025-02-11
L0204,2025-02-12
L0204,2025-02-13
L0204,2025-02-14
L0204,2025-02-15
L0204,2025-02-16
L0204,2025-02-17
L0204,2025-02-18
L0204,2025-02-19
L0204,2025-02-20
L0204,2025-02-21
L0204,2025-02-22
L0204,2025-02-23
L0204,2025-02-24
L0204,2025-02-25
L0204,2025-02-26
L0204,2025-02-27
L0204,2025-02-28
L0204,2025-03-01
L0204,2025-03-02
L0204,2025-03-03
L0204,2025-03-04
L0204,2025-03-05
L0204,2025-03-06
L0204,2025-03-07
L0204,2025-03-08
L0204,2025-03-09
L0204,2025-03-10
L0204,2025-03-11
L0204,2025-03-12
L0204,2025-03-13
L0204,2025-03-14
L0204,2025-03-15
L0204,2025-03-16
L0204,2025-03-17
L0204,2025-03-18
L0204,2025-03-19
L0204,2025-03-20
L0204,2025-03-21
L0204,2025-03-22
L0204,2025-03-23
L0204,2025-03-24
L0204,2025-03-25
L0204,2025-03-26
L0204,2025-03-27
L0204,2025-03-28
L0204,2025-03-29
L0204,2025-03-30
L0204,2025-03-31
L0204,2025-04-01
L0204,2025-04-02
L0204,2025-04-03
L0204,2025-04-04
L0204,2025-04-05
L0204,2025-04-06
L0204,2025-04-07
L0204,2025-04-08
L0204,2025-04-09
L0204,2025-04-10
L0204,2025-04-11
L0204,2025-04-12
L0204,2025-04-13
L0204,2025-04-14
L0204,2025-04-15
L0204,2025-04-16
L0204,2025-04-17
L0204,2025-04-18
L0204,2025-04-19
L0204,2025-04-20
L0204,2025-04-21
L0204,2025-04-22
L0204,2025-04-23
L0204,2025-04-24
L0204,2025-04-25
L0204,2025-04-26
L0204,2025-04-27
L0204,2025-04-28
L0204,2025-04-29
L0204,2025-04-30
L0204,2025-05-01
L0204,2025-05-02
L0204,2025-05-03
L0204,2025-05-04
L0204,2025-05-05
L0204,2025-05-06
L0204,2025-05-07
L0204,2025-05-08
L0204,2025-05-09
L0204,2025-05-10
L0204,2025-05-11
L0204,2025-05-12
L0204,2025-05-13
L0204,2025-05-14
L0204,2025-05-15
L0204,2025-05-16
L0204,2025-05-17
L0204,2025-05-18
L0204,2025-05-19
L0204,2025-05-20
L0204,2025-05-21
L0204,2025-05-22
L0204,2025-05-23
L0204,2025-05-24
L0204,2025-05-25
L0204,2025-05-26
L0204,2025-05-27
L0204,2025-05-28
L0204,2025-05-29
L0204,2025-05-30
L0204,2025-05-31
L0204,2025-06-01
L0204,2025-06-02
L0204,2025-06-03
L0204,2025-06-04
L0204,2025-06-05
L0204,2025-06-06
L0204,2025-06-07
L0204,2025-06-08
L0204,2025-06-09
L0204,2025-06-10
L0204,2025-06-11
L0204,2025-06-12
L0204,2025-06-13
L0204,2025-06-14
L0204,2025-06-15
L0204,2025-06-16
L0204,2025-06-17
L0204,2025-06-18
L0204,2025-06-19
L0204,2025-06-20
L0204,2025-06-21
L0204,2025-06-22
L0204,2025-06-23
L0204,2025-06-24
L0204,2025-06-25
L0204,2025-06-26
L0204,2025-06-27
L0204,2025-06-28
L0204,2025-06-29
L0205,2025-01-01
L0205,2025-01-02
L0205,2025-01-03
L0205,2025-01-04
L0205,2025-01-05
L0205,2025-01-06
L0205,2025-01-07
L0205,2025-01-08
L0205,2025-01-09
L0205,2025-01-10
L0205,2025-01-11
L0205,2025-01-12
L0205,2025-01-13
L0205,2025-01-14
L0205,2025-01-15
L0205,2025-01-16
L0205,2025-01-17
L0205,2025-01-18
L0205,2025-01-19
L0205,2025-01-20
L0205,2025-01-21
L0205,2025-01-22
L0205,2025-01-23
L0205,2025-01-24
L0205,2025-01-25
L0205,2025-01-26
L0205,2025-01-27
L0205,2025-01-28
L0205,2025-01-29
L0205,2025-01-30
L0205,2025-01-31
L0205,2025-02-01
L0205,2025-02-02
L0205,2025-02-03
L0205,2025-02-04
L0205,2025-02-05
L0205,2025-02-06
L0205,2025-02-07
L0205,2025-02-08
L0205,2025-02-09
L0205,2025-02-10
L0205,2025-02-11
L0205,2025-02-12
L0205,2025-02-13
L0205,2025-02-14
L0205,2025-02-15
L0205,2025-02-16
L0205,2025-02-17
L0205,2025-02-18
L0205,2025-02-19
L0205,2025-02-20
L0205,2025-02-21
L0205,2025-02-22
L0205,2025-02-23
L0205,2025-02-24
L0205,2025-02-25
L0205,2025-02-26
L0205,2025-02-27
L0205,2025-02-28
L0205,2025-03-01
L0205,2025-03-02
L0205,2025-03-03
L0205,2025-03-04
L0205,2025-03-05
L0205,2025-03-06
L0205,2025-03-07
L0205,2025-03-08
L0205,2025-03-09
L0205,2025-03-10
L0205,2025-03-11
L0205,2025-03-12
L0205,2025-03-13
L0205,2025-03-14
L0205,2025-03-15
L0205,2025-03-16
L0205,2025-03-17
L0205,2025-03-18
L0205,2025-03-19
L0205,2025-03-20
L0205,2025-03-21
L0205,2025-03-22
L0205,2025-03-23
L0205,2025-03-24
L0205,2025-03-25
L0205,2025-03-26
L0205,2025-03-27
L0205,2025-03-28
L0205,2025-03-29
L0205,2025-03-30
L0205,2025-03-31
L0205,2025-04-01
L0205,2025-04-02
L0205,2025-04-03
L0205,2025-04-04
L0205,2025-04-05
L0205,2025-04-06
L0205,2025-04-07
L0205,2025-04-08
L0205,2025-04-09
L0205,2025-04-10
L0205,2025-04-11
L0205,2025-04-12
L0205,2025-04-13
L0205,2025-04-14
L0205,2025-04-15
L0205,2025-04-16
L0205,2025-04-17
L0205,2025-04-18
L0205,2025-04-19
L0205,2025-04-20
L0205,2025-04-21
L0205,2025-04-22
L0205,2025-04-23
L0205,2025-04-24
L0205,2025-04-25
L0205,2025-04-26
L0205,2025-04-27
L0205,2025-04-28
L0205,2025-04-29
L0205,2025-04-30
L0205,2025-05-01
L0205,2025-05-02
L0205,2025-05-03
L0205,2025-05-04
L0205,2025-05-05
L0205,2025-05-06
L0205,2025-05-07
L0205,2025-05-08
L0205,2025-05-09
L0205,2025-05-10
L0205,2025-05-11
L0205,2025-05-12
L0205,2025-05-13
L0205,2025-05-14
L0205,2025-05-15
L0205,2025-05-16
L0205,2025-05-17
L0205,2025-05-18
L0205,2025-05-19
L0205,2025-05-20
L0205,2025-05-21
L0205,2025-05-22
L0205,2025-05-23
L0205,2025-05-24
L0205,2025-05-25
L0205,2025-05-26
L0205,2025-05-27
L0205,2025-05-28
L0205,2025-05-29
L0205,2025-05-30
L0205,2025-05-31
L0205,2025-06-01
L0205,2025-06-02
L0205,2025-06-03
L0205,2025-06-04
L0205,2025-06-05
L0205,2025-06-06
L0205,2025-06-07
L0205,2025-06-08
L0205,2025-06-09
L0205,2025-06-10
L0205,2025-06-11
L0205,2025-06-12
L0205,2025-06-13
L0205,2025-06-14
L0205,2025-06-15
L0205,2025-06-16
L0205,2025-06-17
L0205,2025-06-18
L0205,2025-06-19
L0205,2025-06-20
L0205,2025-06-21
L0205,2025-06-22
L0205,2025-06-23
L0205,2025-06-24
L0205,2025-06-25
L0205,2025-06-26
L0205,2025-06-27
L0205,2025-06-28
L0205,2025-06-29
L0206,2025-01-01
L0206,2025-01-02
L0206,2025-01-03
L0206,2025-01-04
L0206,2025-01-05
L0206,2025-01-06
L0206,2025-01-07
L0206,2025-01-08
L0206,2025-01-09
L0206,2025-01-10
L0206,2025-01-11
L0206,2025-01-12
L0206,2025-01-13
L0206,2025-01-14
L0206,2025-01-15
L0206,2025-01-16
L0206,2025-01-17
L0206,2025-01-18
L0206,2025-01-19
L0206,2025-01-20
L0206,2025-01-21
L0206,2025-01-22
L0206,2025-01-23
L0206,2025-01-24
L0206,2025-01-25
L0206,2025-01-26
L0206,2025-01-27
L0206,2025-01-28
L0206,2025-01-29
L0206,2025-01-30
L0206,2025-01-31
L0206,2025-02-01
L0206,2025-02-02
L0206,2025-02-03
L0206,2025-02-04
L0206,2025-02-05
L0206,2025-02-06
L0206,2025-02-07
L0206,2025-02-08
L0206,2025-02-09
L0206,2025-02-10
L0206,2025-02-11
L0206,2025-02-12
L0206,2025-02-13
L0206,2025-02-14
L0206,2025-02-15
L0206,2025-02-16
L0206,2025-02-17
L0206,2025-02-18
L0206,2025-02-19
L0206,2025-02-20
L0206,2025-02-21
L0206,2025-02-22
L0206,2025-02-23
L0206,2025-02-24
L0206,2025-02-25
L0206,2025-02-26
L0206,2025-02-27
L0206,2025-02-28
L0206,2025-03-01
L0206,2025-03-02
L0206,2025-03-03
L0206,2025-03-04
L0206,2025-03-05
L0206,2025-03-06
L0206,2025-03-07
L0206,2025-03-08
L0206,2025-03-09
L0206,2025-03-10
L0206,2025-03-11
L0206,2025-03-12
L0206,2025-03-13
L0206,2025-03-14
L0206,2025-03-15
L0206,2025-03-16
L0206,2025-03-17
L0206,2025-03-18
L0206,2025-03-19
L0206,2025-03-20
L0206,2025-03-21
L0206,2025-03-22
L0206,2025-03-23
L0206,2025-03-24
L0206,2025-03-25
L0206,2025-03-26
L0206,2025-03-27
L0206,2025-03-28
L0206,2025-03-29
L0206,2025-03-30
L0206,2025-03-31
L0206,2025-04-01
L0206,2025-04-02
L0206,2025-04-03
L0206,2025-04-04
L0206,2025-04-05
L0206,2025-04-06
L0206,2025-04-07
L0206,2025-04-08
L0206,2025-04-09
L0206,2025-04-10
L0206,2025-04-11
L0206,2025-04-12
L0206,2025-04-13
L0206,2025-04-14
L0206,2025-04-15
L0206,2025-04-16
L0206,2025-04-17
L0206,2025-04-18
L0206,2025-04-19
L0206,2025-04-20
L0206,2025-04-21
L0206,2025-04-22
L0206,2025-04-23
L0206,2025-04-24
L0206,2025-04-25
L0206,2025-04-26
L0206,2025-04-27
L0206,2025-04-28
L0206,2025-04-29
L0206,2025-04-30
L0206,2025-05-01
L0206,2025-05-02
L0206,2025-05-03
L0206,2025-05-04
L0206,2025-05-05
L0206,2025-05-06
L0206,2025-05-07
L0206,2025-05-08
L0206,2025-05-09
L0206,2025-05-10
L0206,2025-05-11
L0206,2025-05-12
L0206,2025-05-13
L0206,2025-05-14
L0206,2025-05-15
L0206,2025-05-16
L0206,2025-05-17
L0206,2025-05-18
L0206,2025-05-19
L0206,2025-05-20
L0206,2025-05-21
L0206,2025-05-22
L0206,2025-05-23
L0206,2025-05-24
L0206,2025-05-25
L0206,2025-05-26
L0206,2025-05-27
L0206,2025-05-28
L0206,2025-05-29
L0206,2025-05-30
L0206,2025-05-31
L0206,2025-06-01
L0206,2025-06-02
L0206,2025-06-03
L0206,2025-06-04
L0206,2025-06-05
L0206,2025-06-06
L0206,2025-06-07
L0206,2025-06-08
L0206,2025-06-09
L0206,2025-06-10
L0206,2025-06-11
L0206,2025-06-12
L0206,2025-06-13
L0206,2025-06-14
L0206,2025-06-15
L0206,2025-06-16
L0206,2025-06-17
L0206,2025-06-18
L0206,2025-06-19
L0206,2025-06-20
L0206,2025-06-21
L0206,2025-06-22
L0206,2025-06-23
L0206,2025-06-24
L0206,2025-06-25
L0206,2025-06-26
L0206,2025-06-27
L0206,2025-06-28
L0206,2025-06-29
L0207,2025-01-01
L0207,2025-01-02
L0207,2025-01-03
L0207,2025-01-04
L0207,2025-01-05
L0207,2025-01-06
L0207,2025-01-07
L0207,2025-01-08
L0207,2025-01-09
L0207,2025-01-10
L0207,2025-01-11
L0207,2025-01-12
L0207,2025-01-13
L0207,2025-01-14
L0207,2025-01-15
L0207,2025-01-16
L0207,2025-01-17
L0207,2025-01-18
L0207,2025-01-19
L0207,2025-01-20
L0207,2025-01-21
L0207,2025-01-22
L0207,2025-01-23
L0207,2025-01-24
L0207,2025-01-25
L0207,2025-01-26
L0207,2025-01-27
L0207,2025-01-28
L0207,2025-01-29
L0207,2025-01-30
L0207,2025-01-31
L0207,2025-02-01
L0207,2025-02-02
L0207,2025-02-03
L0207,2025-02-04
L0207,2025-02-05
L0207,2025-02-06
L0207,2025-02-07
L0207,2025-02-08
L0207,2025-02-09
L0207,2025-02-10
L0207,2025-02-11
L0207,2025-02-12
L0207,2025-02-13
L0207,2025-02-14
L0207,2025-02-15
L0207,2025-02-16
L0207,2025-02-17
L0207,2025-02-18
L0207,2025-02-19
L0207,2025-02-20
L0207,2025-02-21
L0207,2025-02-22
L0207,2025-02-23
L0207,2025-02-24
L0207,2025-02-25
L0207,2025-02-26
L0207,2025-02-27
L0207,2025-02-28
L0207,2025-03-01
L0207,2025-03-02
L0207,2025-03-03
L0207,2025-03-04
L0207,2025-03-05
L0207,2025-03-06
L0207,2025-03-07
L0207,2025-03-08
L0207,2025-03-09
L0207,2025-03-10
L0207,2025-03-11
L0207,2025-03-12
L0207,2025-03-13
L0207,2025-03-14
L0207,2025-03-15
L0207,2025-03-16
L0207,2025-03-17
L0207,2025-03-18
L0207,2025-03-19
L0207,2025-03-20
L0207,2025-03-21
L0207,2025-03-22
L0207,2025-03-23
L0207,2025-03-24
L0207,2025-03-25
L0207,2025-03-26
L0207,2025-03-27
L0207,2025-03-28
L0207,2025-03-29
L0207,2025-03-30
L0207,2025-03-31
L0207,2025-04-01
L0207,2025-04-02
L0207,2025-04-03
L0207,2025-04-04
L0207,2025-04-05
L0207,2025-04-06
L0207,2025-04-07
L0207,2025-04-08
L0207,2025-04-09
L0207,2025-04-10
L0207,2025-04-11
L0207,2025-04-12
L0207,2025-04-13
L0207,2025-04-14
L0207,2025-04-15
L0207,2025-04-16
L0207,2025-04-17
L0207,2025-04-18
L0207,2025-04-19
L0207,2025-04-20
L0207,2025-04-21
L0207,2025-04-22
L0207,2025-04-23
L0207,2025-04-24
L0207,2025-04-25
L0207,2025-04-26
L0207,2025-04-27
L0207,2025-04-28
L0207,2025-04-29
L0207,2025-04-30
L0207,2025-05-01
L0207,2025-05-02
L0207,2025-05-03
L0207,2025-05-04
L0207,2025-05-05
L0207,2025-05-06
L0207,2025-05-07
L0207,2025-05-08
L0207,2025-05-09
L0207,2025-05-10
L0207,2025-05-11
L0207,2025-05-12
L0207,2025-05-13
L0207,2025-05-14
L0207,2025-05-15
L0207,2025-05-16
L0207,2025-05-17
L0207,2025-05-18
L0207,2025-05-19
L0207,2025-05-20
L0207,2025-05-21
L0207,2025-05-22
L0207,2025-05-23
L0207,2025-05-24
L0207,2025-05-25
L0207,2025-05-26
L0207,2025-05-27
L0207,2025-05-28
L0207,2025-05-29
L0207,2025-05-30
L0207,2025-05-31
L0207,2025-06-01
L0207,2025-06-02
L0207,2025-06-03
L0207,2025-06-04
L0207,2025-06-05
L0207,2025-06-06
L0207,2025-06-07
L0207,2025-06-08
L0207,2025-06-09
L0207,2025-06-10
L0207,2025-06-11
L0207,2025-06-12
L0207,2025-06-13
L0207,2025-06-14
L0207,2025-06-15
L0207,2025-06-16
L0207,2025-06-17
L0207,2025-06-18
L0207,2025-06-19
L0207,2025-06-20
L0207,2025-06-21
L0207,2025-06-22
L0207,2025-06-23
L0207,2025-06-24
L0207,2025-06-25
L0207,2025-06-26
L0207,2025-06-27
L0207,2025-06-28
L0207,2025-06-29
L0208,2025-01-01
L0208,2025-01-02
L0208,2025-01-03
L0208,2025-01-04
L0208,2025-01-05
L0208,2025-01-06
L0208,2025-01-07
L0208,2025-01-08
L0208,2025-01-09
L0208,2025-01-10
L0208,2025-01-11
L0208,2025-01-12
L0208,2025-01-13
L0208,2025-01-14
L0208,2025-01-15
L0208,2025-01-16
L0208,2025-01-17
L0208,2025-01-18
L0208,2025-01-19
L0208,2025-01-20
L0208,2025-01-21
L0208,2025-01-22
L0208,2025-01-23
L0208,2025-01-24
L0208,2025-01-25
L0208,2025-01-26
L0208,2025-01-27
L0208,2025-01-28
L0208,2025-01-29
L0208,2025-01-30
L0208,2025-01-31
L0208,2025-02-01
L0208,2025-02-02
L0208,2025-02-03
L0208,2025-02-04
L0208,2025-02-05
L0208,2025-02-06
L0208,2025-02-07
L0208,2025-02-08
L0208,2025-02-09
L0208,2025-02-10
L0208,2025-02-11
L0208,2025-02-12
L0208,2025-02-13
L0208,2025-02-14
L0208,2025-02-15
L0208,2025-02-16
L0208,2025-02-17
L0208,2025-02-18
L0208,2025-02-19
L0208,2025-02-20
L0208,2025-02-21
L0208,2025-02-22
L0208,2025-02-23
L0208,2025-02-24
L0208,2025-02-25
L0208,2025-02-26
L0208,2025-02-27
L0208,2025-02-28
L0208,2025-03-01
L0208,2025-03-02
L0208,2025-03-03
L0208,2025-03-04
L0208,2025-03-05
L0208,2025-03-06
L0208,2025-03-07
L0208,2025-03-08
L0208,2025-03-09
L0208,2025-03-10
L0208,2025-03-11
L0208,2025-03-12
L0208,2025-03-13
L0208,2025-03-14
L0208,2025-03-15
L0208,2025-03-16
L0208,2025-03-17
L0208,2025-03-18
L0208,2025-03-19
L0208,2025-03-20
L0208,2025-03-21
L0208,2025-03-22
L0208,2025-03-23
L0208,2025-03-24
L0208,2025-03-25
L0208,2025-03-26
L0208,2025-03-27
L0208,2025-03-28
L0208,2025-03-29
L0208,2025-03-30
L0208,2025-03-31
L0208,2025-04-01
L0208,2025-04-02
L0208,2025-04-03
L0208,2025-04-04
L0208,2025-04-05
L0208,2025-04-06
L0208,2025-04-07
L0208,2025-04-08
L0208,2025-04-09
L0208,2025-04-10
L0208,2025-04-11
L0208,2025-04-12
L0208,2025-04-13
L0208,2025-04-14
L0208,2025-04-15
L0208,2025-04-16
L0208,2025-04-17
L0208,2025-04-18
L0208,2025-04-19
L0208,2025-04-20
L0208,2025-04-21
L0208,2025-04-22
L0208,2025-04-23
L0208,2025-04-24
L0208,2025-04-25
L0208,2025-04-26
L0208,2025-04-27
L0208,2025-04-28
L0208,2025-04-29
L0208,2025-04-30
L0208,2025-05-01
L0208,2025-05-02
L0208,2025-05-03
L0208,2025-05-04
L0208,2025-05-05
L0208,2025-05-06
L0208,2025-05-07
L0208,2025-05-08
L0208,2025-05-09
L0208,2025-05-10
L0208,2025-05-11
L0208,2025-05-12
L0208,2025-05-13
L0208,2025-05-14
L0208,2025-05-15
L0208,2025-05-16
L0208,2025-05-17
L0208,2025-05-18
L0208,2025-05-19
L0208,2025-05-20
L0208,2025-05-21
L0208,2025-05-22
L0208,2025-05-23
L0208,2025-05-24
L0208,2025-05-25
L0208,2025-05-26
L0208,2025-05-27
L0208,2025-05-28
L0208,2025-05-29
L0208,2025-05-30
L0208,2025-05-31
L0208,2025-06-01
L0208,2025-06-02
L0208,2025-06-03
L0208,2025-06-04
L0208,2025-06-05
L0208,2025-06-06
L0208,2025-06-07
L0208,2025-06-08
L0208,2025-06-09
L0208,2025-06-10
L0208,2025-06-11
L0208,2025-06-12
L0208,2025-06-13
L0208,2025-06-14
L0208,2025-06-15
L0208,2025-06-16
L0208,2025-06-17
L0208,2025-06-18
L0208,2025-06-19
L0208,2025-06-20
L0208,2025-06-21
L0208,2025-06-22
L0208,2025-06-23
L0208,2025-06-24
L0208,2025-06-25
L0208,2025-06-26
L0208,2025-06-27
L0208,2025-06-28
L0208,2025-06-29
L0209,2025-01-01
L0209,2025-01-02
L0209,2025-01-03
L0209,2025-01-04
L0209,2025-01-05
L0209,2025-01-06
L0209,2025-01-07
L0209,2025-01-08
L0209,2025-01-09
L0209,2025-01-10
L0209,2025-01-11
L0209,2025-01-12
L0209,2025-01-13
L0209,2025-01-14
L0209,2025-01-15
L0209,2025-01-16
L0209,2025-01-17
L0209,2025-01-18
L0209,2025-01-19
L0209,2025-01-20
L0209,2025-01-21
L0209,2025-01-22
L0209,2025-01-23
L0209,2025-01-24
L0209,2025-01-25
L0209,2025-01-26
L0209,2025-01-27
L0209,2025-01-28
L0209,2025-01-29
L0209,2025-01-30
L0209,2025-01-31
L0209,2025-02-01
L0209,2025-02-02
L0209,2025-02-03
L0209,2025-02-04
L0209,2025-02-05
L0209,2025-02-06
L0209,2025-02-07
L0209,2025-02-08
L0209,2025-02-09
L0209,2025-02-10
L0209,2025-02-11
L0209,2025-02-12
L0209,2025-02-13
L0209,2025-02-14
L0209,2025-02-15
L0209,2025-02-16
L0209,2025-02-17
L0209,2025-02-18
L0209,2025-02-19
L0209,2025-02-20
L0209,2025-02-21
L0209,2025-02-22
L0209,2025-02-23
L0209,2025-02-24
L0209,2025-02-25
L0209,2025-02-26
L0209,2025-02-27
L0209,2025-02-28
L0209,2025-03-01
L0209,2025-03-02
L0209,2025-03-03
L0209,2025-03-04
L0209,2025-03-05
L0209,2025-03-06
L0209,2025-03-07
L0209,2025-03-08
L0209,2025-03-09
L0209,2025-03-10
L0209,2025-03-11
L0209,2025-03-12
L0209,2025-03-13
L0209,2025-03-14
L0209,2025-03-15
L0209,2025-03-16
L0209,2025-03-17
L0209,2025-03-18
L0209,2025-03-19
L0209,2025-03-20
L0209,2025-03-21
L0209,2025-03-22
L0209,2025-03-23
L0209,2025-03-24
L0209,2025-03-25
L0209,2025-03-26
L0209,2025-03-27
L0209,2025-03-28
L0209,2025-03-29
L0209,2025-03-30
L0209,2025-03-31
L0209,2025-04-01
L0209,2025-04-02
L0209,2025-04-03
L0209,2025-04-04
L0209,2025-04-05
L0209,2025-04-06
L0209,2025-04-07
L0209,2025-04-08
L0209,2025-04-09
L0209,2025-04-10
L0209,2025-04-11
L0209,2025-04-12
L0209,2025-04-13
L0209,2025-04-14
L0209,2025-04-15
L0209,2025-04-16
L0209,2025-04-17
L0209,2025-04-18
L0209,2025-04-19
L0209,2025-04-20
L0209,2025-04-21
L0209,2025-04-22
L0209,2025-04-23
L0209,2025-04-24
L0209,2025-04-25
L0209,2025-04-26
L0209,2025-04-27
L0209,2025-04-28
L0209,2025-04-29
L0209,2025-04-30
L0209,2025-05-01
L0209,2025-05-02
L0209,2025-05-03
L0209,2025-05-04
L0209,2025-05-05
L0209,2025-05-06
L0209,2025-05-07
L0209,2025-05-08
L0209,2025-05-09
L0209,2025-05-10
L0209,2025-05-11
L0209,2025-05-12
L0209,2025-05-13
L0209,2025-05-14
L0209,2025-05-15
L0209,2025-05-16
L0209,2025-05-17
L0209,2025-05-18
L0209,2025-05-19
L0209,2025-05-20
L0209,2025-05-21
L0209,2025-05-22
L0209,2025-05-23
L0209,2025-05-24
L0209,2025-05-25
L0209,2025-05-26
L0209,2025-05-27
L0209,2025-05-28
L0209,2025-05-29
L0209,2025-05-30
L0209,2025-05-31
L0209,2025-06-01
L0209,2025-06-02
L0209,2025-06-03
L0209,2025-06-04
L0209,2025-06-05
L0209,2025-06-06
L0209,2025-06-07
L0209,2025-06-08
L0209,2025-06-09
L0209,2025-06-10
L0209,2025-06-11
L0209,2025-06-12
L0209,2025-06-13
L0209,2025-06-14
L0209,2025-06-15
L0209,2025-06-16
L0209,2025-06-17
L0209,2025-06-18
L0209,2025-06-19
L0209,2025-06-20
L0209,2025-06-21
L0209,2025-06-22
L0209,2025-06-23
L0209,2025-06-24
L0209,2025-06-25
L0209,2025-06-26
L0209,2025-06-27
L0209,2025-06-28
L0209,2025-06-29
L0210,2025-01-01
L0210,2025-01-02
L0210,2025-01-03
L0210,2025-01-04
L0210,2025-01-05
L0210,2025-01-06
L0210,2025-01-07
L0210,2025-01-08
L0210,2025-01-09
L0210,2025-01-10
L0210,2025-01-11
L0210,2025-01-12
L0210,2025-01-13
L0210,2025-01-14
L0210,2025-01-15
L0210,2025-01-16
L0210,2025-01-17
L0210,2025-01-18
L0210,2025-01-19
L0210,2025-01-20
L0210,2025-01-21
L0210,2025-01-22
L0210,2025-01-23
L0210,2025-01-24
L0210,2025-01-25
L0210,2025-01-26
L0210,2025-01-27
L0210,2025-01-28
L0210,2025-01-29
L0210,2025-01-30
L0210,2025-01-31
L0210,2025-02-01
L0210,2025-02-02
L0210,2025-02-03
L0210,2025-02-04
L0210,2025-02-05
L0210,2025-02-06
L0210,2025-02-07
L0210,2025-02-08
L0210,2025-02-09
L0210,2025-02-10
L0210,2025-02-11
L0210,2025-02-12
L0210,2025-02-13
L0210,2025-02-14
L0210,2025-02-15
L0210,2025-02-16
L0210,2025-02-17
L0210,2025-02-18
L0210,2025-02-19
L0210,2025-02-20
L0210,2025-02-21
L0210,2025-02-22
L0210,2025-02-23
L0210,2025-02-24
L0210,2025-02-25
L0210,2025-02-26
L0210,2025-02-27
L0210,2025-02-28
L0210,2025-03-01
L0210,2025-03-02
L0210,2025-03-03
L0210,2025-03-04
L0210,2025-03-05
L0210,2025-03-06
L0210,2025-03-07
L0210,2025-03-08
L0210,2025-03-09
L0210,2025-03-10
L0210,2025-03-11
L0210,2025-03-12
L0210,2025-03-13
L0210,2025-03-14
L0210,2025-03-15
L0210,2025-03-16
L0210,2025-03-17
L0210,2025-03-18
L0210,2025-03-19
L0210,2025-03-20
L0210,2025-03-21
L0210,2025-03-22
L0210,2025-03-23
L0210,2025-03-24
L0210,2025-03-25
L0210,2025-03-26
L0210,2025-03-27
L0210,2025-03-28
L0210,2025-03-29
L0210,2025-03-30
L0210,2025-03-31
L0210,2025-04-01
L0210,2025-04-02
L0210,2025-04-03
L0210,2025-04-04
L0210,2025-04-05
L0210,2025-04-06
L0210,2025-04-07
L0210,2025-04-08
L0210,2025-04-09
L0210,2025-04-10
L0210,2025-04-11
L0210,2025-04-12
L0210,2025-04-13
L0210,2025-04-14
L0210,2025-04-15
L0210,2025-04-16
L0210,2025-04-17
L0210,2025-04-18
L0210,2025-04-19
L0210,2025-04-20
L0210,2025-04-21
L0210,2025-04-22
L0210,2025-04-23
L0210,2025-04-24
L0210,2025-04-25
L0210,2025-04-26
L0210,2025-04-27
L0210,2025-04-28
L0210,2025-04-29
L0210,2025-04-30
L0210,2025-05-01
L0210,2025-05-02
L0210,2025-05-03
L0210,2025-05-04
L0210,2025-05-05
L0210,2025-05-06
L0210,2025-05-07
L0210,2025-05-08
L0210,2025-05-09
L0210,2025-05-10
L0210,2025-05-11
L0210,2025-05-12
L0210,2025-05-13
L0210,2025-05-14
L0210,2025-05-15
L0210,2025-05-16
L0210,2025-05-17
L0210,2025-05-18
L0210,2025-05-19
L0210,2025-05-20
L0210,2025-05-21
L0210,2025-05-22
L0210,2025-05-23
L0210,2025-05-24
L0210,2025-05-25
L0210,2025-05-26
L0210,2025-05-27
L0210,2025-05-28
L0210,2025-05-29
L0210,2025-05-30
L0210,2025-05-31
L0210,2025-06-01
L0210,2025-06-02
L0210,2025-06-03
L0210,2025-06-04
L0210,2025-06-05
L0210,2025-06-06
L0210,2025-06-07
L0210,2025-06-08
L0210,2025-06-09
L0210,2025-06-10
L0210,2025-06-11
L0210,2025-06-12
L0210,2025-06-13
L0210,2025-06-14
L0210,2025-06-15
L0210,2025-06-16
L0210,2025-06-17
L0210,2025-06-18
L0210,2025-06-19
L0210,2025-06-20
L0210,2025-06-21
L0210,2025-06-22
L0210,2025-06-23
L0210,2025-06-24
L0210,2025-06-25
L0210,2025-06-26
L0210,2025-06-27
L0210,2025-06-28
L0210,2025-06-29
L0211,2025-01-01
L0211,2025-01-02
L0211,2025-01-03
L0211,2025-01-04
L0211,2025-01-05
L0211,2025-01-06
L0211,2025-01-07
L0211,2025-01-08
L0211,2025-01-09
L0211,2025-01-10
L0211,2025-01-11
L0211,2025-01-12
L0211,2025-01-13
L0211,2025-01-14
L0211,2025-01-15
L0211,2025-01-16
L0211,2025-01-17
L0211,2025-01-18
L0211,2025-01-19
L0211,2025-01-20
L0211,2025-01-21
L0211,2025-01-22
L0211,2025-01-23
L0211,2025-01-24
L0211,2025-01-25
L0211,2025-01-26
L0211,2025-01-27
L0211,2025-01-28
L0211,2025-01-29
L0211,2025-01-30
L0211,2025-01-31
L0211,2025-02-01
L0211,2025-02-02
L0211,2025-02-03
L0211,2025-02-04
L0211,2025-02-05
L0211,2025-02-06
L0211,2025-02-07
L0211,2025-02-08
L0211,2025-02-09
L0211,2025-02-10
L0211,2025-02-11
L0211,2025-02-12
L0211,2025-02-13
L0211,2025-02-14
L0211,2025-02-15
L0211,2025-02-16
L0211,2025-02-17
L0211,2025-02-18
L0211,2025-02-19
L0211,2025-02-20
L0211,2025-02-21
L0211,2025-02-22
L0211,2025-02-23
L0211,2025-02-24
L0211,2025-02-25
L0211,2025-02-26
L0211,2025-02-27
L0211,2025-02-28
L0211,2025-03-01
L0211,2025-03-02
L0211,2025-03-03
L0211,2025-03-04
L0211,2025-03-05
L0211,2025-03-06
L0211,2025-03-07
L0211,2025-03-08
L0211,2025-03-09
L0211,2025-03-10
L0211,2025-03-11
L0211,2025-03-12
L0211,2025-03-13
L0211,2025-03-14
L0211,2025-03-15
L0211,2025-03-16
L0211,2025-03-17
L0211,2025-03-18
L0211,2025-03-19
L0211,2025-03-20
L0211,2025-03-21
L0211,2025-03-22
L0211,2025-03-23
L0211,2025-03-24
L0211,2025-03-25
L0211,2025-03-26
L0211,2025-03-27
L0211,2025-03-28
L0211,2025-03-29
L0211,2025-03-30
L0211,2025-03-31
L0211,2025-04-01
L0211,2025-04-02
L0211,2025-04-03
L0211,2025-04-04
L0211,2025-04-05
L0211,2025-04-06
L0211,2025-04-07
L0211,2025-04-08
L0211,2025-04-09
L0211,2025-04-10
L0211,2025-04-11
L0211,2025-04-12
L0211,2025-04-13
L0211,2025-04-14
L0211,2025-04-15
L0211,2025-04-16
L0211,2025-04-17
L0211,2025-04-18
L0211,2025-04-19
L0211,2025-04-20
L0211,2025-04-21
L0211,2025-04-22
L0211,2025-04-23
L0211,2025-04-24
L0211,2025-04-25
L0211,2025-04-26
L0211,2025-04-27
L0211,2025-04-28
L0211,2025-04-29
L0211,2025-04-30
L0211,2025-05-01
L0211,2025-05-02
L0211,2025-05-03
L0211,2025-05-04
L0211,2025-05-05
L0211,2025-05-06
L0211,2025-05-07
L0211,2025-05-08
L0211,2025-05-09
L0211,2025-05-10
L0211,2025-05-11
L0211,2025-05-12
L0211,2025-05-13
L0211,2025-05-14
L0211,2025-05-15
L0211,2025-05-16
L0211,2025-05-17
L0211,2025-05-18
L0211,2025-05-19
L0211,2025-05-20
L0211,2025-05-21
L0211,2025-05-22
L0211,2025-05-23
L0211,2025-05-24
L0211,2025-05-25
L0211,2025-05-26
L0211,2025-05-27
L0211,2025-05-28
L0211,2025-05-29
L0211,2025-05-30
L0211,2025-05-31
L0211,2025-06-01
L0211,2025-06-02
L0211,2025-06-03
L0211,2025-06-04
L0211,2025-06-05
L0211,2025-06-06
L0211,2025-06-07
L0211,2025-06-08
L0211,2025-06-09
L0211,2025-06-10
L0211,2025-06-11
L0211,2025-06-12
L0211,2025-06-13
L0211,2025-06-14
L0211,2025-06-15
L0211,2025-06-16
L0211,2025-06-17
L0211,2025-06-18
L0211,2025-06-19
L0211,2025-06-20
L0211,2025-06-21
L0211,2025-06-22
L0211,2025-06-23
L0211,2025-06-24
L0211,2025-06-25
L0211,2025-06-26
L0211,2025-06-27
L0211,2025-06-28
L0211,2025-06-29
L0212,2025-01-01
L0212,2025-01-02
L0212,2025-01-03
L0212,2025-01-04
L0212,2025-01-05
L0212,2025-01-06
L0212,2025-01-07
L0212,2025-01-08
L0212,2025-01-09
L0212,2025-01-10
L0212,2025-01-11
L0212,2025-01-12
L0212,2025-01-13
L0212,2025-01-14
L0212,2025-01-15
L0212,2025-01-16
L0212,2025-01-17
L0212,2025-01-18
L0212,2025-01-19
L0212,2025-01-20
L0212,2025-01-21
L0212,2025-01-22
L0212,2025-01-23
L0212,2025-01-24
L0212,2025-01-25
L0212,2025-01-26
L0212,2025-01-27
L0212,2025-01-28
L0212,2025-01-29
L0212,2025-01-30
L0212,2025-01-31
L0212,2025-02-01
L0212,2025-02-02
L0212,2025-02-03
L0212,2025-02-04
L0212,2025-02-05
L0212,2025-02-06
L0212,2025-02-07
L0212,2025-02-08
L0212,2025-02-09
L0212,2025-02-10
L0212,2025-02-11
L0212,2025-02-12
L0212,2025-02-13
L0212,2025-02-14
L0212,2025-02-15
L0212,2025-02-16
L0212,2025-02-17
L0212,2025-02-18
L0212,2025-02-19
L0212,2025-02-20
L0212,2025-02-21
L0212,2025-02-22
L0212,2025-02-23
L0212,2025-02-24
L0212,2025-02-25
L0212,2025-02-26
L0212,2025-02-27
L0212,2025-02-28
L0212,2025-03-01
L0212,2025-03-02
L0212,2025-03-03
L0212,2025-03-04
L0212,2025-03-05
L0212,2025-03-06
L0212,2025-03-07
L0212,2025-03-08
L0212,2025-03-09
L0212,2025-03-10
L0212,2025-03-11
L0212,2025-03-12
L0212,2025-03-13
L0212,2025-03-14
L0212,2025-03-15
L0212,2025-03-16
L0212,2025-03-17
L0212,2025-03-18
L0212,2025-03-19
L0212,2025-03-20
L0212,2025-03-21
L0212,2025-03-22
L0212,2025-03-23
L0212,2025-03-24
L0212,2025-03-25
L0212,2025-03-26
L0212,2025-03-27
L0212,2025-03-28
L0212,2025-03-29
L0212,2025-03-30
L0212,2025-03-31
L0212,2025-04-01
L0212,2025-04-02
L0212,2025-04-03
L0212,2025-04-04
L0212,2025-04-05
L0212,2025-04-06
L0212,2025-04-07
L0212,2025-04-08
L0212,2025-04-09
L0212,2025-04-10
L0212,2025-04-11
L0212,2025-04-12
L0212,2025-04-13
L0212,2025-04-14
L0212,2025-04-15
L0212,2025-04-16
L0212,2025-04-17
L0212,2025-04-18
L0212,2025-04-19
L0212,2025-04-20
L0212,2025-04-21
L0212,2025-04-22
L0212,2025-04-23
L0212,2025-04-24
L0212,2025-04-25
L0212,2025-04-26
L0212,2025-04-27
L0212,2025-04-28
L0212,2025-04-29
L0212,2025-04-30
L0212,2025-05-01
L0212,2025-05-02
L0212,2025-05-03
L0212,2025-05-04
L0212,2025-05-05
L0212,2025-05-06
L0212,2025-05-07
L0212,2025-05-08
L0212,2025-05-09
L0212,2025-05-10
L0212,2025-05-11
L0212,2025-05-12
L0212,2025-05-13
L0212,2025-05-14
L0212,2025-05-15
L0212,2025-05-16
L0212,2025-05-17
L0212,2025-05-18
L0212,2025-05-19
L0212,2025-05-20
L0212,2025-05-21
L0212,2025-05-22
L0212,2025-05-23
L0212,2025-05-24
L0212,2025-05-25
L0212,2025-05-26
L0212,2025-05-27
L0212,2025-05-28
L0212,2025-05-29
L0212,2025-05-30
L0212,2025-05-31
L0212,2025-06-01
L0212,2025-06-02
L0212,2025-06-03
L0212,2025-06-04
L0212,2025-06-05
L0212,2025-06-06
L0212,2025-06-07
L0212,2025-06-08
L0212,2025-06-09
L0212,2025-06-10
L0212,2025-06-11
L0212,2025-06-12
L0212,2025-06-13
L0212,2025-06-14
L0212,2025-06-15
L0212,2025-06-16
L0212,2025-06-17
L0212,2025-06-18
L0212,2025-06-19
L0212,2025-06-20
L0212,2025-06-21
L0212,2025-06-22
L0212,2025-06-23
L0212,2025-06-24
L0212,2025-06-25
L0212,2025-06-26
L0212,2025-06-27
L0212,2025-06-28
L0212,2025-06-29
L0213,2025-01-01
L0213,2025-01-02
L0213,2025-01-03
L0213,2025-01-04
L0213,2025-01-05
L0213,2025-01-06
L0213,2025-01-07
L0213,2025-01-08
L0213,2025-01-09
L0213,2025-01-10
L0213,2025-01-11
L0213,2025-01-12
L0213,2025-01-13
L0213,2025-01-14
L0213,2025-01-15
L0213,2025-01-16
L0213,2025-01-17
L0213,2025-01-18
L0213,2025-01-19
L0213,2025-01-20
L0213,2025-01-21
L0213,2025-01-22
L0213,2025-01-23
L0213,2025-01-24
L0213,2025-01-25
L0213,2025-01-26
L0213,2025-01-27
L0213,2025-01-28
L0213,2025-01-29
L0213,2025-01-30
L0213,2025-01-31
L0213,2025-02-01
L0213,2025-02-02
L0213,2025-02-03
L0213,2025-02-04
L0213,2025-02-05
L0213,2025-02-06
L0213,2025-02-07
L0213,2025-02-08
L0213,2025-02-09
L0213,2025-02-10
L0213,2025-02-11
L0213,2025-02-12
L0213,2025-02-13
L0213,2025-02-14
L0213,2025-02-15
L0213,2025-02-16
L0213,2025-02-17
L0213,2025-02-18
L0213,2025-02-19
L0213,2025-02-20
L0213,2025-02-21
L0213,2025-02-22
L0213,2025-02-23
L0213,2025-02-24
L0213,2025-02-25
L0213,2025-02-26
L0213,2025-02-27
L0213,2025-02-28
L0213,2025-03-01
L0213,2025-03-02
L0213,2025-03-03
L0213,2025-03-04
L0213,2025-03-05
L0213,2025-03-06
L0213,2025-03-07
L0213,2025-03-08
L0213,2025-03-09
L0213,2025-03-10
L0213,2025-03-11
L0213,2025-03-12
L0213,2025-03-13
L0213,2025-03-14
L0213,2025-03-15
L0213,2025-03-16
L0213,2025-03-17
L0213,2025-03-18
L0213,2025-03-19
L0213,2025-03-20
L0213,2025-03-21
L0213,2025-03-22
L0213,2025-03-23
L0213,2025-03-24
L0213,2025-03-25
L0213,2025-03-26
L0213,2025-03-27
L0213,2025-03-28
L0213,2025-03-29
L0213,2025-03-30
L0213,2025-03-31
L0213,2025-04-01
L0213,2025-04-02
L0213,2025-04-03
L0213,2025-04-04
L0213,2025-04-05
L0213,2025-04-06
L0213,2025-04-07
L0213,2025-04-08
L0213,2025-04-09
L0213,2025-04-10
L0213,2025-04-11
L0213,2025-04-12
L0213,2025-04-13
L0213,2025-04-14
L0213,2025-04-15
L0213,2025-04-16
L0213,2025-04-17
L0213,2025-04-18
L0213,2025-04-19
L0213,2025-04-20
L0213,2025-04-21
L0213,2025-04-22
L0213,2025-04-23
L0213,2025-04-24
L0213,2025-04-25
L0213,2025-04-26
L0213,2025-04-27
L0213,2025-04-28
L0213,2025-04-29
L0213,2025-04-30
L0213,2025-05-01
L0213,2025-05-02
L0213,2025-05-03
L0213,2025-05-04
L0213,2025-05-05
L0213,2025-05-06
L0213,2025-05-07
L0213,2025-05-08
L0213,2025-05-09
L0213,2025-05-10
L0213,2025-05-11
L0213,2025-05-12
L0213,2025-05-13
L0213,2025-05-14
L0213,2025-05-15
L0213,2025-05-16
L0213,2025-05-17
L0213,2025-05-18
L0213,2025-05-19
L0213,2025-05-20
L0213,2025-05-21
L0213,2025-05-22
L0213,2025-05-23
L0213,2025-05-24
L0213,2025-05-25
L0213,2025-05-26
L0213,2025-05-27
L0213,2025-05-28
L0213,2025-05-29
L0213,2025-05-30
L0213,2025-05-31
L0213,2025-06-01
L0213,2025-06-02
L0213,2025-06-03
L0213,2025-06-04
L0213,2025-06-05
L0213,2025-06-06
L0213,2025-06-07
L0213,2025-06-08
L0213,2025-06-09
L0213,2025-06-10
L0213,2025-06-11
L0213,2025-06-12
L0213,2025-06-13
L0213,2025-06-14
L0213,2025-06-15
L0213,2025-06-16
L0213,2025-06-17
L0213,2025-06-18
L0213,2025-06-19
L0213,2025-06-20
L0213,2025-06-21
L0213,2025-06-22
L0213,2025-06-23
L0213,2025-06-24
L0213,2025-06-25
L0213,2025-06-26
L0213,2025-06-27
L0213,2025-06-28
L0213,2025-06-29
L0214,2025-01-01
L0214,2025-01-02
L0214,2025-01-03
L0214,2025-01-04
L0214,2025-01-05
L0214,2025-01-06
L0214,2025-01-07
L0214,2025-01-08
L0214,2025-01-09
L0214,2025-01-10
L0214,2025-01-11
L0214,2025-01-12
L0214,2025-01-13
L0214,2025-01-14
L0214,2025-01-15
L0214,2025-01-16
L0214,2025-01-17
L0214,2025-01-18
L0214,2025-01-19
L0214,2025-01-20
L0214,2025-01-21
L0214,2025-01-22
L0214,2025-01-23
L0214,2025-01-24
L0214,2025-01-25
L0214,2025-01-26
L0214,2025-01-27
L0214,2025-01-28
L0214,2025-01-29
L0214,2025-01-30
L0214,2025-01-31
L0214,2025-02-01
L0214,2025-02-02
L0214,2025-02-03
L0214,2025-02-04
L0214,2025-02-05
L0214,2025-02-06
L0214,2025-02-07
L0214,2025-02-08
L0214,2025-02-09
L0214,2025-02-10
L0214,2025-02-11
L0214,2025-02-12
L0214,2025-02-13
L0214,2025-02-14
L0214,2025-02-15
L0214,2025-02-16
L0214,2025-02-17
L0214,2025-02-18
L0214,2025-02-19
L0214,2025-02-20
L0214,2025-02-21
L0214,2025-02-22
L0214,2025-02-23
L0214,2025-02-24
L0214,2025-02-25
L0214,2025-02-26
L0214,2025-02-27
L0214,2025-02-28
L0214,2025-03-01
L0214,2025-03-02
L0214,2025-03-03
L0214,2025-03-04
L0214,2025-03-05
L0214,2025-03-06
L0214,2025-03-07
L0214,2025-03-08
L0214,2025-03-09
L0214,2025-03-10
L0214,2025-03-11
L0214,2025-03-12
L0214,2025-03-13
L0214,2025-03-14
L0214,2025-03-15
L0214,2025-03-16
L0214,2025-03-17
L0214,2025-03-18
L0214,2025-03-19
L0214,2025-03-20
L0214,2025-03-21
L0214,2025-03-22
L0214,2025-03-23
L0214,2025-03-24
L0214,2025-03-25
L0214,2025-03-26
L0214,2025-03-27
L0214,2025-03-28
L0214,2025-03-29
L0214,2025-03-30
L0214,2025-03-31
L0214,2025-04-01
L0214,2025-04-02
L0214,2025-04-03
L0214,2025-04-04
L0214,2025-04-05
L0214,2025-04-06
L0214,2025-04-07
L0214,2025-04-08
L0214,2025-04-09
L0214,2025-04-10
L0214,2025-04-11
L0214,2025-04-12
L0214,2025-04-13
L0214,2025-04-14
L0214,2025-04-15
L0214,2025-04-16
L0214,2025-04-17
L0214,2025-04-18
L0214,2025-04-19
L0214,2025-04-20
L0214,2025-04-21
L0214,2025-04-22
L0214,2025-04-23
L0214,2025-04-24
L0214,2025-04-25
L0214,2025-04-26
L0214,2025-04-27
L0214,2025-04-28
L0214,2025-04-29
L0214,2025-04-30
L0214,2025-05-01
L0214,2025-05-02
L0214,2025-05-03
L0214,2025-05-04
L0214,2025-05-05
L0214,2025-05-06
L0214,2025-05-07
L0214,2025-05-08
L0214,2025-05-09
L0214,2025-05-10
L0214,2025-05-11
L0214,2025-05-12
L0214,2025-05-13
L0214,2025-05-14
L0214,2025-05-15
L0214,2025-05-16
L0214,2025-05-17
L0214,2025-05-18
L0214,2025-05-19
L0214,2025-05-20
L0214,2025-05-21
L0214,2025-05-22
L0214,2025-05-23
L0214,2025-05-24
L0214,2025-05-25
L0214,2025-05-26
L0214,2025-05-27
L0214,2025-05-28
L0214,2025-05-29
L0214,2025-05-30
L0214,2025-05-31
L0214,2025-06-01
L0214,2025-06-02
L0214,2025-06-03
L0214,2025-06-04
L0214,2025-06-05
L0214,2025-06-06
L0214,2025-06-07
L0214,2025-06-08
L0214,2025-06-09
L0214,2025-06-10
L0214,2025-06-11
L0214,2025-06-12
L0214,2025-06-13
L0214,2025-06-14
L0214,2025-06-15
L0214,2025-06-16
L0214,2025-06-17
L0214,2025-06-18
L0214,2025-06-19
L0214,2025-06-20
L0214,2025-06-21
L0214,2025-06-22
L0214,2025-06-23
L0214,2025-06-24
L0214,2025-06-25
L0214,2025-06-26
L0214,2025-06-27
L0214,2025-06-28
L0214,2025-06-29
L0215,2025-01-01
L0215,2025-01-02
L0215,2025-01-03
L0215,2025-01-04
L0215,2025-01-05
L0215,2025-01-06
L0215,2025-01-07
L0215,2025-01-08
L0215,2025-01-09
L0215,2025-01-10
L0215,2025-01-11
L0215,2025-01-12
L0215,2025-01-13
L0215,2025-01-14
L0215,2025-01-15
L0215,2025-01-16
L0215,2025-01-17
L0215,2025-01-18
L0215,2025-01-19
L0215,2025-01-20
L0215,2025-01-21
L0215,2025-01-22
L0215,2025-01-23
L0215,2025-01-24
L0215,2025-01-25
L0215,2025-01-26
L0215,2025-01-27
L0215,2025-01-28
L0215,2025-01-29
L0215,2025-01-30
L0215,2025-01-31
L0215,2025-02-01
L0215,2025-02-02
L0215,2025-02-03
L0215,2025-02-04
L0215,2025-02-05
L0215,2025-02-06
L0215,2025-02-07
L0215,2025-02-08
L0215,2025-02-09
L0215,2025-02-10
L0215,2025-02-11
L0215,2025-02-12
L0215,2025-02-13
L0215,2025-02-14
L0215,2025-02-15
L0215,2025-02-16
L0215,2025-02-17
L0215,2025-02-18
L0215,2025-02-19
L0215,2025-02-20
L0215,2025-02-21
L0215,2025-02-22
L0215,2025-02-23
L0215,2025-02-24
L0215,2025-02-25
L0215,2025-02-26
L0215,2025-02-27
L0215,2025-02-28
L0215,2025-03-01
L0215,2025-03-02
L0215,2025-03-03
L0215,2025-03-04
L0215,2025-03-05
L0215,2025-03-06
L0215,2025-03-07
L0215,2025-03-08
L0215,2025-03-09
L0215,2025-03-10
L0215,2025-03-11
L0215,2025-03-12
L0215,2025-03-13
L0215,2025-03-14
L0215,2025-03-15
L0215,2025-03-16
L0215,2025-03-17
L0215,2025-03-18
L0215,2025-03-19
L0215,2025-03-20
L0215,2025-03-21
L0215,2025-03-22
L0215,2025-03-23
L0215,2025-03-24
L0215,2025-03-25
L0215,2025-03-26
L0215,2025-03-27
L0215,2025-03-28
L0215,2025-03-29
L0215,2025-03-30
L0215,2025-03-31
L0215,2025-04-01
L0215,2025-04-02
L0215,2025-04-03
L0215,2025-04-04
L0215,2025-04-05
L0215,2025-04-06
L0215,2025-04-07
L0215,2025-04-08
L0215,2025-04-09
L0215,2025-04-10
L0215,2025-04-11
L0215,2025-04-12
L0215,2025-04-13
L0215,2025-04-14
L0215,2025-04-15
L0215,2025-04-16
L0215,2025-04-17
L0215,2025-04-18
L0215,2025-04-19
L0215,2025-04-20
L0215,2025-04-21
L0215,2025-04-22
L0215,2025-04-23
L0215,2025-04-24
L0215,2025-04-25
L0215,2025-04-26
L0215,2025-04-27
L0215,2025-04-28
L0215,2025-04-29
L0215,2025-04-30
L0215,2025-05-01
L0215,2025-05-02
L0215,2025-05-03
L0215,2025-05-04
L0215,2025-05-05
L0215,2025-05-06
L0215,2025-05-07
L0215,2025-05-08
L0215,2025-05-09
L0215,2025-05-10
L0215,2025-05-11
L0215,2025-05-12
L0215,2025-05-13
L0215,2025-05-14
L0215,2025-05-15
L0215,2025-05-16
L0215,2025-05-17
L0215,2025-05-18
L0215,2025-05-19
L0215,2025-05-20
L0215,2025-05-21
L0215,2025-05-22
L0215,2025-05-23
L0215,2025-05-24
L0215,2025-05-25
L0215,2025-05-26
L0215,2025-05-27
L0215,2025-05-28
L0215,2025-05-29
L0215,2025-05-30
L0215,2025-05-31
L0215,2025-06-01
L0215,2025-06-02
L0215,2025-06-03
L0215,2025-06-04
L0215,2025-06-05
L0215,2025-06-06
L0215,2025-06-07
L0215,2025-06-08
L0215,2025-06-09
L0215,2025-06-10
L0215,2025-06-11
L0215,2025-06-12
L0215,2025-06-13
L0215,2025-06-14
L0215,2025-06-15
L0215,2025-06-16
L0215,2025-06-17
L0215,2025-06-18
L0215,2025-06-19
L0215,2025-06-20
L0215,2025-06-21
L0215,2025-06-22
L0215,2025-06-23
L0215,2025-06-24
L0215,2025-06-25
L0215,2025-06-26
L0215,2025-06-27
L0215,2025-06-28
L0215,2025-06-29
L0216,2025-01-01
L0216,2025-01-02
L0216,2025-01-03
L0216,2025-01-04
L0216,2025-01-05
L0216,2025-01-06
L0216,2025-01-07
L0216,2025-01-08
L0216,2025-01-09
L0216,2025-01-10
L0216,2025-01-11
L0216,2025-01-12
L0216,2025-01-13
L0216,2025-01-14
L0216,2025-01-15
L0216,2025-01-16
L0216,2025-01-17
L0216,2025-01-18
L0216,2025-01-19
L0216,2025-01-20
L0216,2025-01-21
L0216,2025-01-22
L0216,2025-01-23
L0216,2025-01-24
L0216,2025-01-25
L0216,2025-01-26
L0216,2025-01-27
L0216,2025-01-28
L0216,2025-01-29
L0216,2025-01-30
L0216,2025-01-31
L0216,2025-02-01
L0216,2025-02-02
L0216,2025-02-03
L0216,2025-02-04
L0216,2025-02-05
L0216,2025-02-06
L0216,2025-02-07
L0216,2025-02-08
L0216,2025-02-09
L0216,2025-02-10
L0216,2025-02-11
L0216,2025-02-12
L0216,2025-02-13
L0216,2025-02-14
L0216,2025-02-15
L0216,2025-02-16
L0216,2025-02-17
L0216,2025-02-18
L0216,2025-02-19
L0216,2025-02-20
L0216,2025-02-21
L0216,2025-02-22
L0216,2025-02-23
L0216,2025-02-24
L0216,2025-02-25
L0216,2025-02-26
L0216,2025-02-27
L0216,2025-02-28
L0216,2025-03-01
L0216,2025-03-02
L0216,2025-03-03
L0216,2025-03-04
L0216,2025-03-05
L0216,2025-03-06
L0216,2025-03-07
L0216,2025-03-08
L0216,2025-03-09
L0216,2025-03-10
L0216,2025-03-11
L0216,2025-03-12
L0216,2025-03-13
L0216,2025-03-14
L0216,2025-03-15
L0216,2025-03-16
L0216,2025-03-17
L0216,2025-03-18
L0216,2025-03-19
L0216,2025-03-20
L0216,2025-03-21
L0216,2025-03-22
L0216,2025-03-23
L0216,2025-03-24
L0216,2025-03-25
L0216,2025-03-26
L0216,2025-03-27
L0216,2025-03-28
L0216,2025-03-29
L0216,2025-03-30
L0216,2025-03-31
L0216,2025-04-01
L0216,2025-04-02
L0216,2025-04-03
L0216,2025-04-04
L0216,2025-04-05
L0216,2025-04-06
L0216,2025-04-07
L0216,2025-04-08
L0216,2025-04-09
L0216,2025-04-10
L0216,2025-04-11
L0216,2025-04-12
L0216,2025-04-13
L0216,2025-04-14
L0216,2025-04-15
L0216,2025-04-16
L0216,2025-04-17
L0216,2025-04-18
L0216,2025-04-19
L0216,2025-04-20
L0216,2025-04-21
L0216,2025-04-22
L0216,2025-04-23
L0216,2025-04-24
L0216,2025-04-25
L0216,2025-04-26
L0216,2025-04-27
L0216,2025-04-28
L0216,2025-04-29
L0216,2025-04-30
L0216,2025-05-01
L0216,2025-05-02
L0216,2025-05-03
L0216,2025-05-04
L0216,2025-05-05
L0216,2025-05-06
L0216,2025-05-07
L0216,2025-05-08
L0216,2025-05-09
L0216,2025-05-10
L0216,2025-05-11
L0216,2025-05-12
L0216,2025-05-13
L0216,2025-05-14
L0216,2025-05-15
L0216,2025-05-16
L0216,2025-05-17
L0216,2025-05-18
L0216,2025-05-19
L0216,2025-05-20
L0216,2025-05-21
L0216,2025-05-22
L0216,2025-05-23
L0216,2025-05-24
L0216,2025-05-25
L0216,2025-05-26
L0216,2025-05-27
L0216,2025-05-28
L0216,2025-05-29
L0216,2025-05-30
L0216,2025-05-31
L0216,2025-06-01
L0216,2025-06-02
L0216,2025-06-03
L0216,2025-06-04
L0216,2025-06-05
L0216,2025-06-06
L0216,2025-06-07
L0216,2025-06-08
L0216,2025-06-09
L0216,2025-06-10
L0216,2025-06-11
L0216,2025-06-12
L0216,2025-06-13
L0216,2025-06-14
L0216,2025-06-15
L0216,2025-06-16
L0216,2025-06-17
L0216,2025-06-18
L0216,2025-06-19
L0216,2025-06-20
L0216,2025-06-21
L0216,2025-06-22
L0216,2025-06-23
L0216,2025-06-24
L0216,2025-06-25
L0216,2025-06-26
L0216,2025-06-27
L0216,2025-06-28
L0216,2025-06-29
L0217,2025-01-01
L0217,2025-01-02
L0217,2025-01-03
L0217,2025-01-04
L0217,2025-01-05
L0217,2025-01-06
L0217,2025-01-07
L0217,2025-01-08
L0217,2025-01-09
L0217,2025-01-10
L0217,2025-01-11
L0217,2025-01-12
L0217,2025-01-13
L0217,2025-01-14
L0217,2025-01-15
L0217,2025-01-16
L0217,2025-01-17
L0217,2025-01-18
L0217,2025-01-19
L0217,2025-01-20
L0217,2025-01-21
L0217,2025-01-22
L0217,2025-01-23
L0217,2025-01-24
L0217,2025-01-25
L0217,2025-01-26
L0217,2025-01-27
L0217,2025-01-28
L0217,2025-01-29
L0217,2025-01-30
L0217,2025-01-31
L0217,2025-02-01
L0217,2025-02-02
L0217,2025-02-03
L0217,2025-02-04
L0217,2025-02-05
L0217,2025-02-06
L0217,2025-02-07
L0217,2025-02-08
L0217,2025-02-09
L0217,2025-02-10
L0217,2025-02-11
L0217,2025-02-12
L0217,2025-02-13
L0217,2025-02-14
L0217,2025-02-15
L0217,2025-02-16
L0217,2025-02-17
L0217,2025-02-18
L0217,2025-02-19
L0217,2025-02-20
L0217,2025-02-21
L0217,2025-02-22
L0217,2025-02-23
L0217,2025-02-24
L0217,2025-02-25
L0217,2025-02-26
L0217,2025-02-27
L0217,2025-02-28
L0217,2025-03-01
L0217,2025-03-02
L0217,2025-03-03
L0217,2025-03-04
L0217,2025-03-05
L0217,2025-03-06
L0217,2025-03-07
L0217,2025-03-08
L0217,2025-03-09
L0217,2025-03-10
L0217,2025-03-11
L0217,2025-03-12
L0217,2025-03-13
L0217,2025-03-14
L0217,2025-03-15
L0217,2025-03-16
L0217,2025-03-17
L0217,2025-03-18
L0217,2025-03-19
L0217,2025-03-20
L0217,2025-03-21
L0217,2025-03-22
L0217,2025-03-23
L0217,2025-03-24
L0217,2025-03-25
L0217,2025-03-26
L0217,2025-03-27
L0217,2025-03-28
L0217,2025-03-29
L0217,2025-03-30
L0217,2025-03-31
L0217,2025-04-01
L0217,2025-04-02
L0217,2025-04-03
L0217,2025-04-04
L0217,2025-04-05
L0217,2025-04-06
L0217,2025-04-07
L0217,2025-04-08
L0217,2025-04-09
L0217,2025-04-10
L0217,2025-04-11
L0217,2025-04-12
L0217,2025-04-13
L0217,2025-04-14
L0217,2025-04-15
L0217,2025-04-16
L0217,2025-04-17
L0217,2025-04-18
L0217,2025-04-19
L0217,2025-04-20
L0217,2025-04-21
L0217,2025-04-22
L0217,2025-04-23
L0217,2025-04-24
L0217,2025-04-25
L0217,2025-04-26
L0217,2025-04-27
L0217,2025-04-28
L0217,2025-04-29
L0217,2025-04-30
L0217,2025-05-01
L0217,2025-05-02
L0217,2025-05-03
L0217,2025-05-04
L0217,2025-05-05
L0217,2025-05-06
L0217,2025-05-07
L0217,2025-05-08
L0217,2025-05-09
L0217,2025-05-10
L0217,2025-05-11
L0217,2025-05-12
L0217,2025-05-13
L0217,2025-05-14
L0217,2025-05-15
L0217,2025-05-16
L0217,2025-05-17
L0217,2025-05-18
L0217,2025-05-19
L0217,2025-05-20
L0217,2025-05-21
L0217,2025-05-22
L0217,2025-05-23
L0217,2025-05-24
L0217,2025-05-25
L0217,2025-05-26
L0217,2025-05-27
L0217,2025-05-28
L0217,2025-05-29
L0217,2025-05-30
L0217,2025-05-31
L0217,2025-06-01
L0217,2025-06-02
L0217,2025-06-03
L0217,2025-06-04
L0217,2025-06-05
L0217,2025-06-06
L0217,2025-06-07
L0217,2025-06-08
L0217,2025-06-09
L0217,2025-06-10
L0217,2025-06-11
L0217,2025-06-12
L0217,2025-06-13
L0217,2025-06-14
L0217,2025-06-15
L0217,2025-06-16
L0217,2025-06-17
L0217,2025-06-18
L0217,2025-06-19
L0217,2025-06-20
L0217,2025-06-21
L0217,2025-06-22
L0217,2025-06-23
L0217,2025-06-24
L0217,2025-06-25
L0217,2025-06-26
L0217,2025-06-27
L0217,2025-06-28
L0217,2025-06-29
L0218,2025-01-01
L0218,2025-01-02
L0218,2025-01-03
L0218,2025-01-04
L0218,2025-01-05
L0218,2025-01-06
L0218,2025-01-07
L0218,2025-01-08
L0218,2025-01-09
L0218,2025-01-10
L0218,2025-01-11
L0218,2025-01-12
L0218,2025-01-13
L0218,2025-01-14
L0218,2025-01-15
L0218,2025-01-16
L0218,2025-01-17
L0218,2025-01-18
L0218,2025-01-19
L0218,2025-01-20
L0218,2025-01-21
L0218,2025-01-22
L0218,2025-01-23
L0218,2025-01-24
L0218,2025-01-25
L0218,2025-01-26
L0218,2025-01-27
L0218,2025-01-28
L0218,2025-01-29
L0218,2025-01-30
L0218,2025-01-31
L0218,2025-02-01
L0218,2025-02-02
L0218,2025-02-03
L0218,2025-02-04
L0218,2025-02-05
L0218,2025-02-06
L0218,2025-02-07
L0218,2025-02-08
L0218,2025-02-09
L0218,2025-02-10
L0218,2025-02-11
L0218,2025-02-12
L0218,2025-02-13
L0218,2025-02-14
L0218,2025-02-15
L0218,2025-02-16
L0218,2025-02-17
L0218,2025-02-18
L0218,2025-02-19
L0218,2025-02-20
L0218,2025-02-21
L0218,2025-02-22
L0218,2025-02-23
L0218,2025-02-24
L0218,2025-02-25
L0218,2025-02-26
L0218,2025-02-27
L0218,2025-02-28
L0218,2025-03-01
L0218,2025-03-02
L0218,2025-03-03
L0218,2025-03-04
L0218,2025-03-05
L0218,2025-03-06
L0218,2025-03-07
L0218,2025-03-08
L0218,2025-03-09
L0218,2025-03-10
L0218,2025-03-11
L0218,2025-03-12
L0218,2025-03-13
L0218,2025-03-14
L0218,2025-03-15
L0218,2025-03-16
L0218,2025-03-17
L0218,2025-03-18
L0218,2025-03-19
L0218,2025-03-20
L0218,2025-03-21
L0218,2025-03-22
L0218,2025-03-23
L0218,2025-03-24
L0218,2025-03-25
L0218,2025-03-26
L0218,2025-03-27
L0218,2025-03-28
L0218,2025-03-29
L0218,2025-03-30
L0218,2025-03-31
L0218,2025-04-01
L0218,2025-04-02
L0218,2025-04-03
L0218,2025-04-04
L0218,2025-04-05
L0218,2025-04-06
L0218,2025-04-07
L0218,2025-04-08
L0218,2025-04-09
L0218,2025-04-10
L0218,2025-04-11
L0218,2025-04-12
L0218,2025-04-13
L0218,2025-04-14
L0218,2025-04-15
L0218,2025-04-16
L0218,2025-04-17
L0218,2025-04-18
L0218,2025-04-19
L0218,2025-04-20
L0218,2025-04-21
L0218,2025-04-22
L0218,2025-04-23
L0218,2025-04-24
L0218,2025-04-25
L0218,2025-04-26
L0218,2025-04-27
L0218,2025-04-28
L0218,2025-04-29
L0218,2025-04-30
L0218,2025-05-01
L0218,2025-05-02
L0218,2025-05-03
L0218,2025-05-04
L0218,2025-05-05
L0218,2025-05-06
L0218,2025-05-07
L0218,2025-05-08
L0218,2025-05-09
L0218,2025-05-10
L0218,2025-05-11
L0218,2025-05-12
L0218,2025-05-13
L0218,2025-05-14
L0218,2025-05-15
L0218,2025-05-16
L0218,2025-05-17
L0218,2025-05-18
L0218,2025-05-19
L0218,2025-05-20
L0218,2025-05-21
L0218,2025-05-22
L0218,2025-05-23
L0218,2025-05-24
L0218,2025-05-25
L0218,2025-05-26
L0218,2025-05-27
L0218,2025-05-28
L0218,2025-05-29
L0218,2025-05-30
L0218,2025-05-31
L0218,2025-06-01
L0218,2025-06-02
L0218,2025-06-03
L0218,2025-06-04
L0218,2025-06-05
L0218,2025-06-06
L0218,2025-06-07
L0218,2025-06-08
L0218,2025-06-09
L0218,2025-06-10
L0218,2025-06-11
L0218,2025-06-12
L0218,2025-06-13
L0218,2025-06-14
L0218,2025-06-15
L0218,2025-06-16
L0218,2025-06-17
L0218,2025-06-18
L0218,2025-06-19
L0218,2025-06-20
L0218,2025-06-21
L0218,2025-06-22
L0218,2025-06-23
L0218,2025-06-24
L0218,2025-06-25
L0218,2025-06-26
L0218,2025-06-27
L0218,2025-06-28
L0218,2025-06-29
L0219,2025-01-01
L0219,2025-01-02
L0219,2025-01-03
L0219,2025-01-04
L0219,2025-01-05
L0219,2025-01-06
L0219,2025-01-07
L0219,2025-01-08
L0219,2025-01-09
L0219,2025-01-10
L0219,2025-01-11
L0219,2025-01-12
L0219,2025-01-13
L0219,2025-01-14
L0219,2025-01-15
L0219,2025-01-16
L0219,2025-01-17
L0219,2025-01-18
L0219,2025-01-19
L0219,2025-01-20
L0219,2025-01-21
L0219,2025-01-22
L0219,2025-01-23
L0219,2025-01-24
L0219,2025-01-25
L0219,2025-01-26
L0219,2025-01-27
L0219,2025-01-28
L0219,2025-01-29
L0219,2025-01-30
L0219,2025-01-31
L0219,2025-02-01
L0219,2025-02-02
L0219,2025-02-03
L0219,2025-02-04
L0219,2025-02-05
L0219,2025-02-06
L0219,2025-02-07
L0219,2025-02-08
L0219,2025-02-09
L0219,2025-02-10
L0219,2025-02-11
L0219,2025-02-12
L0219,2025-02-13
L0219,2025-02-14
L0219,2025-02-15
L0219,2025-02-16
L0219,2025-02-17
L0219,2025-02-18
L0219,2025-02-19
L0219,2025-02-20
L0219,2025-02-21
L0219,2025-02-22
L0219,2025-02-23
L0219,2025-02-24
L0219,2025-02-25
L0219,2025-02-26
L0219,2025-02-27
L0219,2025-02-28
L0219,2025-03-01
L0219,2025-03-02
L0219,2025-03-03
L0219,2025-03-04
L0219,2025-03-05
L0219,2025-03-06
L0219,2025-03-07
L0219,2025-03-08
L0219,2025-03-09
L0219,2025-03-10
L0219,2025-03-11
L0219,2025-03-12
L0219,2025-03-13
L0219,2025-03-14
L0219,2025-03-15
L0219,2025-03-16
L0219,2025-03-17
L0219,2025-03-18
L0219,2025-03-19
L0219,2025-03-20
L0219,2025-03-21
L0219,2025-03-22
L0219,2025-03-23
L0219,2025-03-24
L0219,2025-03-25
L0219,2025-03-26
L0219,2025-03-27
L0219,2025-03-28
L0219,2025-03-29
L0219,2025-03-30
L0219,2025-03-31
L0219,2025-04-01
L0219,2025-04-02
L0219,2025-04-03
L0219,2025-04-04
L0219,2025-04-05
L0219,2025-04-06
L0219,2025-04-07
L0219,2025-04-08
L0219,2025-04-09
L0219,2025-04-10
L0219,2025-04-11
L0219,2025-04-12
L0219,2025-04-13
L0219,2025-04-14
L0219,2025-04-15
L0219,2025-04-16
L0219,2025-04-17
L0219,2025-04-18
L0219,2025-04-19
L0219,2025-04-20
L0219,2025-04-21
L0219,2025-04-22
L0219,2025-04-23
L0219,2025-04-24
L0219,2025-04-25
L0219,2025-04-26
L0219,2025-04-27
L0219,2025-04-28
L0219,2025-04-29
L0219,2025-04-30
L0219,2025-05-01
L0219,2025-05-02
L0219,2025-05-03
L0219,2025-05-04
L0219,2025-05-05
L0219,2025-05-06
L0219,2025-05-07
L0219,2025-05-08
L0219,2025-05-09
L0219,2025-05-10
L0219,2025-05-11
L0219,2025-05-12
L0219,2025-05-13
L0219,2025-05-14
L0219,2025-05-15
L0219,2025-05-16
L0219,2025-05-17
L0219,2025-05-18
L0219,2025-05-19
L0219,2025-05-20
L0219,2025-05-21
L0219,2025-05-22
L0219,2025-05-23
L0219,2025-05-24
L0219,2025-05-25
L0219,2025-05-26
L0219,2025-05-27
L0219,2025-05-28
L0219,2025-05-29
L0219,2025-05-30
L0219,2025-05-31
L0219,2025-06-01
L0219,2025-06-02
L0219,2025-06-03
L0219,2025-06-04
L0219,2025-06-05
L0219,2025-06-06
L0219,2025-06-07
L0219,2025-06-08
L0219,2025-06-09
L0219,2025-06-10
L0219,2025-06-11
L0219,2025-06-12
L0219,2025-06-13
L0219,2025-06-14
L0219,2025-06-15
L0219,2025-06-16
L0219,2025-06-17
L0219,2025-06-18
L0219,2025-06-19
L0219,2025-06-20
L0219,2025-06-21
L0219,2025-06-22
L0219,2025-06-23
L0219,2025-06-24
L0219,2025-06-25
L0219,2025-06-26
L0219,2025-06-27
L0219,2025-06-28
L0219,2025-06-29
L0220,2025-01-01
L0220,2025-01-02
L0220,2025-01-03
L0220,2025-01-04
L0220,2025-01-05
L0220,2025-01-06
L0220,2025-01-07
L0220,2025-01-08
L0220,2025-01-09
L0220,2025-01-10
L0220,2025-01-11
L0220,2025-01-12
L0220,2025-01-13
L0220,2025-01-14
L0220,2025-01-15
L0220,2025-01-16
L0220,2025-01-17
L0220,2025-01-18
L0220,2025-01-19
L0220,2025-01-20
L0220,2025-01-21
L0220,2025-01-22
L0220,2025-01-23
L0220,2025-01-24
L0220,2025-01-25
L0220,2025-01-26
L0220,2025-01-27
L0220,2025-01-28
L0220,2025-01-29
L0220,2025-01-30
L0220,2025-01-31
L0220,2025-02-01
L0220,2025-02-02
L0220,2025-02-03
L0220,2025-02-04
L0220,2025-02-05
L0220,2025-02-06
L0220,2025-02-07
L0220,2025-02-08
L0220,2025-02-09
L0220,2025-02-10
L0220,2025-02-11
L0220,2025-02-12
L0220,2025-02-13
L0220,2025-02-14
L0220,2025-02-15
L0220,2025-02-16
L0220,2025-02-17
L0220,2025-02-18
L0220,2025-02-19
L0220,2025-02-20
L0220,2025-02-21
L0220,2025-02-22
L0220,2025-02-23
L0220,2025-02-24
L0220,2025-02-25
L0220,2025-02-26
L0220,2025-02-27
L0220,2025-02-28
L0220,2025-03-01
L0220,2025-03-02
L0220,2025-03-03
L0220,2025-03-04
L0220,2025-03-05
L0220,2025-03-06
L0220,2025-03-07
L0220,2025-03-08
L0220,2025-03-09
L0220,2025-03-10
L0220,2025-03-11
L0220,2025-03-12
L0220,2025-03-13
L0220,2025-03-14
L0220,2025-03-15
L0220,2025-03-16
L0220,2025-03-17
L0220,2025-03-18
L0220,2025-03-19
L0220,2025-03-20
L0220,2025-03-21
L0220,2025-03-22
L0220,2025-03-23
L0220,2025-03-24
L0220,2025-03-25
L0220,2025-03-26
L0220,2025-03-27
L0220,2025-03-28
L0220,2025-03-29
L0220,2025-03-30
L0220,2025-03-31
L0220,2025-04-01
L0220,2025-04-02
L0220,2025-04-03
L0220,2025-04-04
L0220,2025-04-05
L0220,2025-04-06
L0220,2025-04-07
L0220,2025-04-08
L0220,2025-04-09
L0220,2025-04-10
L0220,2025-04-11
L0220,2025-04-12
L0220,2025-04-13
L0220,2025-04-14
L0220,2025-04-15
L0220,2025-04-16
L0220,2025-04-17
L0220,2025-04-18
L0220,2025-04-19
L0220,2025-04-20
L0220,2025-04-21
L0220,2025-04-22
L0220,2025-04-23
L0220,2025-04-24
L0220,2025-04-25
L0220,2025-04-26
L0220,2025-04-27
L0220,2025-04-28
L0220,2025-04-29
L0220,2025-04-30
L0220,2025-05-01
L0220,2025-05-02
L0220,2025-05-03
L0220,2025-05-04
L0220,2025-05-05
L0220,2025-05-06
L0220,2025-05-07
L0220,2025-05-08
L0220,2025-05-09
L0220,2025-05-10
L0220,2025-05-11
L0220,2025-05-12
L0220,2025-05-13
L0220,2025-05-14
L0220,2025-05-15
L0220,2025-05-16
L0220,2025-05-17
L0220,2025-05-18
L0220,2025-05-19
L0220,2025-05-20
L0220,2025-05-21
L0220,2025-05-22
L0220,2025-05-23
L0220,2025-05-24
L0220,2025-05-25
L0220,2025-05-26
L0220,2025-05-27
L0220,2025-05-28
L0220,2025-05-29
L0220,2025-05-30
L0220,2025-05-31
L0220,2025-06-01
L0220,2025-06-02
L0220,2025-06-03
L0220,2025-06-04
L0220,2025-06-05
L0220,2025-06-06
L0220,2025-06-07
L0220,2025-06-08
L0220,2025-06-09
L0220,2025-06-10
L0220,2025-06-11
L0220,2025-06-12
L0220,2025-06-13
L0220,2025-06-14
L0220,2025-06-15
L0220,2025-06-16
L0220,2025-06-17
L0220,2025-06-18
L0220,2025-06-19
L0220,2025-06-20
L0220,2025-06-21
L0220,2025-06-22
L0220,2025-06-23
L0220,2025-06-24
L0220,2025-06-25
L0220,2025-06-26
L0220,2025-06-27
L0220,2025-06-28
L0220,2025-06-29
L0221,2025-01-01
L0221,2025-01-02
L0221,2025-01-03
L0221,2025-01-04
L0221,2025-01-05
L0221,2025-01-06
L0221,2025-01-07
L0221,2025-01-08
L0221,2025-01-09
L0221,2025-01-10
L0221,2025-01-11
L0221,2025-01-12
L0221,2025-01-13
L0221,2025-01-14
L0221,2025-01-15
L0221,2025-01-16
L0221,2025-01-17
L0221,2025-01-18
L0221,2025-01-19
L0221,2025-01-20
L0221,2025-01-21
L0221,2025-01-22
L0221,2025-01-23
L0221,2025-01-24
L0221,2025-01-25
L0221,2025-01-26
L0221,2025-01-27
L0221,2025-01-28
L0221,2025-01-29
L0221,2025-01-30
L0221,2025-01-31
L0221,2025-02-01
L0221,2025-02-02
L0221,2025-02-03
L0221,2025-02-04
L0221,2025-02-05
L0221,2025-02-06
L0221,2025-02-07
L0221,2025-02-08
L0221,2025-02-09
L0221,2025-02-10
L0221,2025-02-11
L0221,2025-02-12
L0221,2025-02-13
L0221,2025-02-14
L0221,2025-02-15
L0221,2025-02-16
L0221,2025-02-17
L0221,2025-02-18
L0221,2025-02-19
L0221,2025-02-20
L0221,2025-02-21
L0221,2025-02-22
L0221,2025-02-23
L0221,2025-02-24
L0221,2025-02-25
L0221,2025-02-26
L0221,2025-02-27
L0221,2025-02-28
L0221,2025-03-01
L0221,2025-03-02
L0221,2025-03-03
L0221,2025-03-04
L0221,2025-03-05
L0221,2025-03-06
L0221,2025-03-07
L0221,2025-03-08
L0221,2025-03-09
L0221,2025-03-10
L0221,2025-03-11
L0221,2025-03-12
L0221,2025-03-13
L0221,2025-03-14
L0221,2025-03-15
L0221,2025-03-16
L0221,2025-03-17
L0221,2025-03-18
L0221,2025-03-19
L0221,2025-03-20
L0221,2025-03-21
L0221,2025-03-22
L0221,2025-03-23
L0221,2025-03-24
L0221,2025-03-25
L0221,2025-03-26
L0221,2025-03-27
L0221,2025-03-28
L0221,2025-03-29
L0221,2025-03-30
L0221,2025-03-31
L0221,2025-04-01
L0221,2025-04-02
L0221,2025-04-03
L0221,2025-04-04
L0221,2025-04-05
L0221,2025-04-06
L0221,2025-04-07
L0221,2025-04-08
L0221,2025-04-09
L0221,2025-04-10
L0221,2025-04-11
L0221,2025-04-12
L0221,2025-04-13
L0221,2025-04-14
L0221,2025-04-15
L0221,2025-04-16
L0221,2025-04-17
L0221,2025-04-18
L0221,2025-04-19
L0221,2025-04-20
L0221,2025-04-21
L0221,2025-04-22
L0221,2025-04-23
L0221,2025-04-24
L0221,2025-04-25
L0221,2025-04-26
L0221,2025-04-27
L0221,2025-04-28
L0221,2025-04-29
L0221,2025-04-30
L0221,2025-05-01
L0221,2025-05-02
L0221,2025-05-03
L0221,2025-05-04
L0221,2025-05-05
L0221,2025-05-06
L0221,2025-05-07
L0221,2025-05-08
L0221,2025-05-09
L0221,2025-05-10
L0221,2025-05-11
L0221,2025-05-12
L0221,2025-05-13
L0221,2025-05-14
L0221,2025-05-15
L0221,2025-05-16
L0221,2025-05-17
L0221,2025-05-18
L0221,2025-05-19
L0221,2025-05-20
L0221,2025-05-21
L0221,2025-05-22
L0221,2025-05-23
L0221,2025-05-24
L0221,2025-05-25
L0221,2025-05-26
L0221,2025-05-27
L0221,2025-05-28
L0221,2025-05-29
L0221,2025-05-30
L0221,2025-05-31
L0221,2025-06-01
L0221,2025-06-02
L0221,2025-06-03
L0221,2025-06-04
L0221,2025-06-05
L0221,2025-06-06
L0221,2025-06-07
L0221,2025-06-08
L0221,2025-06-09
L0221,2025-06-10
L0221,2025-06-11
L0221,2025-06-12
L0221,2025-06-13
L0221,2025-06-14
L0221,2025-06-15
L0221,2025-06-16
L0221,2025-06-17
L0221,2025-06-18
L0221,2025-06-19
L0221,2025-06-20
L0221,2025-06-21
L0221,2025-06-22
L0221,2025-06-23
L0221,2025-06-24
L0221,2025-06-25
L0221,2025-06-26
L0221,2025-06-27
L0221,2025-06-28
L0221,2025-06-29
L0222,2025-01-01
L0222,2025-01-02
L0222,2025-01-03
L0222,2025-01-04
L0222,2025-01-05
L0222,2025-01-06
L0222,2025-01-07
L0222,2025-01-08
L0222,2025-01-09
L0222,2025-01-10
L0222,2025-01-11
L0222,2025-01-12
L0222,2025-01-13
L0222,2025-01-14
L0222,2025-01-15
L0222,2025-01-16
L0222,2025-01-17
L0222,2025-01-18
L0222,2025-01-19
L0222,2025-01-20
L0222,2025-01-21
L0222,2025-01-22
L0222,2025-01-23
L0222,2025-01-24
L0222,2025-01-25
L0222,2025-01-26
L0222,2025-01-27
L0222,2025-01-28
L0222,2025-01-29
L0222,2025-01-30
L0222,2025-01-31
L0222,2025-02-01
L0222,2025-02-02
L0222,2025-02-03
L0222,2025-02-04
L0222,2025-02-05
L0222,2025-02-06
L0222,2025-02-07
L0222,2025-02-08
L0222,2025-02-09
L0222,2025-02-10
L0222,2025-02-11
L0222,2025-02-12
L0222,2025-02-13
L0222,2025-02-14
L0222,2025-02-15
L0222,2025-02-16
L0222,2025-02-17
L0222,2025-02-18
L0222,2025-02-19
L0222,2025-02-20
L0222,2025-02-21
L0222,2025-02-22
L0222,2025-02-23
L0222,2025-02-24
L0222,2025-02-25
L0222,2025-02-26
L0222,2025-02-27
L0222,2025-02-28
L0222,2025-03-01
L0222,2025-03-02
L0222,2025-03-03
L0222,2025-03-04
L0222,2025-03-05
L0222,2025-03-06
L0222,2025-03-07
L0222,2025-03-08
L0222,2025-03-09
L0222,2025-03-10
L0222,2025-03-11
L0222,2025-03-12
L0222,2025-03-13
L0222,2025-03-14
L0222,2025-03-15
L0222,2025-03-16
L0222,2025-03-17
L0222,2025-03-18
L0222,2025-03-19
L0222,2025-03-20
L0222,2025-03-21
L0222,2025-03-22
L0222,2025-03-23
L0222,2025-03-24
L0222,2025-03-25
L0222,2025-03-26
L0222,2025-03-27
L0222,2025-03-28
L0222,2025-03-29
L0222,2025-03-30
L0222,2025-03-31
L0222,2025-04-01
L0222,2025-04-02
L0222,2025-04-03
L0222,2025-04-04
L0222,2025-04-05
L0222,2025-04-06
L0222,2025-04-07
L0222,2025-04-08
L0222,2025-04-09
L0222,2025-04-10
L0222,2025-04-11
L0222,2025-04-12
L0222,2025-04-13
L0222,2025-04-14
L0222,2025-04-15
L0222,2025-04-16
L0222,2025-04-17
L0222,2025-04-18
L0222,2025-04-19
L0222,2025-04-20
L0222,2025-04-21
L0222,2025-04-22
L0222,2025-04-23
L0222,2025-04-24
L0222,2025-04-25
L0222,2025-04-26
L0222,2025-04-27
L0222,2025-04-28
L0222,2025-04-29
L0222,2025-04-30
L0222,2025-05-01
L0222,2025-05-02
L0222,2025-05-03
L0222,2025-05-04
L0222,2025-05-05
L0222,2025-05-06
L0222,2025-05-07
L0222,2025-05-08
L0222,2025-05-09
L0222,2025-05-10
L0222,2025-05-11
L0222,2025-05-12
L0222,2025-05-13
L0222,2025-05-14
L0222,2025-05-15
L0222,2025-05-16
L0222,2025-05-17
L0222,2025-05-18
L0222,2025-05-19
L0222,2025-05-20
L0222,2025-05-21
L0222,2025-05-22
L0222,2025-05-23
L0222,2025-05-24
L0222,2025-05-25
L0222,2025-05-26
L0222,2025-05-27
L0222,2025-05-28
L0222,2025-05-29
L0222,2025-05-30
L0222,2025-05-31
L0222,2025-06-01
L0222,2025-06-02
L0222,2025-06-03
L0222,2025-06-04
L0222,2025-06-05
L0222,2025-06-06
L0222,2025-06-07
L0222,2025-06-08
L0222,2025-06-09
L0222,2025-06-10
L0222,2025-06-11
L0222,2025-06-12
L0222,2025-06-13
L0222,2025-06-14
L0222,2025-06-15
L0222,2025-06-16
L0222,2025-06-17
L0222,2025-06-18
L0222,2025-06-19
L0222,2025-06-20
L0222,2025-06-21
L0222,2025-06-22
L0222,2025-06-23
L0222,2025-06-24
L0222,2025-06-25
L0222,2025-06-26
L0222,2025-06-27
L0222,2025-06-28
L0222,2025-06-29
L0223,2025-01-01
L0223,2025-01-02
L0223,2025-01-03
L0223,2025-01-04
L0223,2025-01-05
L0223,2025-01-06
L0223,2025-01-07
L0223,2025-01-08
L0223,2025-01-09
L0223,2025-01-10
L0223,2025-01-11
L0223,2025-01-12
L0223,2025-01-13
L0223,2025-01-14
L0223,2025-01-15
L0223,2025-01-16
L0223,2025-01-17
L0223,2025-01-18
L0223,2025-01-19
L0223,2025-01-20
L0223,2025-01-21
L0223,2025-01-22
L0223,2025-01-23
L0223,2025-01-24
L0223,2025-01-25
L0223,2025-01-26
L0223,2025-01-27
L0223,2025-01-28
L0223,2025-01-29
L0223,2025-01-30
L0223,2025-01-31
L0223,2025-02-01
L0223,2025-02-02
L0223,2025-02-03
L0223,2025-02-04
L0223,2025-02-05
L0223,2025-02-06
L0223,2025-02-07
L0223,2025-02-08
L0223,2025-02-09
L0223,2025-02-10
L0223,2025-02-11
L0223,2025-02-12
L0223,2025-02-13
L0223,2025-02-14
L0223,2025-02-15
L0223,2025-02-16
L0223,2025-02-17
L0223,2025-02-18
L0223,2025-02-19
L0223,2025-02-20
L0223,2025-02-21
L0223,2025-02-22
L0223,2025-02-23
L0223,2025-02-24
L0223,2025-02-25
L0223,2025-02-26
L0223,2025-02-27
L0223,2025-02-28
L0223,2025-03-01
L0223,2025-03-02
L0223,2025-03-03
L0223,2025-03-04
L0223,2025-03-05
L0223,2025-03-06
L0223,2025-03-07
L0223,2025-03-08
L0223,2025-03-09
L0223,2025-03-10
L0223,2025-03-11
L0223,2025-03-12
L0223,2025-03-13
L0223,2025-03-14
L0223,2025-03-15
L0223,2025-03-16
L0223,2025-03-17
L0223,2025-03-18
L0223,2025-03-19
L0223,2025-03-20
L0223,2025-03-21
L0223,2025-03-22
L0223,2025-03-23
L0223,2025-03-24
L0223,2025-03-25
L0223,2025-03-26
L0223,2025-03-27
L0223,2025-03-28
L0223,2025-03-29
L0223,2025-03-30
L0223,2025-03-31
L0223,2025-04-01
L0223,2025-04-02
L0223,2025-04-03
L0223,2025-04-04
L0223,2025-04-05
L0223,2025-04-06
L0223,2025-04-07
L0223,2025-04-08
L0223,2025-04-09
L0223,2025-04-10
L0223,2025-04-11
L0223,2025-04-12
L0223,2025-04-13
L0223,2025-04-14
L0223,2025-04-15
L0223,2025-04-16
L0223,2025-04-17
L0223,2025-04-18
L0223,2025-04-19
L0223,2025-04-20
L0223,2025-04-21
L0223,2025-04-22
L0223,2025-04-23
L0223,2025-04-24
L0223,2025-04-25
L0223,2025-04-26
L0223,2025-04-27
L0223,2025-04-28
L0223,2025-04-29
L0223,2025-04-30
L0223,2025-05-01
L0223,2025-05-02
L0223,2025-05-03
L0223,2025-05-04
L0223,2025-05-05
L0223,2025-05-06
L0223,2025-05-07
L0223,2025-05-08
L0223,2025-05-09
L0223,2025-05-10
L0223,2025-05-11
L0223,2025-05-12
L0223,2025-05-13
L0223,2025-05-14
L0223,2025-05-15
L0223,2025-05-16
L0223,2025-05-17
L0223,2025-05-18
L0223,2025-05-19
L0223,2025-05-20
L0223,2025-05-21
L0223,2025-05-22
L0223,2025-05-23
L0223,2025-05-24
L0223,2025-05-25
L0223,2025-05-26
L0223,2025-05-27
L0223,2025-05-28
L0223,2025-05-29
L0223,2025-05-30
L0223,2025-05-31
L0223,2025-06-01
L0223,2025-06-02
L0223,2025-06-03
L0223,2025-06-04
L0223,2025-06-05
L0223,2025-06-06
L0223,2025-06-07
L0223,2025-06-08
L0223,2025-06-09
L0223,2025-06-10
L0223,2025-06-11
L0223,2025-06-12
L0223,2025-06-13
L0223,2025-06-14
L0223,2025-06-15
L0223,2025-06-16
L0223,2025-06-17
L0223,2025-06-18
L0223,2025-06-19
L0223,2025-06-20
L0223,2025-06-21
L0223,2025-06-22
L0223,2025-06-23
L0223,2025-06-24
L0223,2025-06-25
L0223,2025-06-26
L0223,2025-06-27
L0223,2025-06-28
L0223,2025-06-29
L0224,2025-01-01
L0224,2025-01-02
L0224,2025-01-03
L0224,2025-01-04
L0224,2025-01-05
L0224,2025-01-06
L0224,2025-01-07
L0224,2025-01-08
L0224,2025-01-09
L0224,2025-01-10
L0224,2025-01-11
L0224,2025-01-12
L0224,2025-01-13
L0224,2025-01-14
L0224,2025-01-15
L0224,2025-01-16
L0224,2025-01-17
L0224,2025-01-18
L0224,2025-01-19
L0224,2025-01-20
L0224,2025-01-21
L0224,2025-01-22
L0224,2025-01-23
L0224,2025-01-24
L0224,2025-01-25
L0224,2025-01-26
L0224,2025-01-27
L0224,2025-01-28
L0224,2025-01-29
L0224,2025-01-30
L0224,2025-01-31
L0224,2025-02-01
L0224,2025-02-02
L0224,2025-02-03
L0224,2025-02-04
L0224,2025-02-05
L0224,2025-02-06
L0224,2025-02-07
L0224,2025-02-08
L0224,2025-02-09
L0224,2025-02-10
L0224,2025-02-11
L0224,2025-02-12
L0224,2025-02-13
L0224,2025-02-14
L0224,2025-02-15
L0224,2025-02-16
L0224,2025-02-17
L0224,2025-02-18
L0224,2025-02-19
L0224,2025-02-20
L0224,2025-02-21
L0224,2025-02-22
L0224,2025-02-23
L0224,2025-02-24
L0224,2025-02-25
L0224,2025-02-26
L0224,2025-02-27
L0224,2025-02-28
L0224,2025-03-01
L0224,2025-03-02
L0224,2025-03-03
L0224,2025-03-04
L0224,2025-03-05
L0224,2025-03-06
L0224,2025-03-07
L0224,2025-03-08
L0224,2025-03-09
L0224,2025-03-10
L0224,2025-03-11
L0224,2025-03-12
L0224,2025-03-13
L0224,2025-03-14
L0224,2025-03-15
L0224,2025-03-16
L0224,2025-03-17
L0224,2025-03-18
L0224,2025-03-19
L0224,2025-03-20
L0224,2025-03-21
L0224,2025-03-22
L0224,2025-03-23
L0224,2025-03-24
L0224,2025-03-25
L0224,2025-03-26
L0224,2025-03-27
L0224,2025-03-28
L0224,2025-03-29
L0224,2025-03-30
L0224,2025-03-31
L0224,2025-04-01
L0224,2025-04-02
L0224,2025-04-03
L0224,2025-04-04
L0224,2025-04-05
L0224,2025-04-06
L0224,2025-04-07
L0224,2025-04-08
L0224,2025-04-09
L0224,2025-04-10
L0224,2025-04-11
L0224,2025-04-12
L0224,2025-04-13
L0224,2025-04-14
L0224,2025-04-15
L0224,2025-04-16
L0224,2025-04-17
L0224,2025-04-18
L0224,2025-04-19
L0224,2025-04-20
L0224,2025-04-21
L0224,2025-04-22
L0224,2025-04-23
L0224,2025-04-24
L0224,2025-04-25
L0224,2025-04-26
L0224,2025-04-27
L0224,2025-04-28
L0224,2025-04-29
L0224,2025-04-30
L0224,2025-05-01
L0224,2025-05-02
L0224,2025-05-03
L0224,2025-05-04
L0224,2025-05-05
L0224,2025-05-06
L0224,2025-05-07
L0224,2025-05-08
L0224,2025-05-09
L0224,2025-05-10
L0224,2025-05-11
L0224,2025-05-12
L0224,2025-05-13
L0224,2025-05-14
L0224,2025-05-15
L0224,2025-05-16
L0224,2025-05-17
L0224,2025-05-18
L0224,2025-05-19
L0224,2025-05-20
L0224,2025-05-21
L0224,2025-05-22
L0224,2025-05-23
L0224,2025-05-24
L0224,2025-05-25
L0224,2025-05-26
L0224,2025-05-27
L0224,2025-05-28
L0224,2025-05-29
L0224,2025-05-30
L0224,2025-05-31
L0224,2025-06-01
L0224,2025-06-02
L0224,2025-06-03
L0224,2025-06-04
L0224,2025-06-05
L0224,2025-06-06
L0224,2025-06-07
L0224,2025-06-08
L0224,2025-06-09
L0224,2025-06-10
L0224,2025-06-11
L0224,2025-06-12
L0224,2025-06-13
L0224,2025-06-14
L0224,2025-06-15
L0224,2025-06-16
L0224,2025-06-17
L0224,2025-06-18
L0224,2025-06-19
L0224,2025-06-20
L0224,2025-06-21
L0224,2025-06-22
L0224,2025-06-23
L0224,2025-06-24
L0224,2025-06-25
L0224,2025-06-26
L0224,2025-06-27
L0224,2025-06-28
L0224,2025-06-29
L0225,2025-01-01
L0225,2025-01-02
L0225,2025-01-03
L0225,2025-01-04
L0225,2025-01-05
L0225,2025-01-06
L0225,2025-01-07
L0225,2025-01-08
L0225,2025-01-09
L0225,2025-01-10
L0225,2025-01-11
L0225,2025-01-12
L0225,2025-01-13
L0225,2025-01-14
L0225,2025-01-15
L0225,2025-01-16
L0225,2025-01-17
L0225,2025-01-18
L0225,2025-01-19
L0225,2025-01-20
L0225,2025-01-21
L0225,2025-01-22
L0225,2025-01-23
L0225,2025-01-24
L0225,2025-01-25
L0225,2025-01-26
L0225,2025-01-27
L0225,2025-01-28
L0225,2025-01-29
L0225,2025-01-30
L0225,2025-01-31
L0225,2025-02-01
L0225,2025-02-02
L0225,2025-02-03
L0225,2025-02-04
L0225,2025-02-05
L0225,2025-02-06
L0225,2025-02-07
L0225,2025-02-08
L0225,2025-02-09
L0225,2025-02-10
L0225,2025-02-11
L0225,2025-02-12
L0225,2025-02-13
L0225,2025-02-14
L0225,2025-02-15
L0225,2025-02-16
L0225,2025-02-17
L0225,2025-02-18
L0225,2025-02-19
L0225,2025-02-20
L0225,2025-02-21
L0225,2025-02-22
L0225,2025-02-23
L0225,2025-02-24
L0225,2025-02-25
L0225,2025-02-26
L0225,2025-02-27
L0225,2025-02-28
L0225,2025-03-01
L0225,2025-03-02
L0225,2025-03-03
L0225,2025-03-04
L0225,2025-03-05
L0225,2025-03-06
L0225,2025-03-07
L0225,2025-03-08
L0225,2025-03-09
L0225,2025-03-10
L0225,2025-03-11
L0225,2025-03-12
L0225,2025-03-13
L0225,2025-03-14
L0225,2025-03-15
L0225,2025-03-16
L0225,2025-03-17
L0225,2025-03-18
L0225,2025-03-19
L0225,2025-03-20
L0225,2025-03-21
L0225,2025-03-22
L0225,2025-03-23
L0225,2025-03-24
L0225,2025-03-25
L0225,2025-03-26
L0225,2025-03-27
L0225,2025-03-28
L0225,2025-03-29
L0225,2025-03-30
L0225,2025-03-31
L0225,2025-04-01
L0225,2025-04-02
L0225,2025-04-03
L0225,2025-04-04
L0225,2025-04-05
L0225,2025-04-06
L0225,2025-04-07
L0225,2025-04-08
L0225,2025-04-09
L0225,2025-04-10
L0225,2025-04-11
L0225,2025-04-12
L0225,2025-04-13
L0225,2025-04-14
L0225,2025-04-15
L0225,2025-04-16
L0225,2025-04-17
L0225,2025-04-18
L0225,2025-04-19
L0225,2025-04-20
L0225,2025-04-21
L0225,2025-04-22
L0225,2025-04-23
L0225,2025-04-24
L0225,2025-04-25
L0225,2025-04-26
L0225,2025-04-27
L0225,2025-04-28
L0225,2025-04-29
L0225,2025-04-30
L0225,2025-05-01
L0225,2025-05-02
L0225,2025-05-03
L0225,2025-05-04
L0225,2025-05-05
L0225,2025-05-06
L0225,2025-05-07
L0225,2025-05-08
L0225,2025-05-09
L0225,2025-05-10
L0225,2025-05-11
L0225,2025-05-12
L0225,2025-05-13
L0225,2025-05-14
L0225,2025-05-15
L0225,2025-05-16
L0225,2025-05-17
L0225,2025-05-18
L0225,2025-05-19
L0225,2025-05-20
L0225,2025-05-21
L0225,2025-05-22
L0225,2025-05-23
L0225,2025-05-24
L0225,2025-05-25
L0225,2025-05-26
L0225,2025-05-27
L0225,2025-05-28
L0225,2025-05-29
L0225,2025-05-30
L0225,2025-05-31
L0225,2025-06-01
L0225,2025-06-02
L0225,2025-06-03
L0225,2025-06-04
L0225,2025-06-05
L0225,2025-06-06
L0225,2025-06-07
L0225,2025-06-08
L0225,2025-06-09
L0225,2025-06-10
L0225,2025-06-11
L0225,2025-06-12
L0225,2025-06-13
L0225,2025-06-14
L0225,2025-06-15
L0225,2025-06-16
L0225,2025-06-17
L0225,2025-06-18
L0225,2025-06-19
L0225,2025-06-20
L0225,2025-06-21
L0225,2025-06-22
L0225,2025-06-23
L0225,2025-06-24
L0225,2025-06-25
L0225,2025-06-26
L0225,2025-06-27
L0225,2025-06-28
L0225,2025-06-29
L0226,2025-01-01
L0226,2025-01-02
L0226,2025-01-03
L0226,2025-01-04
L0226,2025-01-05
L0226,2025-01-06
L0226,2025-01-07
L0226,2025-01-08
L0226,2025-01-09
L0226,2025-01-10
L0226,2025-01-11
L0226,2025-01-12
L0226,2025-01-13
L0226,2025-01-14
L0226,2025-01-15
L0226,2025-01-16
L0226,2025-01-17
L0226,2025-01-18
L0226,2025-01-19
L0226,2025-01-20
L0226,2025-01-21
L0226,2025-01-22
L0226,2025-01-23
L0226,2025-01-24
L0226,2025-01-25
L0226,2025-01-26
L0226,2025-01-27
L0226,2025-01-28
L0226,2025-01-29
L0226,2025-01-30
L0226,2025-01-31
L0226,2025-02-01
L0226,2025-02-02
L0226,2025-02-03
L0226,2025-02-04
L0226,2025-02-05
L0226,2025-02-06
L0226,2025-02-07
L0226,2025-02-08
L0226,2025-02-09
L0226,2025-02-10
L0226,2025-02-11
L0226,2025-02-12
L0226,2025-02-13
L0226,2025-02-14
L0226,2025-02-15
L0226,2025-02-16
L0226,2025-02-17
L0226,2025-02-18
L0226,2025-02-19
L0226,2025-02-20
L0226,2025-02-21
L0226,2025-02-22
L0226,2025-02-23
L0226,2025-02-24
L0226,2025-02-25
L0226,2025-02-26
L0226,2025-02-27
L0226,2025-02-28
L0226,2025-03-01
L0226,2025-03-02
L0226,2025-03-03
L0226,2025-03-04
L0226,2025-03-05
L0226,2025-03-06
L0226,2025-03-07
L0226,2025-03-08
L0226,2025-03-09
L0226,2025-03-10
L0226,2025-03-11
L0226,2025-03-12
L0226,2025-03-13
L0226,2025-03-14
L0226,2025-03-15
L0226,2025-03-16
L0226,2025-03-17
L0226,2025-03-18
L0226,2025-03-19
L0226,2025-03-20
L0226,2025-03-21
L0226,2025-03-22
L0226,2025-03-23
L0226,2025-03-24
L0226,2025-03-25
L0226,2025-03-26
L0226,2025-03-27
L0226,2025-03-28
L0226,2025-03-29
L0226,2025-03-30
L0226,2025-03-31
L0226,2025-04-01
L0226,2025-04-02
L0226,2025-04-03
L0226,2025-04-04
L0226,2025-04-05
L0226,2025-04-06
L0226,2025-04-07
L0226,2025-04-08
L0226,2025-04-09
L0226,2025-04-10
L0226,2025-04-11
L0226,2025-04-12
L0226,2025-04-13
L0226,2025-04-14
L0226,2025-04-15
L0226,2025-04-16
L0226,2025-04-17
L0226,2025-04-18
L0226,2025-04-19
L0226,2025-04-20
L0226,2025-04-21
L0226,2025-04-22
L0226,2025-04-23
L0226,2025-04-24
L0226,2025-04-25
L0226,2025-04-26
L0226,2025-04-27
L0226,2025-04-28
L0226,2025-04-29
L0226,2025-04-30
L0226,2025-05-01
L0226,2025-05-02
L0226,2025-05-03
L0226,2025-05-04
L0226,2025-05-05
L0226,2025-05-06
L0226,2025-05-07
L0226,2025-05-08
L0226,2025-05-09
L0226,2025-05-10
L0226,2025-05-11
L0226,2025-05-12
L0226,2025-05-13
L0226,2025-05-14
L0226,2025-05-15
L0226,2025-05-16
L0226,2025-05-17
L0226,2025-05-18
L0226,2025-05-19
L0226,2025-05-20
L0226,2025-05-21
L0226,2025-05-22
L0226,2025-05-23
L0226,2025-05-24
L0226,2025-05-25
L0226,2025-05-26
L0226,2025-05-27
L0226,2025-05-28
L0226,2025-05-29
L0226,2025-05-30
L0226,2025-05-31
L0226,2025-06-01
L0226,2025-06-02
L0226,2025-06-03
L0226,2025-06-04
L0226,2025-06-05
L0226,2025-06-06
L0226,2025-06-07
L0226,2025-06-08
L0226,2025-06-09
L0226,2025-06-10
L0226,2025-06-11
L0226,2025-06-12
L0226,2025-06-13
L0226,2025-06-14
L0226,2025-06-15
L0226,2025-06-16
L0226,2025-06-17
L0226,2025-06-18
L0226,2025-06-19
L0226,2025-06-20
L0226,2025-06-21
L0226,2025-06-22
L0226,2025-06-23
L0226,2025-06-24
L0226,2025-06-25
L0226,2025-06-26
L0226,2025-06-27
L0226,2025-06-28
L0226,2025-06-29
L0227,2025-01-01
L0227,2025-01-02
L0227,2025-01-03
L0227,2025-01-04
L0227,2025-01-05
L0227,2025-01-06
L0227,2025-01-07
L0227,2025-01-08
L0227,2025-01-09
L0227,2025-01-10
L0227,2025-01-11
L0227,2025-01-12
L0227,2025-01-13
L0227,2025-01-14
L0227,2025-01-15
L0227,2025-01-16
L0227,2025-01-17
L0227,2025-01-18
L0227,2025-01-19
L0227,2025-01-20
L0227,2025-01-21
L0227,2025-01-22
L0227,2025-01-23
L0227,2025-01-24
L0227,2025-01-25
L0227,2025-01-26
L0227,2025-01-27
L0227,2025-01-28
L0227,2025-01-29
L0227,2025-01-30
L0227,2025-01-31
L0227,2025-02-01
L0227,2025-02-02
L0227,2025-02-03
L0227,2025-02-04
L0227,2025-02-05
L0227,2025-02-06
L0227,2025-02-07
L0227,2025-02-08
L0227,2025-02-09
L0227,2025-02-10
L0227,2025-02-11
L0227,2025-02-12
L0227,2025-02-13
L0227,2025-02-14
L0227,2025-02-15
L0227,2025-02-16
L0227,2025-02-17
L0227,2025-02-18
L0227,2025-02-19
L0227,2025-02-20
L0227,2025-02-21
L0227,2025-02-22
L0227,2025-02-23
L0227,2025-02-24
L0227,2025-02-25
L0227,2025-02-26
L0227,2025-02-27
L0227,2025-02-28
L0227,2025-03-01
L0227,2025-03-02
L0227,2025-03-03
L0227,2025-03-04
L0227,2025-03-05
L0227,2025-03-06
L0227,2025-03-07
L0227,2025-03-08
L0227,2025-03-09
L0227,2025-03-10
L0227,2025-03-11
L0227,2025-03-12
L0227,2025-03-13
L0227,2025-03-14
L0227,2025-03-15
L0227,2025-03-16
L0227,2025-03-17
L0227,2025-03-18
L0227,2025-03-19
L0227,2025-03-20
L0227,2025-03-21
L0227,2025-03-22
L0227,2025-03-23
L0227,2025-03-24
L0227,2025-03-25
L0227,2025-03-26
L0227,2025-03-27
L0227,2025-03-28
L0227,2025-03-29
L0227,2025-03-30
L0227,2025-03-31
L0227,2025-04-01
L0227,2025-04-02
L0227,2025-04-03
L0227,2025-04-04
L0227,2025-04-05
L0227,2025-04-06
L0227,2025-04-07
L0227,2025-04-08
L0227,2025-04-09
L0227,2025-04-10
L0227,2025-04-11
L0227,2025-04-12
L0227,2025-04-13
L0227,2025-04-14
L0227,2025-04-15
L0227,2025-04-16
L0227,2025-04-17
L0227,2025-04-18
L0227,2025-04-19
L0227,2025-04-20
L0227,2025-04-21
L0227,2025-04-22
L0227,2025-04-23
L0227,2025-04-24
L0227,2025-04-25
L0227,2025-04-26
L0227,2025-04-27
L0227,2025-04-28
L0227,2025-04-29
L0227,2025-04-30
L0227,2025-05-01
L0227,2025-05-02
L0227,2025-05-03
L0227,2025-05-04
L0227,2025-05-05
L0227,2025-05-06
L0227,2025-05-07
L0227,2025-05-08
L0227,2025-05-09
L0227,2025-05-10
L0227,2025-05-11
L0227,2025-05-12
L0227,2025-05-13
L0227,2025-05-14
L0227,2025-05-15
L0227,2025-05-16
L0227,2025-05-17
L0227,2025-05-18
L0227,2025-05-19
L0227,2025-05-20
L0227,2025-05-21
L0227,2025-05-22
L0227,2025-05-23
L0227,2025-05-24
L0227,2025-05-25
L0227,2025-05-26
L0227,2025-05-27
L0227,2025-05-28
L0227,2025-05-29
L0227,2025-05-30
L0227,2025-05-31
L0227,2025-06-01
L0227,2025-06-02
L0227,2025-06-03
L0227,2025-06-04
L0227,2025-06-05
L0227,2025-06-06
L0227,2025-06-07
L0227,2025-06-08
L0227,2025-06-09
L0227,2025-06-10
L0227,2025-06-11
L0227,2025-06-12
L0227,2025-06-13
L0227,2025-06-14
L0227,2025-06-15
L0227,2025-06-16
L0227,2025-06-17
L0227,2025-06-18
L0227,2025-06-19
L0227,2025-06-20
L0227,2025-06-21
L0227,2025-06-22
L0227,2025-06-23
L0227,2025-06-24
L0227,2025-06-25
L0227,2025-06-26
L0227,2025-06-27
L0227,2025-06-28
L0227,2025-06-29
L0228,2025-01-01
L0228,2025-01-02
L0228,2025-01-03
L0228,2025-01-04
L0228,2025-01-05
L0228,2025-01-06
L0228,2025-01-07
L0228,2025-01-08
L0228,2025-01-09
L0228,2025-01-10
L0228,2025-01-11
L0228,2025-01-12
L0228,2025-01-13
L0228,2025-01-14
L0228,2025-01-15
L0228,2025-01-16
L0228,2025-01-17
L0228,2025-01-18
L0228,2025-01-19
L0228,2025-01-20
L0228,2025-01-21
L0228,2025-01-22
L0228,2025-01-23
L0228,2025-01-24
L0228,2025-01-25
L0228,2025-01-26
L0228,2025-01-27
L0228,2025-01-28
L0228,2025-01-29
L0228,2025-01-30
L0228,2025-01-31
L0228,2025-02-01
L0228,2025-02-02
L0228,2025-02-03
L0228,2025-02-04
L0228,2025-02-05
L0228,2025-02-06
L0228,2025-02-07
L0228,2025-02-08
L0228,2025-02-09
L0228,2025-02-10
L0228,2025-02-11
L0228,2025-02-12
L0228,2025-02-13
L0228,2025-02-14
L0228,2025-02-15
L0228,2025-02-16
L0228,2025-02-17
L0228,2025-02-18
L0228,2025-02-19
L0228,2025-02-20
L0228,2025-02-21
L0228,2025-02-22
L0228,2025-02-23
L0228,2025-02-24
L0228,2025-02-25
L0228,2025-02-26
L0228,2025-02-27
L0228,2025-02-28
L0228,2025-03-01
L0228,2025-03-02
L0228,2025-03-03
L0228,2025-03-04
L0228,2025-03-05
L0228,2025-03-06
L0228,2025-03-07
L0228,2025-03-08
L0228,2025-03-09
L0228,2025-03-10
L0228,2025-03-11
L0228,2025-03-12
L0228,2025-03-13
L0228,2025-03-14
L0228,2025-03-15
L0228,2025-03-16
L0228,2025-03-17
L0228,2025-03-18
L0228,2025-03-19
L0228,2025-03-20
L0228,2025-03-21
L0228,2025-03-22
L0228,2025-03-23
L0228,2025-03-24
L0228,2025-03-25
L0228,2025-03-26
L0228,2025-03-27
L0228,2025-03-28
L0228,2025-03-29
L0228,2025-03-30
L0228,2025-03-31
L0228,2025-04-01
L0228,2025-04-02
L0228,2025-04-03
L0228,2025-04-04
L0228,2025-04-05
L0228,2025-04-06
L0228,2025-04-07
L0228,2025-04-08
L0228,2025-04-09
L0228,2025-04-10
L0228,2025-04-11
L0228,2025-04-12
L0228,2025-04-13
L0228,2025-04-14
L0228,2025-04-15
L0228,2025-04-16
L0228,2025-04-17
L0228,2025-04-18
L0228,2025-04-19
L0228,2025-04-20
L0228,2025-04-21
L0228,2025-04-22
L0228,2025-04-23
L0228,2025-04-24
L0228,2025-04-25
L0228,2025-04-26
L0228,2025-04-27
L0228,2025-04-28
L0228,2025-04-29
L0228,2025-04-30
L0228,2025-05-01
L0228,2025-05-02
L0228,2025-05-03
L0228,2025-05-04
L0228,2025-05-05
L0228,2025-05-06
L0228,2025-05-07
L0228,2025-05-08
L0228,2025-05-09
L0228,2025-05-10
L0228,2025-05-11
L0228,2025-05-12
L0228,2025-05-13
L0228,2025-05-14
L0228,2025-05-15
L0228,2025-05-16
L0228,2025-05-17
L0228,2025-05-18
L0228,2025-05-19
L0228,2025-05-20
L0228,2025-05-21
L0228,2025-05-22
L0228,2025-05-23
L0228,2025-05-24
L0228,2025-05-25
L0228,2025-05-26
L0228,2025-05-27
L0228,2025-05-28
L0228,2025-05-29
L0228,2025-05-30
L0228,2025-05-31
L0228,2025-06-01
L0228,2025-06-02
L0228,2025-06-03
L0228,2025-06-04
L0228,2025-06-05
L0228,2025-06-06
L0228,2025-06-07
L0228,2025-06-08
L0228,2025-06-09
L0228,2025-06-10
L0228,2025-06-11
L0228,2025-06-12
L0228,2025-06-13
L0228,2025-06-14
L0228,2025-06-15
L0228,2025-06-16
L0228,2025-06-17
L0228,2025-06-18
L0228,2025-06-19
L0228,2025-06-20
L0228,2025-06-21
L0228,2025-06-22
L0228,2025-06-23
L0228,2025-06-24
L0228,2025-06-25
L0228,2025-06-26
L0228,2025-06-27
L0228,2025-06-28
L0228,2025-06-29
L0229,2025-01-01
L0229,2025-01-02
L0229,2025-01-03
L0229,2025-01-04
L0229,2025-01-05
L0229,2025-01-06
L0229,2025-01-07
L0229,2025-01-08
L0229,2025-01-09
L0229,2025-01-10
L0229,2025-01-11
L0229,2025-01-12
L0229,2025-01-13
L0229,2025-01-14
L0229,2025-01-15
L0229,2025-01-16
L0229,2025-01-17
L0229,2025-01-18
L0229,2025-01-19
L0229,2025-01-20
L0229,2025-01-21
L0229,2025-01-22
L0229,2025-01-23
L0229,2025-01-24
L0229,2025-01-25
L0229,2025-01-26
L0229,2025-01-27
L0229,2025-01-28
L0229,2025-01-29
L0229,2025-01-30
L0229,2025-01-31
L0229,2025-02-01
L0229,2025-02-02
L0229,2025-02-03
L0229,2025-02-04
L0229,2025-02-05
L0229,2025-02-06
L0229,2025-02-07
L0229,2025-02-08
L0229,2025-02-09
L0229,2025-02-10
L0229,2025-02-11
L0229,2025-02-12
L0229,2025-02-13
L0229,2025-02-14
L0229,2025-02-15
L0229,2025-02-16
L0229,2025-02-17
L0229,2025-02-18
L0229,2025-02-19
L0229,2025-02-20
L0229,2025-02-21
L0229,2025-02-22
L0229,2025-02-23
L0229,2025-02-24
L0229,2025-02-25
L0229,2025-02-26
L0229,2025-02-27
L0229,2025-02-28
L0229,2025-03-01
L0229,2025-03-02
L0229,2025-03-03
L0229,2025-03-04
L0229,2025-03-05
L0229,2025-03-06
L0229,2025-03-07
L0229,2025-03-08
L0229,2025-03-09
L0229,2025-03-10
L0229,2025-03-11
L0229,2025-03-12
L0229,2025-03-13
L0229,2025-03-14
L0229,2025-03-15
L0229,2025-03-16
L0229,2025-03-17
L0229,2025-03-18
L0229,2025-03-19
L0229,2025-03-20
L0229,2025-03-21
L0229,2025-03-22
L0229,2025-03-23
L0229,2025-03-24
L0229,2025-03-25
L0229,2025-03-26
L0229,2025-03-27
L0229,2025-03-28
L0229,2025-03-29
L0229,2025-03-30
L0229,2025-03-31
L0229,2025-04-01
L0229,2025-04-02
L0229,2025-04-03
L0229,2025-04-04
L0229,2025-04-05
L0229,2025-04-06
L0229,2025-04-07
L0229,2025-04-08
L0229,2025-04-09
L0229,2025-04-10
L0229,2025-04-11
L0229,2025-04-12
L0229,2025-04-13
L0229,2025-04-14
L0229,2025-04-15
L0229,2025-04-16
L0229,2025-04-17
L0229,2025-04-18
L0229,2025-04-19
L0229,2025-04-20
L0229,2025-04-21
L0229,2025-04-22
L0229,2025-04-23
L0229,2025-04-24
L0229,2025-04-25
L0229,2025-04-26
L0229,2025-04-27
L0229,2025-04-28
L0229,2025-04-29
L0229,2025-04-30
L0229,2025-05-01
L0229,2025-05-02
L0229,2025-05-03
L0229,2025-05-04
L0229,2025-05-05
L0229,2025-05-06
L0229,2025-05-07
L0229,2025-05-08
L0229,2025-05-09
L0229,2025-05-10
L0229,2025-05-11
L0229,2025-05-12
L0229,2025-05-13
L0229,2025-05-14
L0229,2025-05-15
L0229,2025-05-16
L0229,2025-05-17
L0229,2025-05-18
L0229,2025-05-19
L0229,2025-05-20
L0229,2025-05-21
L0229,2025-05-22
L0229,2025-05-23
L0229,2025-05-24
L0229,2025-05-25
L0229,2025-05-26
L0229,2025-05-27
L0229,2025-05-28
L0229,2025-05-29
L0229,2025-05-30
L0229,2025-05-31
L0229,2025-06-01
L0229,2025-06-02
L0229,2025-06-03
L0229,2025-06-04
L0229,2025-06-05
L0229,2025-06-06
L0229,2025-06-07
L0229,2025-06-08
L0229,2025-06-09
L0229,2025-06-10
L0229,2025-06-11
L0229,2025-06-12
L0229,2025-06-13
L0229,2025-06-14
L0229,2025-06-15
L0229,2025-06-16
L0229,2025-06-17
L0229,2025-06-18
L0229,2025-06-19
L0229,2025-06-20
L0229,2025-06-21
L0229,2025-06-22
L0229,2025-06-23
L0229,2025-06-24
L0229,2025-06-25
L0229,2025-06-26
L0229,2025-06-27
L0229,2025-06-28
L0229,2025-06-29
L0230,2025-01-01
L0230,2025-01-02
L0230,2025-01-03
L0230,2025-01-04
L0230,2025-01-05
L0230,2025-01-06
L0230,2025-01-07
L0230,2025-01-08
L0230,2025-01-09
L0230,2025-01-10
L0230,2025-01-11
L0230,2025-01-12
L0230,2025-01-13
L0230,2025-01-14
L0230,2025-01-15
L0230,2025-01-16
L0230,2025-01-17
L0230,2025-01-18
L0230,2025-01-19
L0230,2025-01-20
L0230,2025-01-21
L0230,2025-01-22
L0230,2025-01-23
L0230,2025-01-24
L0230,2025-01-25
L0230,2025-01-26
L0230,2025-01-27
L0230,2025-01-28
L0230,2025-01-29
L0230,2025-01-30
L0230,2025-01-31
L0230,2025-02-01
L0230,2025-02-02
L0230,2025-02-03
L0230,2025-02-04
L0230,2025-02-05
L0230,2025-02-06
L0230,2025-02-07
L0230,2025-02-08
L0230,2025-02-09
L0230,2025-02-10
L0230,2025-02-11
L0230,2025-02-12
L0230,2025-02-13
L0230,2025-02-14
L0230,2025-02-15
L0230,2025-02-16
L0230,2025-02-17
L0230,2025-02-18
L0230,2025-02-19
L0230,2025-02-20
L0230,2025-02-21
L0230,2025-02-22
L0230,2025-02-23
L0230,2025-02-24
L0230,2025-02-25
L0230,2025-02-26
L0230,2025-02-27
L0230,2025-02-28
L0230,2025-03-01
L0230,2025-03-02
L0230,2025-03-03
L0230,2025-03-04
L0230,2025-03-05
L0230,2025-03-06
L0230,2025-03-07
L0230,2025-03-08
L0230,2025-03-09
L0230,2025-03-10
L0230,2025-03-11
L0230,2025-03-12
L0230,2025-03-13
L0230,2025-03-14
L0230,2025-03-15
L0230,2025-03-16
L0230,2025-03-17
L0230,2025-03-18
L0230,2025-03-19
L0230,2025-03-20
L0230,2025-03-21
L0230,2025-03-22
L0230,2025-03-23
L0230,2025-03-24
L0230,2025-03-25
L0230,2025-03-26
L0230,2025-03-27
L0230,2025-03-28
L0230,2025-03-29
L0230,2025-03-30
L0230,2025-03-31
L0230,2025-04-01
L0230,2025-04-02
L0230,2025-04-03
L0230,2025-04-04
L0230,2025-04-05
L0230,2025-04-06
L0230,2025-04-07
L0230,2025-04-08
L0230,2025-04-09
L0230,2025-04-10
L0230,2025-04-11
L0230,2025-04-12
L0230,2025-04-13
L0230,2025-04-14
L0230,2025-04-15
L0230,2025-04-16
L0230,2025-04-17
L0230,2025-04-18
L0230,2025-04-19
L0230,2025-04-20
L0230,2025-04-21
L0230,2025-04-22
L0230,2025-04-23
L0230,2025-04-24
L0230,2025-04-25
L0230,2025-04-26
L0230,2025-04-27
L0230,2025-04-28
L0230,2025-04-29
L0230,2025-04-30
L0230,2025-05-01
L0230,2025-05-02
L0230,2025-05-03
L0230,2025-05-04
L0230,2025-05-05
L0230,2025-05-06
L0230,2025-05-07
L0230,2025-05-08
L0230,2025-05-09
L0230,2025-05-10
L0230,2025-05-11
L0230,2025-05-12
L0230,2025-05-13
L0230,2025-05-14
L0230,2025-05-15
L0230,2025-05-16
L0230,2025-05-17
L0230,2025-05-18
L0230,2025-05-19
L0230,2025-05-20
L0230,2025-05-21
L0230,2025-05-22
L0230,2025-05-23
L0230,2025-05-24
L0230,2025-05-25
L0230,2025-05-26
L0230,2025-05-27
L0230,2025-05-28
L0230,2025-05-29
L0230,2025-05-30
L0230,2025-05-31
L0230,2025-06-01
L0230,2025-06-02
L0230,2025-06-03
L0230,2025-06-04
L0230,2025-06-05
L0230,2025-06-06
L0230,2025-06-07
L0230,2025-06-08
L0230,2025-06-09
L0230,2025-06-10
L0230,2025-06-11
L0230,2025-06-12
L0230,2025-06-13
L0230,2025-06-14
L0230,2025-06-15
L0230,2025-06-16
L0230,2025-06-17
L0230,2025-06-18
L0230,2025-06-19
L0230,2025-06-20
L0230,2025-06-21
L0230,2025-06-22
L0230,2025-06-23
L0230,2025-06-24
L0230,2025-06-25
L0230,2025-06-26
L0230,2025-06-27
L0230,2025-06-28
L0230,2025-06-29
L0231,2025-01-01
L0231,2025-01-02
L0231,2025-01-03
L0231,2025-01-04
L0231,2025-01-05
L0231,2025-01-06
L0231,2025-01-07
L0231,2025-01-08
L0231,2025-01-09
L0231,2025-01-10
L0231,2025-01-11
L0231,2025-01-12
L0231,2025-01-13
L0231,2025-01-14
L0231,2025-01-15
L0231,2025-01-16
L0231,2025-01-17
L0231,2025-01-18
L0231,2025-01-19
L0231,2025-01-20
L0231,2025-01-21
L0231,2025-01-22
L0231,2025-01-23
L0231,2025-01-24
L0231,2025-01-25
L0231,2025-01-26
L0231,2025-01-27
L0231,2025-01-28
L0231,2025-01-29
L0231,2025-01-30
L0231,2025-01-31
L0231,2025-02-01
L0231,2025-02-02
L0231,2025-02-03
L0231,2025-02-04
L0231,2025-02-05
L0231,2025-02-06
L0231,2025-02-07
L0231,2025-02-08
L0231,2025-02-09
L0231,2025-02-10
L0231,2025-02-11
L0231,2025-02-12
L0231,2025-02-13
L0231,2025-02-14
L0231,2025-02-15
L0231,2025-02-16
L0231,2025-02-17
L0231,2025-02-18
L0231,2025-02-19
L0231,2025-02-20
L0231,2025-02-21
L0231,2025-02-22
L0231,2025-02-23
L0231,2025-02-24
L0231,2025-02-25
L0231,2025-02-26
L0231,2025-02-27
L0231,2025-02-28
L0231,2025-03-01
L0231,2025-03-02
L0231,2025-03-03
L0231,2025-03-04
L0231,2025-03-05
L0231,2025-03-06
L0231,2025-03-07
L0231,2025-03-08
L0231,2025-03-09
L0231,2025-03-10
L0231,2025-03-11
L0231,2025-03-12
L0231,2025-03-13
L0231,2025-03-14
L0231,2025-03-15
L0231,2025-03-16
L0231,2025-03-17
L0231,2025-03-18
L0231,2025-03-19
L0231,2025-03-20
L0231,2025-03-21
L0231,2025-03-22
L0231,2025-03-23
L0231,2025-03-24
L0231,2025-03-25
L0231,2025-03-26
L0231,2025-03-27
L0231,2025-03-28
L0231,2025-03-29
L0231,2025-03-30
L0231,2025-03-31
L0231,2025-04-01
L0231,2025-04-02
L0231,2025-04-03
L0231,2025-04-04
L0231,2025-04-05
L0231,2025-04-06
L0231,2025-04-07
L0231,2025-04-08
L0231,2025-04-09
L0231,2025-04-10
L0231,2025-04-11
L0231,2025-04-12
L0231,2025-04-13
L0231,2025-04-14
L0231,2025-04-15
L0231,2025-04-16
L0231,2025-04-17
L0231,2025-04-18
L0231,2025-04-19
L0231,2025-04-20
L0231,2025-04-21
L0231,2025-04-22
L0231,2025-04-23
L0231,2025-04-24
L0231,2025-04-25
L0231,2025-04-26
L0231,2025-04-27
L0231,2025-04-28
L0231,2025-04-29
L0231,2025-04-30
L0231,2025-05-01
L0231,2025-05-02
L0231,2025-05-03
L0231,2025-05-04
L0231,2025-05-05
L0231,2025-05-06
L0231,2025-05-07
L0231,2025-05-08
L0231,2025-05-09
L0231,2025-05-10
L0231,2025-05-11
L0231,2025-05-12
L0231,2025-05-13
L0231,2025-05-14
L0231,2025-05-15
L0231,2025-05-16
L0231,2025-05-17
L0231,2025-05-18
L0231,2025-05-19
L0231,2025-05-20
L0231,2025-05-21
L0231,2025-05-22
L0231,2025-05-23
L0231,2025-05-24
L0231,2025-05-25
L0231,2025-05-26
L0231,2025-05-27
L0231,2025-05-28
L0231,2025-05-29
L0231,2025-05-30
L0231,2025-05-31
L0231,2025-06-01
L0231,2025-06-02
L0231,2025-06-03
L0231,2025-06-04
L0231,2025-06-05
L0231,2025-06-06
L0231,2025-06-07
L0231,2025-06-08
L0231,2025-06-09
L0231,2025-06-10
L0231,2025-06-11
L0231,2025-06-12
L0231,2025-06-13
L0231,2025-06-14
L0231,2025-06-15
L0231,2025-06-16
L0231,2025-06-17
L0231,2025-06-18
L0231,2025-06-19
L0231,2025-06-20
L0231,2025-06-21
L0231,2025-06-22
L0231,2025-06-23
L0231,2025-06-24
L0231,2025-06-25
L0231,2025-06-26
L0231,2025-06-27
L0231,2025-06-28
L0231,2025-06-29
L0232,2025-01-01
L0232,2025-01-02
L0232,2025-01-03
L0232,2025-01-04
L0232,2025-01-05
L0232,2025-01-06
L0232,2025-01-07
L0232,2025-01-08
L0232,2025-01-09
L0232,2025-01-10
L0232,2025-01-11
L0232,2025-01-12
L0232,2025-01-13
L0232,2025-01-14
L0232,2025-01-15
L0232,2025-01-16
L0232,2025-01-17
L0232,2025-01-18
L0232,2025-01-19
L0232,2025-01-20
L0232,2025-01-21
L0232,2025-01-22
L0232,2025-01-23
L0232,2025-01-24
L0232,2025-01-25
L0232,2025-01-26
L0232,2025-01-27
L0232,2025-01-28
L0232,2025-01-29
L0232,2025-01-30
L0232,2025-01-31
L0232,2025-02-01
L0232,2025-02-02
L0232,2025-02-03
L0232,2025-02-04
L0232,2025-02-05
L0232,2025-02-06
L0232,2025-02-07
L0232,2025-02-08
L0232,2025-02-09
L0232,2025-02-10
L0232,2025-02-11
L0232,2025-02-12
L0232,2025-02-13
L0232,2025-02-14
L0232,2025-02-15
L0232,2025-02-16
L0232,2025-02-17
L0232,2025-02-18
L0232,2025-02-19
L0232,2025-02-20
L0232,2025-02-21
L0232,2025-02-22
L0232,2025-02-23
L0232,2025-02-24
L0232,2025-02-25
L0232,2025-02-26
L0232,2025-02-27
L0232,2025-02-28
L0232,2025-03-01
L0232,2025-03-02
L0232,2025-03-03
L0232,2025-03-04
L0232,2025-03-05
L0232,2025-03-06
L0232,2025-03-07
L0232,2025-03-08
L0232,2025-03-09
L0232,2025-03-10
L0232,2025-03-11
L0232,2025-03-12
L0232,2025-03-13
L0232,2025-03-14
L0232,2025-03-15
L0232,2025-03-16
L0232,2025-03-17
L0232,2025-03-18
L0232,2025-03-19
L0232,2025-03-20
L0232,2025-03-21
L0232,2025-03-22
L0232,2025-03-23
L0232,2025-03-24
L0232,2025-03-25
L0232,2025-03-26
L0232,2025-03-27
L0232,2025-03-28
L0232,2025-03-29
L0232,2025-03-30
L0232,2025-03-31
L0232,2025-04-01
L0232,2025-04-02
L0232,2025-04-03
L0232,2025-04-04
L0232,2025-04-05
L0232,2025-04-06
L0232,2025-04-07
L0232,2025-04-08
L0232,2025-04-09
L0232,2025-04-10
L0232,2025-04-11
L0232,2025-04-12
L0232,2025-04-13
L0232,2025-04-14
L0232,2025-04-15
L0232,2025-04-16
L0232,2025-04-17
L0232,2025-04-18
L0232,2025-04-19
L0232,2025-04-20
L0232,2025-04-21
L0232,2025-04-22
L0232,2025-04-23
L0232,2025-04-24
L0232,2025-04-25
L0232,2025-04-26
L0232,2025-04-27
L0232,2025-04-28
L0232,2025-04-29
L0232,2025-04-30
L0232,2025-05-01
L0232,2025-05-02
L0232,2025-05-03
L0232,2025-05-04
L0232,2025-05-05
L0232,2025-05-06
L0232,2025-05-07
L0232,2025-05-08
L0232,2025-05-09
L0232,2025-05-10
L0232,2025-05-11
L0232,2025-05-12
L0232,2025-05-13
L0232,2025-05-14
L0232,2025-05-15
L0232,2025-05-16
L0232,2025-05-17
L0232,2025-05-18
L0232,2025-05-19
L0232,2025-05-20
L0232,2025-05-21
L0232,2025-05-22
L0232,2025-05-23
L0232,2025-05-24
L0232,2025-05-25
L0232,2025-05-26
L0232,2025-05-27
L0232,2025-05-28
L0232,2025-05-29
L0232,2025-05-30
L0232,2025-05-31
L0232,2025-06-01
L0232,2025-06-02
L0232,2025-06-03
L0232,2025-06-04
L0232,2025-06-05
L0232,2025-06-06
L0232,2025-06-07
L0232,2025-06-08
L0232,2025-06-09
L0232,2025-06-10
L0232,2025-06-11
L0232,2025-06-12
L0232,2025-06-13
L0232,2025-06-14
L0232,2025-06-15
L0232,2025-06-16
L0232,2025-06-17
L0232,2025-06-18
L0232,2025-06-19
L0232,2025-06-20
L0232,2025-06-21
L0232,2025-06-22
L0232,2025-06-23
L0232,2025-06-24
L0232,2025-06-25
L0232,2025-06-26
L0232,2025-06-27
L0232,2025-06-28
L0232,2025-06-29
L0233,2025-01-01
L0233,2025-01-02
L0233,2025-01-03
L0233,2025-01-04
L0233,2025-01-05
L0233,2025-01-06
L0233,2025-01-07
L0233,2025-01-08
L0233,2025-01-09
L0233,2025-01-10
L0233,2025-01-11
L0233,2025-01-12
L0233,2025-01-13
L0233,2025-01-14
L0233,2025-01-15
L0233,2025-01-16
L0233,2025-01-17
L0233,2025-01-18
L0233,2025-01-19
L0233,2025-01-20
L0233,2025-01-21
L0233,2025-01-22
L0233,2025-01-23
L0233,2025-01-24
L0233,2025-01-25
L0233,2025-01-26
L0233,2025-01-27
L0233,2025-01-28
L0233,2025-01-29
L0233,2025-01-30
L0233,2025-01-31
L0233,2025-02-01
L0233,2025-02-02
L0233,2025-02-03
L0233,2025-02-04
L0233,2025-02-05
L0233,2025-02-06
L0233,2025-02-07
L0233,2025-02-08
L0233,2025-02-09
L0233,2025-02-10
L0233,2025-02-11
L0233,2025-02-12
L0233,2025-02-13
L0233,2025-02-14
L0233,2025-02-15
L0233,2025-02-16
L0233,2025-02-17
L0233,2025-02-18
L0233,2025-02-19
L0233,2025-02-20
L0233,2025-02-21
L0233,2025-02-22
L0233,2025-02-23
L0233,2025-02-24
L0233,2025-02-25
L0233,2025-02-26
L0233,2025-02-27
L0233,2025-02-28
L0233,2025-03-01
L0233,2025-03-02
L0233,2025-03-03
L0233,2025-03-04
L0233,2025-03-05
L0233,2025-03-06
L0233,2025-03-07
L0233,2025-03-08
L0233,2025-03-09
L0233,2025-03-10
L0233,2025-03-11
L0233,2025-03-12
L0233,2025-03-13
L0233,2025-03-14
L0233,2025-03-15
L0233,2025-03-16
L0233,2025-03-17
L0233,2025-03-18
L0233,2025-03-19
L0233,2025-03-20
L0233,2025-03-21
L0233,2025-03-22
L0233,2025-03-23
L0233,2025-03-24
L0233,2025-03-25
L0233,2025-03-26
L0233,2025-03-27
L0233,2025-03-28
L0233,2025-03-29
L0233,2025-03-30
L0233,2025-03-31
L0233,2025-04-01
L0233,2025-04-02
L0233,2025-04-03
L0233,2025-04-04
L0233,2025-04-05
L0233,2025-04-06
L0233,2025-04-07
L0233,2025-04-08
L0233,2025-04-09
L0233,2025-04-10
L0233,2025-04-11
L0233,2025-04-12
L0233,2025-04-13
L0233,2025-04-14
L0233,2025-04-15
L0233,2025-04-16
L0233,2025-04-17
L0233,2025-04-18
L0233,2025-04-19
L0233,2025-04-20
L0233,2025-04-21
L0233,2025-04-22
L0233,2025-04-23
L0233,2025-04-24
L0233,2025-04-25
L0233,2025-04-26
L0233,2025-04-27
L0233,2025-04-28
L0233,2025-04-29
L0233,2025-04-30
L0233,2025-05-01
L0233,2025-05-02
L0233,2025-05-03
L0233,2025-05-04
L0233,2025-05-05
L0233,2025-05-06
L0233,2025-05-07
L0233,2025-05-08
L0233,2025-05-09
L0233,2025-05-10
L0233,2025-05-11
L0233,2025-05-12
L0233,2025-05-13
L0233,2025-05-14
L0233,2025-05-15
L0233,2025-05-16
L0233,2025-05-17
L0233,2025-05-18
L0233,2025-05-19
L0233,2025-05-20
L0233,2025-05-21
L0233,2025-05-22
L0233,2025-05-23
L0233,2025-05-24
L0233,2025-05-25
L0233,2025-05-26
L0233,2025-05-27
L0233,2025-05-28
L0233,2025-05-29
L0233,2025-05-30
L0233,2025-05-31
L0233,2025-06-01
L0233,2025-06-02
L0233,2025-06-03
L0233,2025-06-04
L0233,2025-06-05
L0233,2025-06-06
L0233,2025-06-07
L0233,2025-06-08
L0233,2025-06-09
L0233,2025-06-10
L0233,2025-06-11
L0233,2025-06-12
L0233,2025-06-13
L0233,2025-06-14
L0233,2025-06-15
L0233,2025-06-16
L0233,2025-06-17
L0233,2025-06-18
L0233,2025-06-19
L0233,2025-06-20
L0233,2025-06-21
L0233,2025-06-22
L0233,2025-06-23
L0233,2025-06-24
L0233,2025-06-25
L0233,2025-06-26
L0233,2025-06-27
L0233,2025-06-28
L0233,2025-06-29
L0234,2025-01-01
L0234,2025-01-02
L0234,2025-01-03
L0234,2025-01-04
L0234,2025-01-05
L0234,2025-01-06
L0234,2025-01-07
L0234,2025-01-08
L0234,2025-01-09
L0234,2025-01-10
L0234,2025-01-11
L0234,2025-01-12
L0234,2025-01-13
L0234,2025-01-14
L0234,2025-01-15
L0234,2025-01-16
L0234,2025-01-17
L0234,2025-01-18
L0234,2025-01-19
L0234,2025-01-20
L0234,2025-01-21
L0234,2025-01-22
L0234,2025-01-23
L0234,2025-01-24
L0234,2025-01-25
L0234,2025-01-26
L0234,2025-01-27
L0234,2025-01-28
L0234,2025-01-29
L0234,2025-01-30
L0234,2025-01-31
L0234,2025-02-01
L0234,2025-02-02
L0234,2025-02-03
L0234,2025-02-04
L0234,2025-02-05
L0234,2025-02-06
L0234,2025-02-07
L0234,2025-02-08
L0234,2025-02-09
L0234,2025-02-10
L0234,2025-02-11
L0234,2025-02-12
L0234,2025-02-13
L0234,2025-02-14
L0234,2025-02-15
L0234,2025-02-16
L0234,2025-02-17
L0234,2025-02-18
L0234,2025-02-19
L0234,2025-02-20
L0234,2025-02-21
L0234,2025-02-22
L0234,2025-02-23
L0234,2025-02-24
L0234,2025-02-25
L0234,2025-02-26
L0234,2025-02-27
L0234,2025-02-28
L0234,2025-03-01
L0234,2025-03-02
L0234,2025-03-03
L0234,2025-03-04
L0234,2025-03-05
L0234,2025-03-06
L0234,2025-03-07
L0234,2025-03-08
L0234,2025-03-09
L0234,2025-03-10
L0234,2025-03-11
L0234,2025-03-12
L0234,2025-03-13
L0234,2025-03-14
L0234,2025-03-15
L0234,2025-03-16
L0234,2025-03-17
L0234,2025-03-18
L0234,2025-03-19
L0234,2025-03-20
L0234,2025-03-21
L0234,2025-03-22
L0234,2025-03-23
L0234,2025-03-24
L0234,2025-03-25
L0234,2025-03-26
L0234,2025-03-27
L0234,2025-03-28
L0234,2025-03-29
L0234,2025-03-30
L0234,2025-03-31
L0234,2025-04-01
L0234,2025-04-02
L0234,2025-04-03
L0234,2025-04-04
L0234,2025-04-05
L0234,2025-04-06
L0234,2025-04-07
L0234,2025-04-08
L0234,2025-04-09
L0234,2025-04-10
L0234,2025-04-11
L0234,2025-04-12
L0234,2025-04-13
L0234,2025-04-14
L0234,2025-04-15
L0234,2025-04-16
L0234,2025-04-17
L0234,2025-04-18
L0234,2025-04-19
L0234,2025-04-20
L0234,2025-04-21
L0234,2025-04-22
L0234,2025-04-23
L0234,2025-04-24
L0234,2025-04-25
L0234,2025-04-26
L0234,2025-04-27
L0234,2025-04-28
L0234,2025-04-29
L0234,2025-04-30
L0234,2025-05-01
L0234,2025-05-02
L0234,2025-05-03
L0234,2025-05-04
L0234,2025-05-05
L0234,2025-05-06
L0234,2025-05-07
L0234,2025-05-08
L0234,2025-05-09
L0234,2025-05-10
L0234,2025-05-11
L0234,2025-05-12
L0234,2025-05-13
L0234,2025-05-14
L0234,2025-05-15
L0234,2025-05-16
L0234,2025-05-17
L0234,2025-05-18
L0234,2025-05-19
L0234,2025-05-20
L0234,2025-05-21
L0234,2025-05-22
L0234,2025-05-23
L0234,2025-05-24
L0234,2025-05-25
L0234,2025-05-26
L0234,2025-05-27
L0234,2025-05-28
L0234,2025-05-29
L0234,2025-05-30
L0234,2025-05-31
L0234,2025-06-01
L0234,2025-06-02
L0234,2025-06-03
L0234,2025-06-04
L0234,2025-06-05
L0234,2025-06-06
L0234,2025-06-07
L0234,2025-06-08
L0234,2025-06-09
L0234,2025-06-10
L0234,2025-06-11
L0234,2025-06-12
L0234,2025-06-13
L0234,2025-06-14
L0234,2025-06-15
L0234,2025-06-16
L0234,2025-06-17
L0234,2025-06-18
L0234,2025-06-19
L0234,2025-06-20
L0234,2025-06-21
L0234,2025-06-22
L0234,2025-06-23
L0234,2025-06-24
L0234,2025-06-25
L0234,2025-06-26
L0234,2025-06-27
L0234,2025-06-28
L0234,2025-06-29
L0235,2025-01-01
L0235,2025-01-02
L0235,2025-01-03
L0235,2025-01-04
L0235,2025-01-05
L0235,2025-01-06
L0235,2025-01-07
L0235,2025-01-08
L0235,2025-01-09
L0235,2025-01-10
L0235,2025-01-11
L0235,2025-01-12
L0235,2025-01-13
L0235,2025-01-14
L0235,2025-01-15
L0235,2025-01-16
L0235,2025-01-17
L0235,2025-01-18
L0235,2025-01-19
L0235,2025-01-20
L0235,2025-01-21
L0235,2025-01-22
L0235,2025-01-23
L0235,2025-01-24
L0235,2025-01-25
L0235,2025-01-26
L0235,2025-01-27
L0235,2025-01-28
L0235,2025-01-29
L0235,2025-01-30
L0235,2025-01-31
L0235,2025-02-01
L0235,2025-02-02
L0235,2025-02-03
L0235,2025-02-04
L0235,2025-02-05
L0235,2025-02-06
L0235,2025-02-07
L0235,2025-02-08
L0235,2025-02-09
L0235,2025-02-10
L0235,2025-02-11
L0235,2025-02-12
L0235,2025-02-13
L0235,2025-02-14
L0235,2025-02-15
L0235,2025-02-16
L0235,2025-02-17
L0235,2025-02-18
L0235,2025-02-19
L0235,2025-02-20
L0235,2025-02-21
L0235,2025-02-22
L0235,2025-02-23
L0235,2025-02-24
L0235,2025-02-25
L0235,2025-02-26
L0235,2025-02-27
L0235,2025-02-28
L0235,2025-03-01
L0235,2025-03-02
L0235,2025-03-03
L0235,2025-03-04
L0235,2025-03-05
L0235,2025-03-06
L0235,2025-03-07
L0235,2025-03-08
L0235,2025-03-09
L0235,2025-03-10
L0235,2025-03-11
L0235,2025-03-12
L0235,2025-03-13
L0235,2025-03-14
L0235,2025-03-15
L0235,2025-03-16
L0235,2025-03-17
L0235,2025-03-18
L0235,2025-03-19
L0235,2025-03-20
L0235,2025-03-21
L0235,2025-03-22
L0235,2025-03-23
L0235,2025-03-24
L0235,2025-03-25
L0235,2025-03-26
L0235,2025-03-27
L0235,2025-03-28
L0235,2025-03-29
L0235,2025-03-30
L0235,2025-03-31
L0235,2025-04-01
L0235,2025-04-02
L0235,2025-04-03
L0235,2025-04-04
L0235,2025-04-05
L0235,2025-04-06
L0235,2025-04-07
L0235,2025-04-08
L0235,2025-04-09
L0235,2025-04-10
L0235,2025-04-11
L0235,2025-04-12
L0235,2025-04-13
L0235,2025-04-14
L0235,2025-04-15
L0235,2025-04-16
L0235,2025-04-17
L0235,2025-04-18
L0235,2025-04-19
L0235,2025-04-20
L0235,2025-04-21
L0235,2025-04-22
L0235,2025-04-23
L0235,2025-04-24
L0235,2025-04-25
L0235,2025-04-26
L0235,2025-04-27
L0235,2025-04-28
L0235,2025-04-29
L0235,2025-04-30
L0235,2025-05-01
L0235,2025-05-02
L0235,2025-05-03
L0235,2025-05-04
L0235,2025-05-05
L0235,2025-05-06
L0235,2025-05-07
L0235,2025-05-08
L0235,2025-05-09
L0235,2025-05-10
L0235,2025-05-11
L0235,2025-05-12
L0235,2025-05-13
L0235,2025-05-14
L0235,2025-05-15
L0235,2025-05-16
L0235,2025-05-17
L0235,2025-05-18
L0235,2025-05-19
L0235,2025-05-20
L0235,2025-05-21
L0235,2025-05-22
L0235,2025-05-23
L0235,2025-05-24
L0235,2025-05-25
L0235,2025-05-26
L0235,2025-05-27
L0235,2025-05-28
L0235,2025-05-29
L0235,2025-05-30
L0235,2025-05-31
L0235,2025-06-01
L0235,2025-06-02
L0235,2025-06-03
L0235,2025-06-04
L0235,2025-06-05
L0235,2025-06-06
L0235,2025-06-07
L0235,2025-06-08
L0235,2025-06-09
L0235,2025-06-10
L0235,2025-06-11
L0235,2025-06-12
L0235,2025-06-13
L0235,2025-06-14
L0235,2025-06-15
L0235,2025-06-16
L0235,2025-06-17
L0235,2025-06-18
L0235,2025-06-19
L0235,2025-06-20
L0235,2025-06-21
L0235,2025-06-22
L0235,2025-06-23
L0235,2025-06-24
L0235,2025-06-25
L0235,2025-06-26
L0235,2025-06-27
L0235,2025-06-28
L0235,2025-06-29
L0236,2025-01-01
L0236,2025-01-02
L0236,2025-01-03
L0236,2025-01-04
L0236,2025-01-05
L0236,2025-01-06
L0236,2025-01-07
L0236,2025-01-08
L0236,2025-01-09
L0236,2025-01-10
L0236,2025-01-11
L0236,2025-01-12
L0236,2025-01-13
L0236,2025-01-14
L0236,2025-01-15
L0236,2025-01-16
L0236,2025-01-17
L0236,2025-01-18
L0236,2025-01-19
L0236,2025-01-20
L0236,2025-01-21
L0236,2025-01-22
L0236,2025-01-23
L0236,2025-01-24
L0236,2025-01-25
L0236,2025-01-26
L0236,2025-01-27
L0236,2025-01-28
L0236,2025-01-29
L0236,2025-01-30
L0236,2025-01-31
L0236,2025-02-01
L0236,2025-02-02
L0236,2025-02-03
L0236,2025-02-04
L0236,2025-02-05
L0236,2025-02-06
L0236,2025-02-07
L0236,2025-02-08
L0236,2025-02-09
L0236,2025-02-10
L0236,2025-02-11
L0236,2025-02-12
L0236,2025-02-13
L0236,2025-02-14
L0236,2025-02-15
L0236,2025-02-16
L0236,2025-02-17
L0236,2025-02-18
L0236,2025-02-19
L0236,2025-02-20
L0236,2025-02-21
L0236,2025-02-22
L0236,2025-02-23
L0236,2025-02-24
L0236,2025-02-25
L0236,2025-02-26
L0236,2025-02-27
L0236,2025-02-28
L0236,2025-03-01
L0236,2025-03-02
L0236,2025-03-03
L0236,2025-03-04
L0236,2025-03-05
L0236,2025-03-06
L0236,2025-03-07
L0236,2025-03-08
L0236,2025-03-09
L0236,2025-03-10
L0236,2025-03-11
L0236,2025-03-12
L0236,2025-03-13
L0236,2025-03-14
L0236,2025-03-15
L0236,2025-03-16
L0236,2025-03-17
L0236,2025-03-18
L0236,2025-03-19
L0236,2025-03-20
L0236,2025-03-21
L0236,2025-03-22
L0236,2025-03-23
L0236,2025-03-24
L0236,2025-03-25
L0236,2025-03-26
L0236,2025-03-27
L0236,2025-03-28
L0236,2025-03-29
L0236,2025-03-30
L0236,2025-03-31
L0236,2025-04-01
L0236,2025-04-02
L0236,2025-04-03
L0236,2025-04-04
L0236,2025-04-05
L0236,2025-04-06
L0236,2025-04-07
L0236,2025-04-08
L0236,2025-04-09
L0236,2025-04-10
L0236,2025-04-11
L0236,2025-04-12
L0236,2025-04-13
L0236,2025-04-14
L0236,2025-04-15
L0236,2025-04-16
L0236,2025-04-17
L0236,2025-04-18
L0236,2025-04-19
L0236,2025-04-20
L0236,2025-04-21
L0236,2025-04-22
L0236,2025-04-23
L0236,2025-04-24
L0236,2025-04-25
L0236,2025-04-26
L0236,2025-04-27
L0236,2025-04-28
L0236,2025-04-29
L0236,2025-04-30
L0236,2025-05-01
L0236,2025-05-02
L0236,2025-05-03
L0236,2025-05-04
L0236,2025-05-05
L0236,2025-05-06
L0236,2025-05-07
L0236,2025-05-08
L0236,2025-05-09
L0236,2025-05-10
L0236,2025-05-11
L0236,2025-05-12
L0236,2025-05-13
L0236,2025-05-14
L0236,2025-05-15
L0236,2025-05-16
L0236,2025-05-17
L0236,2025-05-18
L0236,2025-05-19
L0236,2025-05-20
L0236,2025-05-21
L0236,2025-05-22
L0236,2025-05-23
L0236,2025-05-24
L0236,2025-05-25
L0236,2025-05-26
L0236,2025-05-27
L0236,2025-05-28
L0236,2025-05-29
L0236,2025-05-30
L0236,2025-05-31
L0236,2025-06-01
L0236,2025-06-02
L0236,2025-06-03
L0236,2025-06-04
L0236,2025-06-05
L0236,2025-06-06
L0236,2025-06-07
L0236,2025-06-08
L0236,2025-06-09
L0236,2025-06-10
L0236,2025-06-11
L0236,2025-06-12
L0236,2025-06-13
L0236,2025-06-14
L0236,2025-06-15
L0236,2025-06-16
L0236,2025-06-17
L0236,2025-06-18
L0236,2025-06-19
L0236,2025-06-20
L0236,2025-06-21
L0236,2025-06-22
L0236,2025-06-23
L0236,2025-06-24
L0236,2025-06-25
L0236,2025-06-26
L0236,2025-06-27
L0236,2025-06-28
L0236,2025-06-29
L0237,2025-01-01
L0237,2025-01-02
L0237,2025-01-03
L0237,2025-01-04
L0237,2025-01-05
L0237,2025-01-06
L0237,2025-01-07
L0237,2025-01-08
L0237,2025-01-09
L0237,2025-01-10
L0237,2025-01-11
L0237,2025-01-12
L0237,2025-01-13
L0237,2025-01-14
L0237,2025-01-15
L0237,2025-01-16
L0237,2025-01-17
L0237,2025-01-18
L0237,2025-01-19
L0237,2025-01-20
L0237,2025-01-21
L0237,2025-01-22
L0237,2025-01-23
L0237,2025-01-24
L0237,2025-01-25
L0237,2025-01-26
L0237,2025-01-27
L0237,2025-01-28
L0237,2025-01-29
L0237,2025-01-30
L0237,2025-01-31
L0237,2025-02-01
L0237,2025-02-02
L0237,2025-02-03
L0237,2025-02-04
L0237,2025-02-05
L0237,2025-02-06
L0237,2025-02-07
L0237,2025-02-08
L0237,2025-02-09
L0237,2025-02-10
L0237,2025-02-11
L0237,2025-02-12
L0237,2025-02-13
L0237,2025-02-14
L0237,2025-02-15
L0237,2025-02-16
L0237,2025-02-17
L0237,2025-02-18
L0237,2025-02-19
L0237,2025-02-20
L0237,2025-02-21
L0237,2025-02-22
L0237,2025-02-23
L0237,2025-02-24
L0237,2025-02-25
L0237,2025-02-26
L0237,2025-02-27
L0237,2025-02-28
L0237,2025-03-01
L0237,2025-03-02
L0237,2025-03-03
L0237,2025-03-04
L0237,2025-03-05
L0237,2025-03-06
L0237,2025-03-07
L0237,2025-03-08
L0237,2025-03-09
L0237,2025-03-10
L0237,2025-03-11
L0237,2025-03-12
L0237,2025-03-13
L0237,2025-03-14
L0237,2025-03-15
L0237,2025-03-16
L0237,2025-03-17
L0237,2025-03-18
L0237,2025-03-19
L0237,2025-03-20
L0237,2025-03-21
L0237,2025-03-22
L0237,2025-03-23
L0237,2025-03-24
L0237,2025-03-25
L0237,2025-03-26
L0237,2025-03-27
L0237,2025-03-28
L0237,2025-03-29
L0237,2025-03-30
L0237,2025-03-31
L0237,2025-04-01
L0237,2025-04-02
L0237,2025-04-03
L0237,2025-04-04
L0237,2025-04-05
L0237,2025-04-06
L0237,2025-04-07
L0237,2025-04-08
L0237,2025-04-09
L0237,2025-04-10
L0237,2025-04-11
L0237,2025-04-12
L0237,2025-04-13
L0237,2025-04-14
L0237,2025-04-15
L0237,2025-04-16
L0237,2025-04-17
L0237,2025-04-18
L0237,2025-04-19
L0237,2025-04-20
L0237,2025-04-21
L0237,2025-04-22
L0237,2025-04-23
L0237,2025-04-24
L0237,2025-04-25
L0237,2025-04-26
L0237,2025-04-27
L0237,2025-04-28
L0237,2025-04-29
L0237,2025-04-30
L0237,2025-05-01
L0237,2025-05-02
L0237,2025-05-03
L0237,2025-05-04
L0237,2025-05-05
L0237,2025-05-06
L0237,2025-05-07
L0237,2025-05-08
L0237,2025-05-09
L0237,2025-05-10
L0237,2025-05-11
L0237,2025-05-12
L0237,2025-05-13
L0237,2025-05-14
L0237,2025-05-15
L0237,2025-05-16
L0237,2025-05-17
L0237,2025-05-18
L0237,2025-05-19
L0237,2025-05-20
L0237,2025-05-21
L0237,2025-05-22
L0237,2025-05-23
L0237,2025-05-24
L0237,2025-05-25
L0237,2025-05-26
L0237,2025-05-27
L0237,2025-05-28
L0237,2025-05-29
L0237,2025-05-30
L0237,2025-05-31
L0237,2025-06-01
L0237,2025-06-02
L0237,2025-06-03
L0237,2025-06-04
L0237,2025-06-05
L0237,2025-06-06
L0237,2025-06-07
L0237,2025-06-08
L0237,2025-06-09
L0237,2025-06-10
L0237,2025-06-11
L0237,2025-06-12
L0237,2025-06-13
L0237,2025-06-14
L0237,2025-06-15
L0237,2025-06-16
L0237,2025-06-17
L0237,2025-06-18
L0237,2025-06-19
L0237,2025-06-20
L0237,2025-06-21
L0237,2025-06-22
L0237,2025-06-23
L0237,2025-06-24
L0237,2025-06-25
L0237,2025-06-26
L0237,2025-06-27
L0237,2025-06-28
L0237,2025-06-29
L0238,2025-01-01
L0238,2025-01-02
L0238,2025-01-03
L0238,2025-01-04
L0238,2025-01-05
L0238,2025-01-06
L0238,2025-01-07
L0238,2025-01-08
L0238,2025-01-09
L0238,2025-01-10
L0238,2025-01-11
L0238,2025-01-12
L0238,2025-01-13
L0238,2025-01-14
L0238,2025-01-15
L0238,2025-01-16
L0238,2025-01-17
L0238,2025-01-18
L0238,2025-01-19
L0238,2025-01-20
L0238,2025-01-21
L0238,2025-01-22
L0238,2025-01-23
L0238,2025-01-24
L0238,2025-01-25
L0238,2025-01-26
L0238,2025-01-27
L0238,2025-01-28
L0238,2025-01-29
L0238,2025-01-30
L0238,2025-01-31
L0238,2025-02-01
L0238,2025-02-02
L0238,2025-02-03
L0238,2025-02-04
L0238,2025-02-05
L0238,2025-02-06
L0238,2025-02-07
L0238,2025-02-08
L0238,2025-02-09
L0238,2025-02-10
L0238,2025-02-11
L0238,2025-02-12
L0238,2025-02-13
L0238,2025-02-14
L0238,2025-02-15
L0238,2025-02-16
L0238,2025-02-17
L0238,2025-02-18
L0238,2025-02-19
L0238,2025-02-20
L0238,2025-02-21
L0238,2025-02-22
L0238,2025-02-23
L0238,2025-02-24
L0238,2025-02-25
L0238,2025-02-26
L0238,2025-02-27
L0238,2025-02-28
L0238,2025-03-01
L0238,2025-03-02
L0238,2025-03-03
L0238,2025-03-04
L0238,2025-03-05
L0238,2025-03-06
L0238,2025-03-07
L0238,2025-03-08
L0238,2025-03-09
L0238,2025-03-10
L0238,2025-03-11
L0238,2025-03-12
L0238,2025-03-13
L0238,2025-03-14
L0238,2025-03-15
L0238,2025-03-16
L0238,2025-03-17
L0238,2025-03-18
L0238,2025-03-19
L0238,2025-03-20
L0238,2025-03-21
L0238,2025-03-22
L0238,2025-03-23
L0238,2025-03-24
L0238,2025-03-25
L0238,2025-03-26
L0238,2025-03-27
L0238,2025-03-28
L0238,2025-03-29
L0238,2025-03-30
L0238,2025-03-31
L0238,2025-04-01
L0238,2025-04-02
L0238,2025-04-03
L0238,2025-04-04
L0238,2025-04-05
L0238,2025-04-06
L0238,2025-04-07
L0238,2025-04-08
L0238,2025-04-09
L0238,2025-04-10
L0238,2025-04-11
L0238,2025-04-12
L0238,2025-04-13
L0238,2025-04-14
L0238,2025-04-15
L0238,2025-04-16
L0238,2025-04-17
L0238,2025-04-18
L0238,2025-04-19
L0238,2025-04-20
L0238,2025-04-21
L0238,2025-04-22
L0238,2025-04-23
L0238,2025-04-24
L0238,2025-04-25
L0238,2025-04-26
L0238,2025-04-27
L0238,2025-04-28
L0238,2025-04-29
L0238,2025-04-30
L0238,2025-05-01
L0238,2025-05-02
L0238,2025-05-03
L0238,2025-05-04
L0238,2025-05-05
L0238,2025-05-06
L0238,2025-05-07
L0238,2025-05-08
L0238,2025-05-09
L0238,2025-05-10
L0238,2025-05-11
L0238,2025-05-12
L0238,2025-05-13
L0238,2025-05-14
L0238,2025-05-15
L0238,2025-05-16
L0238,2025-05-17
L0238,2025-05-18
L0238,2025-05-19
L0238,2025-05-20
L0238,2025-05-21
L0238,2025-05-22
L0238,2025-05-23
L0238,2025-05-24
L0238,2025-05-25
L0238,2025-05-26
L0238,2025-05-27
L0238,2025-05-28
L0238,2025-05-29
L0238,2025-05-30
L0238,2025-05-31
L0238,2025-06-01
L0238,2025-06-02
L0238,2025-06-03
L0238,2025-06-04
L0238,2025-06-05
L0238,2025-06-06
L0238,2025-06-07
L0238,2025-06-08
L0238,2025-06-09
L0238,2025-06-10
L0238,2025-06-11
L0238,2025-06-12
L0238,2025-06-13
L0238,2025-06-14
L0238,2025-06-15
L0238,2025-06-16
L0238,2025-06-17
L0238,2025-06-18
L0238,2025-06-19
L0238,2025-06-20
L0238,2025-06-21
L0238,2025-06-22
L0238,2025-06-23
L0238,2025-06-24
L0238,2025-06-25
L0238,2025-06-26
L0238,2025-06-27
L0238,2025-06-28
L0238,2025-06-29
L0239,2025-01-01
L0239,2025-01-02
L0239,2025-01-03
L0239,2025-01-04
L0239,2025-01-05
L0239,2025-01-06
L0239,2025-01-07
L0239,2025-01-08
L0239,2025-01-09
L0239,2025-01-10
L0239,2025-01-11
L0239,2025-01-12
L0239,2025-01-13
L0239,2025-01-14
L0239,2025-01-15
L0239,2025-01-16
L0239,2025-01-17
L0239,2025-01-18
L0239,2025-01-19
L0239,2025-01-20
L0239,2025-01-21
L0239,2025-01-22
L0239,2025-01-23
L0239,2025-01-24
L0239,2025-01-25
L0239,2025-01-26
L0239,2025-01-27
L0239,2025-01-28
L0239,2025-01-29
L0239,2025-01-30
L0239,2025-01-31
L0239,2025-02-01
L0239,2025-02-02
L0239,2025-02-03
L0239,2025-02-04
L0239,2025-02-05
L0239,2025-02-06
L0239,2025-02-07
L0239,2025-02-08
L0239,2025-02-09
L0239,2025-02-10
L0239,2025-02-11
L0239,2025-02-12
L0239,2025-02-13
L0239,2025-02-14
L0239,2025-02-15
L0239,2025-02-16
L0239,2025-02-17
L0239,2025-02-18
L0239,2025-02-19
L0239,2025-02-20
L0239,2025-02-21
L0239,2025-02-22
L0239,2025-02-23
L0239,2025-02-24
L0239,2025-02-25
L0239,2025-02-26
L0239,2025-02-27
L0239,2025-02-28
L0239,2025-03-01
L0239,2025-03-02
L0239,2025-03-03
L0239,2025-03-04
L0239,2025-03-05
L0239,2025-03-06
L0239,2025-03-07
L0239,2025-03-08
L0239,2025-03-09
L0239,2025-03-10
L0239,2025-03-11
L0239,2025-03-12
L0239,2025-03-13
L0239,2025-03-14
L0239,2025-03-15
L0239,2025-03-16
L0239,2025-03-17
L0239,2025-03-18
L0239,2025-03-19
L0239,2025-03-20
L0239,2025-03-21
L0239,2025-03-22
L0239,2025-03-23
L0239,2025-03-24
L0239,2025-03-25
L0239,2025-03-26
L0239,2025-03-27
L0239,2025-03-28
L0239,2025-03-29
L0239,2025-03-30
L0239,2025-03-31
L0239,2025-04-01
L0239,2025-04-02
L0239,2025-04-03
L0239,2025-04-04
L0239,2025-04-05
L0239,2025-04-06
L0239,2025-04-07
L0239,2025-04-08
L0239,2025-04-09
L0239,2025-04-10
L0239,2025-04-11
L0239,2025-04-12
L0239,2025-04-13
L0239,2025-04-14
L0239,2025-04-15
L0239,2025-04-16
L0239,2025-04-17
L0239,2025-04-18
L0239,2025-04-19
L0239,2025-04-20
L0239,2025-04-21
L0239,2025-04-22
L0239,2025-04-23
L0239,2025-04-24
L0239,2025-04-25
L0239,2025-04-26
L0239,2025-04-27
L0239,2025-04-28
L0239,2025-04-29
L0239,2025-04-30
L0239,2025-05-01
L0239,2025-05-02
L0239,2025-05-03
L0239,2025-05-04
L0239,2025-05-05
L0239,2025-05-06
L0239,2025-05-07
L0239,2025-05-08
L0239,2025-05-09
L0239,2025-05-10
L0239,2025-05-11
L0239,2025-05-12
L0239,2025-05-13
L0239,2025-05-14
L0239,2025-05-15
L0239,2025-05-16
L0239,2025-05-17
L0239,2025-05-18
L0239,2025-05-19
L0239,2025-05-20
L0239,2025-05-21
L0239,2025-05-22
L0239,2025-05-23
L0239,2025-05-24
L0239,2025-05-25
L0239,2025-05-26
L0239,2025-05-27
L0239,2025-05-28
L0239,2025-05-29
L0239,2025-05-30
L0239,2025-05-31
L0239,2025-06-01
L0239,2025-06-02
L0239,2025-06-03
L0239,2025-06-04
L0239,2025-06-05
L0239,2025-06-06
L0239,2025-06-07
L0239,2025-06-08
L0239,2025-06-09
L0239,2025-06-10
L0239,2025-06-11
L0239,2025-06-12
L0239,2025-06-13
L0239,2025-06-14
L0239,2025-06-15
L0239,2025-06-16
L0239,2025-06-17
L0239,2025-06-18
L0239,2025-06-19
L0239,2025-06-20
L0239,2025-06-21
L0239,2025-06-22
L0239,2025-06-23
L0239,2025-06-24
L0239,2025-06-25
L0239,2025-06-26
L0239,2025-06-27
L0239,2025-06-28
L0239,2025-06-29
L0240,2025-01-01
L0240,2025-01-02
L0240,2025-01-03
L0240,2025-01-04
L0240,2025-01-05
L0240,2025-01-06
L0240,2025-01-07
L0240,2025-01-08
L0240,2025-01-09
L0240,2025-01-10
L0240,2025-01-11
L0240,2025-01-12
L0240,2025-01-13
L0240,2025-01-14
L0240,2025-01-15
L0240,2025-01-16
L0240,2025-01-17
L0240,2025-01-18
L0240,2025-01-19
L0240,2025-01-20
L0240,2025-01-21
L0240,2025-01-22
L0240,2025-01-23
L0240,2025-01-24
L0240,2025-01-25
L0240,2025-01-26
L0240,2025-01-27
L0240,2025-01-28
L0240,2025-01-29
L0240,2025-01-30
L0240,2025-01-31
L0240,2025-02-01
L0240,2025-02-02
L0240,2025-02-03
L0240,2025-02-04
L0240,2025-02-05
L0240,2025-02-06
L0240,2025-02-07
L0240,2025-02-08
L0240,2025-02-09
L0240,2025-02-10
L0240,2025-02-11
L0240,2025-02-12
L0240,2025-02-13
L0240,2025-02-14
L0240,2025-02-15
L0240,2025-02-16
L0240,2025-02-17
L0240,2025-02-18
L0240,2025-02-19
L0240,2025-02-20
L0240,2025-02-21
L0240,2025-02-22
L0240,2025-02-23
L0240,2025-02-24
L0240,2025-02-25
L0240,2025-02-26
L0240,2025-02-27
L0240,2025-02-28
L0240,2025-03-01
L0240,2025-03-02
L0240,2025-03-03
L0240,2025-03-04
L0240,2025-03-05
L0240,2025-03-06
L0240,2025-03-07
L0240,2025-03-08
L0240,2025-03-09
L0240,2025-03-10
L0240,2025-03-11
L0240,2025-03-12
L0240,2025-03-13
L0240,2025-03-14
L0240,2025-03-15
L0240,2025-03-16
L0240,2025-03-17
L0240,2025-03-18
L0240,2025-03-19
L0240,2025-03-20
L0240,2025-03-21
L0240,2025-03-22
L0240,2025-03-23
L0240,2025-03-24
L0240,2025-03-25
L0240,2025-03-26
L0240,2025-03-27
L0240,2025-03-28
L0240,2025-03-29
L0240,2025-03-30
L0240,2025-03-31
L0240,2025-04-01
L0240,2025-04-02
L0240,2025-04-03
L0240,2025-04-04
L0240,2025-04-05
L0240,2025-04-06
L0240,2025-04-07
L0240,2025-04-08
L0240,2025-04-09
L0240,2025-04-10
L0240,2025-04-11
L0240,2025-04-12
L0240,2025-04-13
L0240,2025-04-14
L0240,2025-04-15
L0240,2025-04-16
L0240,2025-04-17
L0240,2025-04-18
L0240,2025-04-19
L0240,2025-04-20
L0240,2025-04-21
L0240,2025-04-22
L0240,2025-04-23
L0240,2025-04-24
L0240,2025-04-25
L0240,2025-04-26
L0240,2025-04-27
L0240,2025-04-28
L0240,2025-04-29
L0240,2025-04-30
L0240,2025-05-01
L0240,2025-05-02
L0240,2025-05-03
L0240,2025-05-04
L0240,2025-05-05
L0240,2025-05-06
L0240,2025-05-07
L0240,2025-05-08
L0240,2025-05-09
L0240,2025-05-10
L0240,2025-05-11
L0240,2025-05-12
L0240,2025-05-13
L0240,2025-05-14
L0240,2025-05-15
L0240,2025-05-16
L0240,2025-05-17
L0240,2025-05-18
L0240,2025-05-19
L0240,2025-05-20
L0240,2025-05-21
L0240,2025-05-22
L0240,2025-05-23
L0240,2025-05-24
L0240,2025-05-25
L0240,2025-05-26
L0240,2025-05-27
L0240,2025-05-28
L0240,2025-05-29
L0240,2025-05-30
L0240,2025-05-31
L0240,2025-06-01
L0240,2025-06-02
L0240,2025-06-03
L0240,2025-06-04
L0240,2025-06-05
L0240,2025-06-06
L0240,2025-06-07
L0240,2025-06-08
L0240,2025-06-09
L0240,2025-06-10
L0240,2025-06-11
L0240,2025-06-12
L0240,2025-06-13
L0240,2025-06-14
L0240,2025-06-15
L0240,2025-06-16
L0240,2025-06-17
L0240,2025-06-18
L0240,2025-06-19
L0240,2025-06-20
L0240,2025-06-21
L0240,2025-06-22
L0240,2025-06-23
L0240,2025-06-24
L0240,2025-06-25
L0240,2025-06-26
L0240,2025-06-27
L0240,2025-06-28
L0240,2025-06-29
L0241,2025-01-01
L0241,2025-01-02
L0241,2025-01-03
L0241,2025-01-04
L0241,2025-01-05
L0241,2025-01-06
L0241,2025-01-07
L0241,2025-01-08
L0241,2025-01-09
L0241,2025-01-10
L0241,2025-01-11
L0241,2025-01-12
L0241,2025-01-13
L0241,2025-01-14
L0241,2025-01-15
L0241,2025-01-16
L0241,2025-01-17
L0241,2025-01-18
L0241,2025-01-19
L0241,2025-01-20
L0241,2025-01-21
L0241,2025-01-22
L0241,2025-01-23
L0241,2025-01-24
L0241,2025-01-25
L0241,2025-01-26
L0241,2025-01-27
L0241,2025-01-28
L0241,2025-01-29
L0241,2025-01-30
L0241,2025-01-31
L0241,2025-02-01
L0241,2025-02-02
L0241,2025-02-03
L0241,2025-02-04
L0241,2025-02-05
L0241,2025-02-06
L0241,2025-02-07
L0241,2025-02-08
L0241,2025-02-09
L0241,2025-02-10
L0241,2025-02-11
L0241,2025-02-12
L0241,2025-02-13
L0241,2025-02-14
L0241,2025-02-15
L0241,2025-02-16
L0241,2025-02-17
L0241,2025-02-18
L0241,2025-02-19
L0241,2025-02-20
L0241,2025-02-21
L0241,2025-02-22
L0241,2025-02-23
L0241,2025-02-24
L0241,2025-02-25
L0241,2025-02-26
L0241,2025-02-27
L0241,2025-02-28
L0241,2025-03-01
L0241,2025-03-02
L0241,2025-03-03
L0241,2025-03-04
L0241,2025-03-05
L0241,2025-03-06
L0241,2025-03-07
L0241,2025-03-08
L0241,2025-03-09
L0241,2025-03-10
L0241,2025-03-11
L0241,2025-03-12
L0241,2025-03-13
L0241,2025-03-14
L0241,2025-03-15
L0241,2025-03-16
L0241,2025-03-17
L0241,2025-03-18
L0241,2025-03-19
L0241,2025-03-20
L0241,2025-03-21
L0241,2025-03-22
L0241,2025-03-23
L0241,2025-03-24
L0241,2025-03-25
L0241,2025-03-26
L0241,2025-03-27
L0241,2025-03-28
L0241,2025-03-29
L0241,2025-03-30
L0241,2025-03-31
L0241,2025-04-01
L0241,2025-04-02
L0241,2025-04-03
L0241,2025-04-04
L0241,2025-04-05
L0241,2025-04-06
L0241,2025-04-07
L0241,2025-04-08
L0241,2025-04-09
L0241,2025-04-10
L0241,2025-04-11
L0241,2025-04-12
L0241,2025-04-13
L0241,2025-04-14
L0241,2025-04-15
L0241,2025-04-16
L0241,2025-04-17
L0241,2025-04-18
L0241,2025-04-19
L0241,2025-04-20
L0241,2025-04-21
L0241,2025-04-22
L0241,2025-04-23
L0241,2025-04-24
L0241,2025-04-25
L0241,2025-04-26
L0241,2025-04-27
L0241,2025-04-28
L0241,2025-04-29
L0241,2025-04-30
L0241,2025-05-01
L0241,2025-05-02
L0241,2025-05-03
L0241,2025-05-04
L0241,2025-05-05
L0241,2025-05-06
L0241,2025-05-07
L0241,2025-05-08
L0241,2025-05-09
L0241,2025-05-10
L0241,2025-05-11
L0241,2025-05-12
L0241,2025-05-13
L0241,2025-05-14
L0241,2025-05-15
L0241,2025-05-16
L0241,2025-05-17
L0241,2025-05-18
L0241,2025-05-19
L0241,2025-05-20
L0241,2025-05-21
L0241,2025-05-22
L0241,2025-05-23
L0241,2025-05-24
L0241,2025-05-25
L0241,2025-05-26
L0241,2025-05-27
L0241,2025-05-28
L0241,2025-05-29
L0241,2025-05-30
L0241,2025-05-31
L0241,2025-06-01
L0241,2025-06-02
L0241,2025-06-03
L0241,2025-06-04
L0241,2025-06-05
L0241,2025-06-06
L0241,2025-06-07
L0241,2025-06-08
L0241,2025-06-09
L0241,2025-06-10
L0241,2025-06-11
L0241,2025-06-12
L0241,2025-06-13
L0241,2025-06-14
L0241,2025-06-15
L0241,2025-06-16
L0241,2025-06-17
L0241,2025-06-18
L0241,2025-06-19
L0241,2025-06-20
L0241,2025-06-21
L0241,2025-06-22
L0241,2025-06-23
L0241,2025-06-24
L0241,2025-06-25
L0241,2025-06-26
L0241,2025-06-27
L0241,2025-06-28
L0241,2025-06-29
L0242,2025-01-01
L0242,2025-01-02
L0242,2025-01-03
L0242,2025-01-04
L0242,2025-01-05
L0242,2025-01-06
L0242,2025-01-07
L0242,2025-01-08
L0242,2025-01-09
L0242,2025-01-10
L0242,2025-01-11
L0242,2025-01-12
L0242,2025-01-13
L0242,2025-01-14
L0242,2025-01-15
L0242,2025-01-16
L0242,2025-01-17
L0242,2025-01-18
L0242,2025-01-19
L0242,2025-01-20
L0242,2025-01-21
L0242,2025-01-22
L0242,2025-01-23
L0242,2025-01-24
L0242,2025-01-25
L0242,2025-01-26
L0242,2025-01-27
L0242,2025-01-28
L0242,2025-01-29
L0242,2025-01-30
L0242,2025-01-31
L0242,2025-02-01
L0242,2025-02-02
L0242,2025-02-03
L0242,2025-02-04
L0242,2025-02-05
L0242,2025-02-06
L0242,2025-02-07
L0242,2025-02-08
L0242,2025-02-09
L0242,2025-02-10
L0242,2025-02-11
L0242,2025-02-12
L0242,2025-02-13
L0242,2025-02-14
L0242,2025-02-15
L0242,2025-02-16
L0242,2025-02-17
L0242,2025-02-18
L0242,2025-02-19
L0242,2025-02-20
L0242,2025-02-21
L0242,2025-02-22
L0242,2025-02-23
L0242,2025-02-24
L0242,2025-02-25
L0242,2025-02-26
L0242,2025-02-27
L0242,2025-02-28
L0242,2025-03-01
L0242,2025-03-02
L0242,2025-03-03
L0242,2025-03-04
L0242,2025-03-05
L0242,2025-03-06
L0242,2025-03-07
L0242,2025-03-08
L0242,2025-03-09
L0242,2025-03-10
L0242,2025-03-11
L0242,2025-03-12
L0242,2025-03-13
L0242,2025-03-14
L0242,2025-03-15
L0242,2025-03-16
L0242,2025-03-17
L0242,2025-03-18
L0242,2025-03-19
L0242,2025-03-20
L0242,2025-03-21
L0242,2025-03-22
L0242,2025-03-23
L0242,2025-03-24
L0242,2025-03-25
L0242,2025-03-26
L0242,2025-03-27
L0242,2025-03-28
L0242,2025-03-29
L0242,2025-03-30
L0242,2025-03-31
L0242,2025-04-01
L0242,2025-04-02
L0242,2025-04-03
L0242,2025-04-04
L0242,2025-04-05
L0242,2025-04-06
L0242,2025-04-07
L0242,2025-04-08
L0242,2025-04-09
L0242,2025-04-10
L0242,2025-04-11
L0242,2025-04-12
L0242,2025-04-13
L0242,2025-04-14
L0242,2025-04-15
L0242,2025-04-16
L0242,2025-04-17
L0242,2025-04-18
L0242,2025-04-19
L0242,2025-04-20
L0242,2025-04-21
L0242,2025-04-22
L0242,2025-04-23
L0242,2025-04-24
L0242,2025-04-25
L0242,2025-04-26
L0242,2025-04-27
L0242,2025-04-28
L0242,2025-04-29
L0242,2025-04-30
L0242,2025-05-01
L0242,2025-05-02
L0242,2025-05-03
L0242,2025-05-04
L0242,2025-05-05
L0242,2025-05-06
L0242,2025-05-07
L0242,2025-05-08
L0242,2025-05-09
L0242,2025-05-10
L0242,2025-05-11
L0242,2025-05-12
L0242,2025-05-13
L0242,2025-05-14
L0242,2025-05-15
L0242,2025-05-16
L0242,2025-05-17
L0242,2025-05-18
L0242,2025-05-19
L0242,2025-05-20
L0242,2025-05-21
L0242,2025-05-22
L0242,2025-05-23
L0242,2025-05-24
L0242,2025-05-25
L0242,2025-05-26
L0242,2025-05-27
L0242,2025-05-28
L0242,2025-05-29
L0242,2025-05-30
L0242,2025-05-31
L0242,2025-06-01
L0242,2025-06-02
L0242,2025-06-03
L0242,2025-06-04
L0242,2025-06-05
L0242,2025-06-06
L0242,2025-06-07
L0242,2025-06-08
L0242,2025-06-09
L0242,2025-06-10
L0242,2025-06-11
L0242,2025-06-12
L0242,2025-06-13
L0242,2025-06-14
L0242,2025-06-15
L0242,2025-06-16
L0242,2025-06-17
L0242,2025-06-18
L0242,2025-06-19
L0242,2025-06-20
L0242,2025-06-21
L0242,2025-06-22
L0242,2025-06-23
L0242,2025-06-24
L0242,2025-06-25
L0242,2025-06-26
L0242,2025-06-27
L0242,2025-06-28
L0242,2025-06-29
L0243,2025-01-01
L0243,2025-01-02
L0243,2025-01-03
L0243,2025-01-04
L0243,2025-01-05
L0243,2025-01-06
L0243,2025-01-07
L0243,2025-01-08
L0243,2025-01-09
L0243,2025-01-10
L0243,2025-01-11
L0243,2025-01-12
L0243,2025-01-13
L0243,2025-01-14
L0243,2025-01-15
L0243,2025-01-16
L0243,2025-01-17
L0243,2025-01-18
L0243,2025-01-19
L0243,2025-01-20
L0243,2025-01-21
L0243,2025-01-22
L0243,2025-01-23
L0243,2025-01-24
L0243,2025-01-25
L0243,2025-01-26
L0243,2025-01-27
L0243,2025-01-28
L0243,2025-01-29
L0243,2025-01-30
L0243,2025-01-31
L0243,2025-02-01
L0243,2025-02-02
L0243,2025-02-03
L0243,2025-02-04
L0243,2025-02-05
L0243,2025-02-06
L0243,2025-02-07
L0243,2025-02-08
L0243,2025-02-09
L0243,2025-02-10
L0243,2025-02-11
L0243,2025-02-12
L0243,2025-02-13
L0243,2025-02-14
L0243,2025-02-15
L0243,2025-02-16
L0243,2025-02-17
L0243,2025-02-18
L0243,2025-02-19
L0243,2025-02-20
L0243,2025-02-21
L0243,2025-02-22
L0243,2025-02-23
L0243,2025-02-24
L0243,2025-02-25
L0243,2025-02-26
L0243,2025-02-27
L0243,2025-02-28
L0243,2025-03-01
L0243,2025-03-02
L0243,2025-03-03
L0243,2025-03-04
L0243,2025-03-05
L0243,2025-03-06
L0243,2025-03-07
L0243,2025-03-08
L0243,2025-03-09
L0243,2025-03-10
L0243,2025-03-11
L0243,2025-03-12
L0243,2025-03-13
L0243,2025-03-14
L0243,2025-03-15
L0243,2025-03-16
L0243,2025-03-17
L0243,2025-03-18
L0243,2025-03-19
L0243,2025-03-20
L0243,2025-03-21
L0243,2025-03-22
L0243,2025-03-23
L0243,2025-03-24
L0243,2025-03-25
L0243,2025-03-26
L0243,2025-03-27
L0243,2025-03-28
L0243,2025-03-29
L0243,2025-03-30
L0243,2025-03-31
L0243,2025-04-01
L0243,2025-04-02
L0243,2025-04-03
L0243,2025-04-04
L0243,2025-04-05
L0243,2025-04-06
L0243,2025-04-07
L0243,2025-04-08
L0243,2025-04-09
L0243,2025-04-10
L0243,2025-04-11
L0243,2025-04-12
L0243,2025-04-13
L0243,2025-04-14
L0243,2025-04-15
L0243,2025-04-16
L0243,2025-04-17
L0243,2025-04-18
L0243,2025-04-19
L0243,2025-04-20
L0243,2025-04-21
L0243,2025-04-22
L0243,2025-04-23
L0243,2025-04-24
L0243,2025-04-25
L0243,2025-04-26
L0243,2025-04-27
L0243,2025-04-28
L0243,2025-04-29
L0243,2025-04-30
L0243,2025-05-01
L0243,2025-05-02
L0243,2025-05-03
L0243,2025-05-04
L0243,2025-05-05
L0243,2025-05-06
L0243,2025-05-07
L0243,2025-05-08
L0243,2025-05-09
L0243,2025-05-10
L0243,2025-05-11
L0243,2025-05-12
L0243,2025-05-13
L0243,2025-05-14
L0243,2025-05-15
L0243,2025-05-16
L0243,2025-05-17
L0243,2025-05-18
L0243,2025-05-19
L0243,2025-05-20
L0243,2025-05-21
L0243,2025-05-22
L0243,2025-05-23
L0243,2025-05-24
L0243,2025-05-25
L0243,2025-05-26
L0243,2025-05-27
L0243,2025-05-28
L0243,2025-05-29
L0243,2025-05-30
L0243,2025-05-31
L0243,2025-06-01
L0243,2025-06-02
L0243,2025-06-03
L0243,2025-06-04
L0243,2025-06-05
L0243,2025-06-06
L0243,2025-06-07
L0243,2025-06-08
L0243,2025-06-09
L0243,2025-06-10
L0243,2025-06-11
L0243,2025-06-12
L0243,2025-06-13
L0243,2025-06-14
L0243,2025-06-15
L0243,2025-06-16
L0243,2025-06-17
L0243,2025-06-18
L0243,2025-06-19
L0243,2025-06-20
L0243,2025-06-21
L0243,2025-06-22
L0243,2025-06-23
L0243,2025-06-24
L0243,2025-06-25
L0243,2025-06-26
L0243,2025-06-27
L0243,2025-06-28
L0243,2025-06-29
L0244,2025-01-01
L0244,2025-01-02
L0244,2025-01-03
L0244,2025-01-04
L0244,2025-01-05
L0244,2025-01-06
L0244,2025-01-07
L0244,2025-01-08
L0244,2025-01-09
L0244,2025-01-10
L0244,2025-01-11
L0244,2025-01-12
L0244,2025-01-13
L0244,2025-01-14
L0244,2025-01-15
L0244,2025-01-16
L0244,2025-01-17
L0244,2025-01-18
L0244,2025-01-19
L0244,2025-01-20
L0244,2025-01-21
L0244,2025-01-22
L0244,2025-01-23
L0244,2025-01-24
L0244,2025-01-25
L0244,2025-01-26
L0244,2025-01-27
L0244,2025-01-28
L0244,2025-01-29
L0244,2025-01-30
L0244,2025-01-31
L0244,2025-02-01
L0244,2025-02-02
L0244,2025-02-03
L0244,2025-02-04
L0244,2025-02-05
L0244,2025-02-06
L0244,2025-02-07
L0244,2025-02-08
L0244,2025-02-09
L0244,2025-02-10
L0244,2025-02-11
L0244,2025-02-12
L0244,2025-02-13
L0244,2025-02-14
L0244,2025-02-15
L0244,2025-02-16
L0244,2025-02-17
L0244,2025-02-18
L0244,2025-02-19
L0244,2025-02-20
L0244,2025-02-21
L0244,2025-02-22
L0244,2025-02-23
L0244,2025-02-24
L0244,2025-02-25
L0244,2025-02-26
L0244,2025-02-27
L0244,2025-02-28
L0244,2025-03-01
L0244,2025-03-02
L0244,2025-03-03
L0244,2025-03-04
L0244,2025-03-05
L0244,2025-03-06
L0244,2025-03-07
L0244,2025-03-08
L0244,2025-03-09
L0244,2025-03-10
L0244,2025-03-11
L0244,2025-03-12
L0244,2025-03-13
L0244,2025-03-14
L0244,2025-03-15
L0244,2025-03-16
L0244,2025-03-17
L0244,2025-03-18
L0244,2025-03-19
L0244,2025-03-20
L0244,2025-03-21
L0244,2025-03-22
L0244,2025-03-23
L0244,2025-03-24
L0244,2025-03-25
L0244,2025-03-26
L0244,2025-03-27
L0244,2025-03-28
L0244,2025-03-29
L0244,2025-03-30
L0244,2025-03-31
L0244,2025-04-01
L0244,2025-04-02
L0244,2025-04-03
L0244,2025-04-04
L0244,2025-04-05
L0244,2025-04-06
L0244,2025-04-07
L0244,2025-04-08
L0244,2025-04-09
L0244,2025-04-10
L0244,2025-04-11
L0244,2025-04-12
L0244,2025-04-13
L0244,2025-04-14
L0244,2025-04-15
L0244,2025-04-16
L0244,2025-04-17
L0244,2025-04-18
L0244,2025-04-19
L0244,2025-04-20
L0244,2025-04-21
L0244,2025-04-22
L0244,2025-04-23
L0244,2025-04-24
L0244,2025-04-25
L0244,2025-04-26
L0244,2025-04-27
L0244,2025-04-28
L0244,2025-04-29
L0244,2025-04-30
L0244,2025-05-01
L0244,2025-05-02
L0244,2025-05-03
L0244,2025-05-04
L0244,2025-05-05
L0244,2025-05-06
L0244,2025-05-07
L0244,2025-05-08
L0244,2025-05-09
L0244,2025-05-10
L0244,2025-05-11
L0244,2025-05-12
L0244,2025-05-13
L0244,2025-05-14
L0244,2025-05-15
L0244,2025-05-16
L0244,2025-05-17
L0244,2025-05-18
L0244,2025-05-19
L0244,2025-05-20
L0244,2025-05-21
L0244,2025-05-22
L0244,2025-05-23
L0244,2025-05-24
L0244,2025-05-25
L0244,2025-05-26
L0244,2025-05-27
L0244,2025-05-28
L0244,2025-05-29
L0244,2025-05-30
L0244,2025-05-31
L0244,2025-06-01
L0244,2025-06-02
L0244,2025-06-03
L0244,2025-06-04
L0244,2025-06-05
L0244,2025-06-06
L0244,2025-06-07
L0244,2025-06-08
L0244,2025-06-09
L0244,2025-06-10
L0244,2025-06-11
L0244,2025-06-12
L0244,2025-06-13
L0244,2025-06-14
L0244,2025-06-15
L0244,2025-06-16
L0244,2025-06-17
L0244,2025-06-18
L0244,2025-06-19
L0244,2025-06-20
L0244,2025-06-21
L0244,2025-06-22
L0244,2025-06-23
L0244,2025-06-24
L0244,2025-06-25
L0244,2025-06-26
L0244,2025-06-27
L0244,2025-06-28
L0244,2025-06-29
L0245,2025-01-01
L0245,2025-01-02
L0245,2025-01-03
L0245,2025-01-04
L0245,2025-01-05
L0245,2025-01-06
L0245,2025-01-07
L0245,2025-01-08
L0245,2025-01-09
L0245,2025-01-10
L0245,2025-01-11
L0245,2025-01-12
L0245,2025-01-13
L0245,2025-01-14
L0245,2025-01-15
L0245,2025-01-16
L0245,2025-01-17
L0245,2025-01-18
L0245,2025-01-19
L0245,2025-01-20
L0245,2025-01-21
L0245,2025-01-22
L0245,2025-01-23
L0245,2025-01-24
L0245,2025-01-25
L0245,2025-01-26
L0245,2025-01-27
L0245,2025-01-28
L0245,2025-01-29
L0245,2025-01-30
L0245,2025-01-31
L0245,2025-02-01
L0245,2025-02-02
L0245,2025-02-03
L0245,2025-02-04
L0245,2025-02-05
L0245,2025-02-06
L0245,2025-02-07
L0245,2025-02-08
L0245,2025-02-09
L0245,2025-02-10
L0245,2025-02-11
L0245,2025-02-12
L0245,2025-02-13
L0245,2025-02-14
L0245,2025-02-15
L0245,2025-02-16
L0245,2025-02-17
L0245,2025-02-18
L0245,2025-02-19
L0245,2025-02-20
L0245,2025-02-21
L0245,2025-02-22
L0245,2025-02-23
L0245,2025-02-24
L0245,2025-02-25
L0245,2025-02-26
L0245,2025-02-27
L0245,2025-02-28
L0245,2025-03-01
L0245,2025-03-02
L0245,2025-03-03
L0245,2025-03-04
L0245,2025-03-05
L0245,2025-03-06
L0245,2025-03-07
L0245,2025-03-08
L0245,2025-03-09
L0245,2025-03-10
L0245,2025-03-11
L0245,2025-03-12
L0245,2025-03-13
L0245,2025-03-14
L0245,2025-03-15
L0245,2025-03-16
L0245,2025-03-17
L0245,2025-03-18
L0245,2025-03-19
L0245,2025-03-20
L0245,2025-03-21
L0245,2025-03-22
L0245,2025-03-23
L0245,2025-03-24
L0245,2025-03-25
L0245,2025-03-26
L0245,2025-03-27
L0245,2025-03-28
L0245,2025-03-29
L0245,2025-03-30
L0245,2025-03-31
L0245,2025-04-01
L0245,2025-04-02
L0245,2025-04-03
L0245,2025-04-04
L0245,2025-04-05
L0245,2025-04-06
L0245,2025-04-07
L0245,2025-04-08
L0245,2025-04-09
L0245,2025-04-10
L0245,2025-04-11
L0245,2025-04-12
L0245,2025-04-13
L0245,2025-04-14
L0245,2025-04-15
L0245,2025-04-16
L0245,2025-04-17
L0245,2025-04-18
L0245,2025-04-19
L0245,2025-04-20
L0245,2025-04-21
L0245,2025-04-22
L0245,2025-04-23
L0245,2025-04-24
L0245,2025-04-25
L0245,2025-04-26
L0245,2025-04-27
L0245,2025-04-28
L0245,2025-04-29
L0245,2025-04-30
L0245,2025-05-01
L0245,2025-05-02
L0245,2025-05-03
L0245,2025-05-04
L0245,2025-05-05
L0245,2025-05-06
L0245,2025-05-07
L0245,2025-05-08
L0245,2025-05-09
L0245,2025-05-10
L0245,2025-05-11
L0245,2025-05-12
L0245,2025-05-13
L0245,2025-05-14
L0245,2025-05-15
L0245,2025-05-16
L0245,2025-05-17
L0245,2025-05-18
L0245,2025-05-19
L0245,2025-05-20
L0245,2025-05-21
L0245,2025-05-22
L0245,2025-05-23
L0245,2025-05-24
L0245,2025-05-25
L0245,2025-05-26
L0245,2025-05-27
L0245,2025-05-28
L0245,2025-05-29
L0245,2025-05-30
L0245,2025-05-31
L0245,2025-06-01
L0245,2025-06-02
L0245,2025-06-03
L0245,2025-06-04
L0245,2025-06-05
L0245,2025-06-06
L0245,2025-06-07
L0245,2025-06-08
L0245,2025-06-09
L0245,2025-06-10
L0245,2025-06-11
L0245,2025-06-12
L0245,2025-06-13
L0245,2025-06-14
L0245,2025-06-15
L0245,2025-06-16
L0245,2025-06-17
L0245,2025-06-18
L0245,2025-06-19
L0245,2025-06-20
L0245,2025-06-21
L0245,2025-06-22
L0245,2025-06-23
L0245,2025-06-24
L0245,2025-06-25
L0245,2025-06-26
L0245,2025-06-27
L0245,2025-06-28
L0245,2025-06-29
L0246,2025-01-01
L0246,2025-01-02
L0246,2025-01-03
L0246,2025-01-04
L0246,2025-01-05
L0246,2025-01-06
L0246,2025-01-07
L0246,2025-01-08
L0246,2025-01-09
L0246,2025-01-10
L0246,2025-01-11
L0246,2025-01-12
L0246,2025-01-13
L0246,2025-01-14
L0246,2025-01-15
L0246,2025-01-16
L0246,2025-01-17
L0246,2025-01-18
L0246,2025-01-19
L0246,2025-01-20
L0246,2025-01-21
L0246,2025-01-22
L0246,2025-01-23
L0246,2025-01-24
L0246,2025-01-25
L0246,2025-01-26
L0246,2025-01-27
L0246,2025-01-28
L0246,2025-01-29
L0246,2025-01-30
L0246,2025-01-31
L0246,2025-02-01
L0246,2025-02-02
L0246,2025-02-03
L0246,2025-02-04
L0246,2025-02-05
L0246,2025-02-06
L0246,2025-02-07
L0246,2025-02-08
L0246,2025-02-09
L0246,2025-02-10
L0246,2025-02-11
L0246,2025-02-12
L0246,2025-02-13
L0246,2025-02-14
L0246,2025-02-15
L0246,2025-02-16
L0246,2025-02-17
L0246,2025-02-18
L0246,2025-02-19
L0246,2025-02-20
L0246,2025-02-21
L0246,2025-02-22
L0246,2025-02-23
L0246,2025-02-24
L0246,2025-02-25
L0246,2025-02-26
L0246,2025-02-27
L0246,2025-02-28
L0246,2025-03-01
L0246,2025-03-02
L0246,2025-03-03
L0246,2025-03-04
L0246,2025-03-05
L0246,2025-03-06
L0246,2025-03-07
L0246,2025-03-08
L0246,2025-03-09
L0246,2025-03-10
L0246,2025-03-11
L0246,2025-03-12
L0246,2025-03-13
L0246,2025-03-14
L0246,2025-03-15
L0246,2025-03-16
L0246,2025-03-17
L0246,2025-03-18
L0246,2025-03-19
L0246,2025-03-20
L0246,2025-03-21
L0246,2025-03-22
L0246,2025-03-23
L0246,2025-03-24
L0246,2025-03-25
L0246,2025-03-26
L0246,2025-03-27
L0246,2025-03-28
L0246,2025-03-29
L0246,2025-03-30
L0246,2025-03-31
L0246,2025-04-01
L0246,2025-04-02
L0246,2025-04-03
L0246,2025-04-04
L0246,2025-04-05
L0246,2025-04-06
L0246,2025-04-07
L0246,2025-04-08
L0246,2025-04-09
L0246,2025-04-10
L0246,2025-04-11
L0246,2025-04-12
L0246,2025-04-13
L0246,2025-04-14
L0246,2025-04-15
L0246,2025-04-16
L0246,2025-04-17
L0246,2025-04-18
L0246,2025-04-19
L0246,2025-04-20
L0246,2025-04-21
L0246,2025-04-22
L0246,2025-04-23
L0246,2025-04-24
L0246,2025-04-25
L0246,2025-04-26
L0246,2025-04-27
L0246,2025-04-28
L0246,2025-04-29
L0246,2025-04-30
L0246,2025-05-01
L0246,2025-05-02
L0246,2025-05-03
L0246,2025-05-04
L0246,2025-05-05
L0246,2025-05-06
L0246,2025-05-07
L0246,2025-05-08
L0246,2025-05-09
L0246,2025-05-10
L0246,2025-05-11
L0246,2025-05-12
L0246,2025-05-13
L0246,2025-05-14
L0246,2025-05-15
L0246,2025-05-16
L0246,2025-05-17
L0246,2025-05-18
L0246,2025-05-19
L0246,2025-05-20
L0246,2025-05-21
L0246,2025-05-22
L0246,2025-05-23
L0246,2025-05-24
L0246,2025-05-25
L0246,2025-05-26
L0246,2025-05-27
L0246,2025-05-28
L0246,2025-05-29
L0246,2025-05-30
L0246,2025-05-31
L0246,2025-06-01
L0246,2025-06-02
L0246,2025-06-03
L0246,2025-06-04
L0246,2025-06-05
L0246,2025-06-06
L0246,2025-06-07
L0246,2025-06-08
L0246,2025-06-09
L0246,2025-06-10
L0246,2025-06-11
L0246,2025-06-12
L0246,2025-06-13
L0246,2025-06-14
L0246,2025-06-15
L0246,2025-06-16
L0246,2025-06-17
L0246,2025-06-18
L0246,2025-06-19
L0246,2025-06-20
L0246,2025-06-21
L0246,2025-06-22
L0246,2025-06-23
L0246,2025-06-24
L0246,2025-06-25
L0246,2025-06-26
L0246,2025-06-27
L0246,2025-06-28
L0246,2025-06-29
L0247,2025-01-01
L0247,2025-01-02
L0247,2025-01-03
L0247,2025-01-04
L0247,2025-01-05
L0247,2025-01-06
L0247,2025-01-07
L0247,2025-01-08
L0247,2025-01-09
L0247,2025-01-10
L0247,2025-01-11
L0247,2025-01-12
L0247,2025-01-13
L0247,2025-01-14
L0247,2025-01-15
L0247,2025-01-16
L0247,2025-01-17
L0247,2025-01-18
L0247,2025-01-19
L0247,2025-01-20
L0247,2025-01-21
L0247,2025-01-22
L0247,2025-01-23
L0247,2025-01-24
L0247,2025-01-25
L0247,2025-01-26
L0247,2025-01-27
L0247,2025-01-28
L0247,2025-01-29
L0247,2025-01-30
L0247,2025-01-31
L0247,2025-02-01
L0247,2025-02-02
L0247,2025-02-03
L0247,2025-02-04
L0247,2025-02-05
L0247,2025-02-06
L0247,2025-02-07
L0247,2025-02-08
L0247,2025-02-09
L0247,2025-02-10
L0247,2025-02-11
L0247,2025-02-12
L0247,2025-02-13
L0247,2025-02-14
L0247,2025-02-15
L0247,2025-02-16
L0247,2025-02-17
L0247,2025-02-18
L0247,2025-02-19
L0247,2025-02-20
L0247,2025-02-21
L0247,2025-02-22
L0247,2025-02-23
L0247,2025-02-24
L0247,2025-02-25
L0247,2025-02-26
L0247,2025-02-27
L0247,2025-02-28
L0247,2025-03-01
L0247,2025-03-02
L0247,2025-03-03
L0247,2025-03-04
L0247,2025-03-05
L0247,2025-03-06
L0247,2025-03-07
L0247,2025-03-08
L0247,2025-03-09
L0247,2025-03-10
L0247,2025-03-11
L0247,2025-03-12
L0247,2025-03-13
L0247,2025-03-14
L0247,2025-03-15
L0247,2025-03-16
L0247,2025-03-17
L0247,2025-03-18
L0247,2025-03-19
L0247,2025-03-20
L0247,2025-03-21
L0247,2025-03-22
L0247,2025-03-23
L0247,2025-03-24
L0247,2025-03-25
L0247,2025-03-26
L0247,2025-03-27
L0247,2025-03-28
L0247,2025-03-29
L0247,2025-03-30
L0247,2025-03-31
L0247,2025-04-01
L0247,2025-04-02
L0247,2025-04-03
L0247,2025-04-04
L0247,2025-04-05
L0247,2025-04-06
L0247,2025-04-07
L0247,2025-04-08
L0247,2025-04-09
L0247,2025-04-10
L0247,2025-04-11
L0247,2025-04-12
L0247,2025-04-13
L0247,2025-04-14
L0247,2025-04-15
L0247,2025-04-16
L0247,2025-04-17
L0247,2025-04-18
L0247,2025-04-19
L0247,2025-04-20
L0247,2025-04-21
L0247,2025-04-22
L0247,2025-04-23
L0247,2025-04-24
L0247,2025-04-25
L0247,2025-04-26
L0247,2025-04-27
L0247,2025-04-28
L0247,2025-04-29
L0247,2025-04-30
L0247,2025-05-01
L0247,2025-05-02
L0247,2025-05-03
L0247,2025-05-04
L0247,2025-05-05
L0247,2025-05-06
L0247,2025-05-07
L0247,2025-05-08
L0247,2025-05-09
L0247,2025-05-10
L0247,2025-05-11
L0247,2025-05-12
L0247,2025-05-13
L0247,2025-05-14
L0247,2025-05-15
L0247,2025-05-16
L0247,2025-05-17
L0247,2025-05-18
L0247,2025-05-19
L0247,2025-05-20
L0247,2025-05-21
L0247,2025-05-22
L0247,2025-05-23
L0247,2025-05-24
L0247,2025-05-25
L0247,2025-05-26
L0247,2025-05-27
L0247,2025-05-28
L0247,2025-05-29
L0247,2025-05-30
L0247,2025-05-31
L0247,2025-06-01
L0247,2025-06-02
L0247,2025-06-03
L0247,2025-06-04
L0247,2025-06-05
L0247,2025-06-06
L0247,2025-06-07
L0247,2025-06-08
L0247,2025-06-09
L0247,2025-06-10
L0247,2025-06-11
L0247,2025-06-12
L0247,2025-06-13
L0247,2025-06-14
L0247,2025-06-15
L0247,2025-06-16
L0247,2025-06-17
L0247,2025-06-18
L0247,2025-06-19
L0247,2025-06-20
L0247,2025-06-21
L0247,2025-06-22
L0247,2025-06-23
L0247,2025-06-24
L0247,2025-06-25
L0247,2025-06-26
L0247,2025-06-27
L0247,2025-06-28
L0247,2025-06-29
L0248,2025-01-01
L0248,2025-01-02
L0248,2025-01-03
L0248,2025-01-04
L0248,2025-01-05
L0248,2025-01-06
L0248,2025-01-07
L0248,2025-01-08
L0248,2025-01-09
L0248,2025-01-10
L0248,2025-01-11
L0248,2025-01-12
L0248,2025-01-13
L0248,2025-01-14
L0248,2025-01-15
L0248,2025-01-16
L0248,2025-01-17
L0248,2025-01-18
L0248,2025-01-19
L0248,2025-01-20
L0248,2025-01-21
L0248,2025-01-22
L0248,2025-01-23
L0248,2025-01-24
L0248,2025-01-25
L0248,2025-01-26
L0248,2025-01-27
L0248,2025-01-28
L0248,2025-01-29
L0248,2025-01-30
L0248,2025-01-31
L0248,2025-02-01
L0248,2025-02-02
L0248,2025-02-03
L0248,2025-02-04
L0248,2025-02-05
L0248,2025-02-06
L0248,2025-02-07
L0248,2025-02-08
L0248,2025-02-09
L0248,2025-02-10
L0248,2025-02-11
L0248,2025-02-12
L0248,2025-02-13
L0248,2025-02-14
L0248,2025-02-15
L0248,2025-02-16
L0248,2025-02-17
L0248,2025-02-18
L0248,2025-02-19
L0248,2025-02-20
L0248,2025-02-21
L0248,2025-02-22
L0248,2025-02-23
L0248,2025-02-24
L0248,2025-02-25
L0248,2025-02-26
L0248,2025-02-27
L0248,2025-02-28
L0248,2025-03-01
L0248,2025-03-02
L0248,2025-03-03
L0248,2025-03-04
L0248,2025-03-05
L0248,2025-03-06
L0248,2025-03-07
L0248,2025-03-08
L0248,2025-03-09
L0248,2025-03-10
L0248,2025-03-11
L0248,2025-03-12
L0248,2025-03-13
L0248,2025-03-14
L0248,2025-03-15
L0248,2025-03-16
L0248,2025-03-17
L0248,2025-03-18
L0248,2025-03-19
L0248,2025-03-20
L0248,2025-03-21
L0248,2025-03-22
L0248,2025-03-23
L0248,2025-03-24
L0248,2025-03-25
L0248,2025-03-26
L0248,2025-03-27
L0248,2025-03-28
L0248,2025-03-29
L0248,2025-03-30
L0248,2025-03-31
L0248,2025-04-01
L0248,2025-04-02
L0248,2025-04-03
L0248,2025-04-04
L0248,2025-04-05
L0248,2025-04-06
L0248,2025-04-07
L0248,2025-04-08
L0248,2025-04-09
L0248,2025-04-10
L0248,2025-04-11
L0248,2025-04-12
L0248,2025-04-13
L0248,2025-04-14
L0248,2025-04-15
L0248,2025-04-16
L0248,2025-04-17
L0248,2025-04-18
L0248,2025-04-19
L0248,2025-04-20
L0248,2025-04-21
L0248,2025-04-22
L0248,2025-04-23
L0248,2025-04-24
L0248,2025-04-25
L0248,2025-04-26
L0248,2025-04-27
L0248,2025-04-28
L0248,2025-04-29
L0248,2025-04-30
L0248,2025-05-01
L0248,2025-05-02
L0248,2025-05-03
L0248,2025-05-04
L0248,2025-05-05
L0248,2025-05-06
L0248,2025-05-07
L0248,2025-05-08
L0248,2025-05-09
L0248,2025-05-10
L0248,2025-05-11
L0248,2025-05-12
L0248,2025-05-13
L0248,2025-05-14
L0248,2025-05-15
L0248,2025-05-16
L0248,2025-05-17
L0248,2025-05-18
L0248,2025-05-19
L0248,2025-05-20
L0248,2025-05-21
L0248,2025-05-22
L0248,2025-05-23
L0248,2025-05-24
L0248,2025-05-25
L0248,2025-05-26
L0248,2025-05-27
L0248,2025-05-28
L0248,2025-05-29
L0248,2025-05-30
L0248,2025-05-31
L0248,2025-06-01
L0248,2025-06-02
L0248,2025-06-03
L0248,2025-06-04
L0248,2025-06-05
L0248,2025-06-06
L0248,2025-06-07
L0248,2025-06-08
L0248,2025-06-09
L0248,2025-06-10
L0248,2025-06-11
L0248,2025-06-12
L0248,2025-06-13
L0248,2025-06-14
L0248,2025-06-15
L0248,2025-06-16
L0248,2025-06-17
L0248,2025-06-18
L0248,2025-06-19
L0248,2025-06-20
L0248,2025-06-21
L0248,2025-06-22
L0248,2025-06-23
L0248,2025-06-24
L0248,2025-06-25
L0248,2025-06-26
L0248,2025-06-27
L0248,2025-06-28
L0248,2025-06-29
L0249,2025-01-01
L0249,2025-01-02
L0249,2025-01-03
L0249,2025-01-04
L0249,2025-01-05
L0249,2025-01-06
L0249,2025-01-07
L0249,2025-01-08
L0249,2025-01-09
L0249,2025-01-10
L0249,2025-01-11
L0249,2025-01-12
L0249,2025-01-13
L0249,2025-01-14
L0249,2025-01-15
L0249,2025-01-16
L0249,2025-01-17
L0249,2025-01-18
L0249,2025-01-19
L0249,2025-01-20
L0249,2025-01-21
L0249,2025-01-22
L0249,2025-01-23
L0249,2025-01-24
L0249,2025-01-25
L0249,2025-01-26
L0249,2025-01-27
L0249,2025-01-28
L0249,2025-01-29
L0249,2025-01-30
L0249,2025-01-31
L0249,2025-02-01
L0249,2025-02-02
L0249,2025-02-03
L0249,2025-02-04
L0249,2025-02-05
L0249,2025-02-06
L0249,2025-02-07
L0249,2025-02-08
L0249,2025-02-09
L0249,2025-02-10
L0249,2025-02-11
L0249,2025-02-12
L0249,2025-02-13
L0249,2025-02-14
L0249,2025-02-15
L0249,2025-02-16
L0249,2025-02-17
L0249,2025-02-18
L0249,2025-02-19
L0249,2025-02-20
L0249,2025-02-21
L0249,2025-02-22
L0249,2025-02-23
L0249,2025-02-24
L0249,2025-02-25
L0249,2025-02-26
L0249,2025-02-27
L0249,2025-02-28
L0249,2025-03-01
L0249,2025-03-02
L0249,2025-03-03
L0249,2025-03-04
L0249,2025-03-05
L0249,2025-03-06
L0249,2025-03-07
L0249,2025-03-08
L0249,2025-03-09
L0249,2025-03-10
L0249,2025-03-11
L0249,2025-03-12
L0249,2025-03-13
L0249,2025-03-14
L0249,2025-03-15
L0249,2025-03-16
L0249,2025-03-17
L0249,2025-03-18
L0249,2025-03-19
L0249,2025-03-20
L0249,2025-03-21
L0249,2025-03-22
L0249,2025-03-23
L0249,2025-03-24
L0249,2025-03-25
L0249,2025-03-26
L0249,2025-03-27
L0249,2025-03-28
L0249,2025-03-29
L0249,2025-03-30
L0249,2025-03-31
L0249,2025-04-01
L0249,2025-04-02
L0249,2025-04-03
L0249,2025-04-04
L0249,2025-04-05
L0249,2025-04-06
L0249,2025-04-07
L0249,2025-04-08
L0249,2025-04-09
L0249,2025-04-10
L0249,2025-04-11
L0249,2025-04-12
L0249,2025-04-13
L0249,2025-04-14
L0249,2025-04-15
L0249,2025-04-16
L0249,2025-04-17
L0249,2025-04-18
L0249,2025-04-19
L0249,2025-04-20
L0249,2025-04-21
L0249,2025-04-22
L0249,2025-04-23
L0249,2025-04-24
L0249,2025-04-25
L0249,2025-04-26
L0249,2025-04-27
L0249,2025-04-28
L0249,2025-04-29
L0249,2025-04-30
L0249,2025-05-01
L0249,2025-05-02
L0249,2025-05-03
L0249,2025-05-04
L0249,2025-05-05
L0249,2025-05-06
L0249,2025-05-07
L0249,2025-05-08
L0249,2025-05-09
L0249,2025-05-10
L0249,2025-05-11
L0249,2025-05-12
L0249,2025-05-13
L0249,2025-05-14
L0249,2025-05-15
L0249,2025-05-16
L0249,2025-05-17
L0249,2025-05-18
L0249,2025-05-19
L0249,2025-05-20
L0249,2025-05-21
L0249,2025-05-22
L0249,2025-05-23
L0249,2025-05-24
L0249,2025-05-25
L0249,2025-05-26
L0249,2025-05-27
L0249,2025-05-28
L0249,2025-05-29
L0249,2025-05-30
L0249,2025-05-31
L0249,2025-06-01
L0249,2025-06-02
L0249,2025-06-03
L0249,2025-06-04
L0249,2025-06-05
L0249,2025-06-06
L0249,2025-06-07
L0249,2025-06-08
L0249,2025-06-09
L0249,2025-06-10
L0249,2025-06-11
L0249,2025-06-12
L0249,2025-06-13
L0249,2025-06-14
L0249,2025-06-15
L0249,2025-06-16
L0249,2025-06-17
L0249,2025-06-18
L0249,2025-06-19
L0249,2025-06-20
L0249,2025-06-21
L0249,2025-06-22
L0249,2025-06-23
L0249,2025-06-24
L0249,2025-06-25
L0249,2025-06-26
L0249,2025-06-27
L0249,2025-06-28
L0249,2025-06-29
L0250,2025-01-01
L0250,2025-01-02
L0250,2025-01-03
L0250,2025-01-04
L0250,2025-01-05
L0250,2025-01-06
L0250,2025-01-07
L0250,2025-01-08
L0250,2025-01-09
L0250,2025-01-10
L0250,2025-01-11
L0250,2025-01-12
L0250,2025-01-13
L0250,2025-01-14
L0250,2025-01-15
L0250,2025-01-16
L0250,2025-01-17
L0250,2025-01-18
L0250,2025-01-19
L0250,2025-01-20
L0250,2025-01-21
L0250,2025-01-22
L0250,2025-01-23
L0250,2025-01-24
L0250,2025-01-25
L0250,2025-01-26
L0250,2025-01-27
L0250,2025-01-28
L0250,2025-01-29
L0250,2025-01-30
L0250,2025-01-31
L0250,2025-02-01
L0250,2025-02-02
L0250,2025-02-03
L0250,2025-02-04
L0250,2025-02-05
L0250,2025-02-06
L0250,2025-02-07
L0250,2025-02-08
L0250,2025-02-09
L0250,2025-02-10
L0250,2025-02-11
L0250,2025-02-12
L0250,2025-02-13
L0250,2025-02-14
L0250,2025-02-15
L0250,2025-02-16
L0250,2025-02-17
L0250,2025-02-18
L0250,2025-02-19
L0250,2025-02-20
L0250,2025-02-21
L0250,2025-02-22
L0250,2025-02-23
L0250,2025-02-24
L0250,2025-02-25
L0250,2025-02-26
L0250,2025-02-27
L0250,2025-02-28
L0250,2025-03-01
L0250,2025-03-02
L0250,2025-03-03
L0250,2025-03-04
L0250,2025-03-05
L0250,2025-03-06
L0250,2025-03-07
L0250,2025-03-08
L0250,2025-03-09
L0250,2025-03-10
L0250,2025-03-11
L0250,2025-03-12
L0250,2025-03-13
L0250,2025-03-14
L0250,2025-03-15
L0250,2025-03-16
L0250,2025-03-17
L0250,2025-03-18
L0250,2025-03-19
L0250,2025-03-20
L0250,2025-03-21
L0250,2025-03-22
L0250,2025-03-23
L0250,2025-03-24
L0250,2025-03-25
L0250,2025-03-26
L0250,2025-03-27
L0250,2025-03-28
L0250,2025-03-29
L0250,2025-03-30
L0250,2025-03-31
L0250,2025-04-01
L0250,2025-04-02
L0250,2025-04-03
L0250,2025-04-04
L0250,2025-04-05
L0250,2025-04-06
L0250,2025-04-07
L0250,2025-04-08
L0250,2025-04-09
L0250,2025-04-10
L0250,2025-04-11
L0250,2025-04-12
L0250,2025-04-13
L0250,2025-04-14
L0250,2025-04-15
L0250,2025-04-16
L0250,2025-04-17
L0250,2025-04-18
L0250,2025-04-19
L0250,2025-04-20
L0250,2025-04-21
L0250,2025-04-22
L0250,2025-04-23
L0250,2025-04-24
L0250,2025-04-25
L0250,2025-04-26
L0250,2025-04-27
L0250,2025-04-28
L0250,2025-04-29
L0250,2025-04-30
L0250,2025-05-01
L0250,2025-05-02
L0250,2025-05-03
L0250,2025-05-04
L0250,2025-05-05
L0250,2025-05-06
L0250,2025-05-07
L0250,2025-05-08
L0250,2025-05-09
L0250,2025-05-10
L0250,2025-05-11
L0250,2025-05-12
L0250,2025-05-13
L0250,2025-05-14
L0250,2025-05-15
L0250,2025-05-16
L0250,2025-05-17
L0250,2025-05-18
L0250,2025-05-19
L0250,2025-05-20
L0250,2025-05-21
L0250,2025-05-22
L0250,2025-05-23
L0250,2025-05-24
L0250,2025-05-25
L0250,2025-05-26
L0250,2025-05-27
L0250,2025-05-28
L0250,2025-05-29
L0250,2025-05-30
L0250,2025-05-31
L0250,2025-06-01
L0250,2025-06-02
L0250,2025-06-03
L0250,2025-06-04
L0250,2025-06-05
L0250,2025-06-06
L0250,2025-06-07
L0250,2025-06-08
L0250,2025-06-09
L0250,2025-06-10
L0250,2025-06-11
L0250,2025-06-12
L0250,2025-06-13
L0250,2025-06-14
L0250,2025-06-15
L0250,2025-06-16
L0250,2025-06-17
L0250,2025-06-18
L0250,2025-06-19
L0250,2025-06-20
L0250,2025-06-21
L0250,2025-06-22
L0250,2025-06-23
L0250,2025-06-24
L0250,2025-06-25
L0250,2025-06-26
L0250,2025-06-27
L0250,2025-06-28
L0250,2025-06-29
